id,name
931,jealousy
4290,toy
5202,boy
6054,friendship
9713,friends
9823,rivalry
165503,boy next door
170722,new toy
187065,toy comes to life
1495,fishing
12392,best friend
179431,duringcreditsstinger
208510,old men
818,based on novel
10131,interracial relationship
14768,single mother
15160,divorce
33455,chick flick
1009,baby
1599,midlife crisis
2246,confidence
4995,aging
5600,daughter
10707,mother daughter relationship
13149,pregnancy
33358,contraception
170521,gynecologist
642,robbery
703,detective
974,bank
1523,obsession
3713,chase
7281,shooting
9727,thief
9812,honor
9826,murder
9937,suspense
10051,heist
10085,betrayal
10594,money
10726,gang
15076,cat and mouse
18023,criminal mastermind
34117,cult film
156121,ex-con
159343,heist movie
159434,one last job
167104,loner
192261,bank job
207268,neo-noir
208009,gun fight
214983,crime epic
90,paris
380,brother brother relationship
2072,chauffeur
9398,long island
9492,fusion
33626,millionaire
949,terrorist
1562,hostage
1653,explosive
193533,vice president
701,cuba
769,falsely accused
1308,secret identity
2812,computer virus
3268,secret base
3272,secret intelligence service
3278,kgb
3376,satellite
3531,special car
3560,cossack
3561,electromagnetic pulse
3562,time bomb
3563,st. petersburg russia
3564,ejection seat
193008,red army
833,white house
840,usa president
1605,new love
33476,widower
211505,wildlife conservation
3633,dracula
11931,spoof
1994,wolf
6411,dog-sledding race
9880,alaska
15162,dog
15169,goose
158175,bear attack
158370,dog sled
158371,frozen lake
2946,presidential election
4240,watergate scandal
5565,biography
6086,government
6165,historical figure
911,exotic island
1454,treasure
1969,map
3799,ship
5470,scalp
12988,pirate
383,poker
726,drug abuse
1228,1970s
2635,overdose
33625,illegal prostitution
420,bowling
964,servant
2755,country life
7564,jane austen
10911,inheritance
11109,military officer
15060,period drama
156507,rainstorm
156510,horse and carriage
156512,decorum
409,africa
1551,indigenous
2526,human animal relationship
5155,bat
1552,subway
14512,new york city
155735,new york subway
156120,train robbery
395,gambling
416,miami
8438,job
9935,travel
10391,mafia
11061,debt
11578,mobster
12094,business
12396,hollywood
13142,gangster
14536,crime
14819,violence
14964,drug
33879,producer
159608,con
796,police brutality
2800,psychology
4668,police operation
5430,police protection
10714,serial killer
11268,psychologist
13001,cowardliness
271,competition
441,assassination
591,cia
977,cat
1666,mexican standoff
2350,seattle
2708,hitman
3045,mission of murder
3979,hidden camera
10084,rescue
10950,shootout
11148,police chase
12355,sniper rifle
18107,silencer
33456,double cross
167861,caribbean
178929,detroit michigan
7345,dead animal
11325,shot to death
18068,teenage boy
18320,held at gunpoint
41355,teacher student relationship
163531,albino
163533,fainting
163534,jacobs ladder
163540,christ allegory
163543,psionic power
163545,healing power
163552,looking pale
163553,flickering light
163558,extrasensory perception
30,individual
549,prostitute
567,alcohol
585,casino
699,love at first sight
725,lovesickness
887,film producer
888,screenwriter
922,hotel room
3737,dying and death
3927,rage and hate
6059,unsociability
7464,alcoholism
12670,los angeles
15237,alcohol abuse
155793,attempted suicide
497,shakespeare
17982,moor
5248,female friendship
10683,coming of age
170533,photocopier
170539,truth or dare
187056,woman director
1316,captain
33384,napoleonic wars
33386,old flame
33388,admiral
402,clone
1566,dream
2041,island
4484,eye
4565,dystopia
10103,children
14659,girl
157955,childhood
2311,cabaret
2682,shanghai
2992,diva
6464,uncle
11869,mistress
41277,umbrella
897,rap music
3436,karate
6270,high school
6610,naval officer
10508,teacher
155582,amusement park
222,schizophrenia
276,philadelphia
277,cassandra syndrom
278,stockholm syndrome
4379,time travel
4458,post-apocalyptic
14675,lethal virus
15149,monkey
162801,subterranean
3020,sheep
4931,pig
5608,affection
8082,piglet
11115,heroism
11477,talking animal
18013,separation
33671,german shepherd
158019,grandson
206052,talking pig
392,england
437,painter
8997,conscientious objector
10183,independent film
13065,soldier
378,prison
570,rape
1952,socially deprived family
2060,penalty
2122,death penalty
2300,despair
2501,death row
2538,begnadigung
2726,therapist
2796,self-discovery
2885,prison cell
3012,court case
3437,death sentence
3440,doomed man
3441,sentence
3442,lethal injection
3446,forgiveness
3447,charity
3448,mercy petition
6145,right and justice
6148,court
11263,electric chair
13014,orphan
204353,identical twin
1525,puberty
6664,make a match
7208,spoiled child
10199,gay interest
11933,conflict
3644,south africa
1930,kidnapping
13084,king
11254,loss of virginity
159640,hiding in a dumpster
159643,mercy killing
159660,armored truck
159661,crushed by a car
1279,medicine
2098,fountain
10329,wealth
44448,spaniel
44449,gloves
779,martial arts
1299,monster
10292,gore
10821,sorcerer
12380,tournament
41645,based on video game
188955,hand to hand combat
596,adultery
1442,winter
2136,television
6018,new hampshire
208477,narcissistic personality disorder
1334,wedding vows
1459,marriage proposal
2587,married couple
5773,monogamy
5999,advice
6038,marriage
9470,quilt
9673,love
33694,family holiday
34094,extramarital affair
164039,grandmother
476,self-fulfilling prophecy
1470,s.w.a.t.
2231,drug dealer
3597,evisceration
3857,lust and impulsiveness
3932,pride and vanity
4138,immoderateness
4142,insomnia
5340,investigation
6125,pension
6149,police
1463,culture clash
3591,settler
3691,forbidden love
4090,colony
4344,musical
4542,gold rush
7376,princess
9840,romance
10322,native american
10336,animation
160977,virginia
165086,star crossed lovers
173808,reference to pizarro
173811,jamestown virginia
173815,pug dog
173823,cross cultural relationship
173824,musket
173825,animate tree
180217,indian chief
185343,based on myths or folklore
207941,17th century
208426,shamanism
225547,songs
230456,indians vs. settlers
234183,animal sidekick
234184,powhatan
234185,land claim
1992,professor
158718,lgbt
3703,law
5493,relatives
14604,theft
15009,criminal
18024,hungarian
18027,sibling
2393,adoption
4130,adoptive father
5885,childlessness
6230,looking for  birth parents
8018,adoptive mother
208349,child
6075,sport
9963,kids and family
13042,soccer
2679,artist
6027,music
33624,band
2672,baltimore
4543,thanksgiving
7629,family clan
155294,family conflict
171760,generations conflict
3344,letter
4461,postman
5420,fisherman
5933,poet
1990,cupboard
6186,games
6300,puppet
33465,parallel world
1419,gun
2801,self-defense
204959,grieving parents
1233,composer
1310,mentor
1635,deaf-mute
4488,apprentice
5289,private life
158558,disabled
248,date
398,slang
898,hip-hop
4438,cousin
9755,parody
10700,hood
11514,social satire
12425,racism
5918,painting
167868,seasickness
4166,biotope
4459,vegetarian
6305,pollution
2157,hacker
4563,virtual reality
6104,computer
9725,sword fight
128,love triangle
2335,southern france
2918,estate agent
3190,menage a trois
4580,van
970,parent child relationship
4562,rapper
246,dancing
459,sexual obsession
797,showdown
798,sheriff
1664,eroticism
2483,nudity
2492,bank robber
3133,vampire
3649,holy water
4063,siege
6593,stripper
10093,priest
14601,explosion
14687,extreme violence
15363,bank robbery
18072,preacher
18233,hostage situation
41380,crucifix
163795,recreational vehicle
167664,blood spurting
168152,convenience store
174878,female vampire
188711,mexican american border
191441,nightclub entertainer
227811,boa constrictor
258,bomb
572,sex
772,handcuffs
1812,fbi
2808,russian
4426,sadism
4530,parking garage
4735,pizza
6259,psychopath
9714,remake
9844,car crash
10410,conspiracy
10562,on the run
10718,fugitive
12371,gunfight
13125,sadist
14967,foot chase
15167,police detective
15321,police station
15483,car chase
18525,fbi agent
155555,computer hacker
156650,machine gun
156788,swat team
156816,grenade launcher
158247,underwater scene
176802,rogue agent
181145,woman lawyer
188294,damsel in distress
3616,college
745,nun
2792,boxer
10909,lawyer
11508,jewish
2778,florist
10235,family relationships
10624,bully
312,man vs machine
10158,alien planet
15354,struggle for survival
6381,loss of daughter
6440,hit-and-run driving 
9748,revenge
10614,tragedy
1417,jurors
1936,blackmail
5153,son
11038,trial
33519,courtroom
1357,fish
33648,celebration
40846,goldfish
494,father son relationship
801,bounty hunter
1422,boat
1587,way of life
1909,coffin
1977,denver
2022,godmother
2340,paranoia
10738,diner
11221,blood
236,suicide
240,underdog
460,free love
490,philosophy
791,mentally disabled
936,loss of mother
1842,village life
1956,world war ii
2383,feminism
3154,indian summer 
3371,family history
4129,widow
4402,peasant
5331,village
6009,mathematics
6089,freedom
9457,single
10180,homosexuality
11925,domestic violence
13160,university
6984,racial segregation
11004,rural setting
12532,african american
4034,class society
7579,rich woman - poor man
14760,scientist
182662,naturalist
208526,insect
2082,sailing trip
2913,diary
3180,sailing
10349,survival
46962,discipline
167836,squall
167837,sail
167843,ship captain
167863,male bonding
168683,storm at sea
208992,1960s
5306,boss
5572,fistfight
14762,orangutan
158039,hotel manager
169078,nitrous oxide
169079,candid camera
169085,double act
169086,political satire
169097,crooked politician
477,train station
6078,politics
10124,laboratory
156033,jekyll and hyde
191009,housemaid
207928,19th century
3630,half vampire
155808,hometown
720,helicopter
1261,river
1353,underground
1825,countdown
3203,pilot
8122,canyon
9052,major
13008,train
15263,park ranger
18034,desert
162365,military
208547,nuclear device
209476,boxing
214472,stealth aircraft
215861,abandoned mine
219869,humvee
14531,play
185011,hamlet
207317,christmas
207716,actor
376,neo-nazi
379,skinhead
1974,breakdance
1975,arabian
3925,boredom
14632,suburb
15090,police officer
156052,unemployment
156702,capture
160910,xenophobia
2398,narration
13059,prostitution
417,corruption
1568,undercover
1601,war on drugs
1919,mayor
4654,undercover agent
1437,burglar
2568,language barrier
2669,motel
10323,psychiatric hospital
13097,maid
15274,nervous breakdown
187710,escapade
187717,laundry room
1157,wife husband relationship
1706,experiment
10937,memory
160313,forensic
163114,gunman
168069,animal experimentation
1872,loss of father
2702,golf
6128,taxes
530,prophecy
3392,voodoo
13072,falling in love
196682,rich man
4418,pirate gang
6956,treasure hunt
388,scotland
930,in love with enemy
3754,legend
4097,independence
6987,idealism
162845,revolt
189433,tyranny
422,vietnam veteran
444,taxi
4225,night shift
7002,vigilante
7368,alienation
9622,misanthrope
242,new york
1545,supermarket
2987,gang war
4640,disabled child
13027,wedding
33461,diamond
161307,bronx
6015,mining
40897,dance lesson
164742,coal mining
188645,bagpipes
15016,twins
17953,country
177035,identity swap
1755,fascism
2450,auschwitz
4020,typhus
4399,victim
4434,interview
10360,prejudice
11728,burglary
15199,rabbit
212,london england
351,poison
9672,based on true story
11857,mental institution
13130,teenager
15106,psychiatrist
232550,stepmother
234682,social misfit
1253,roommate
158967,brooklyn bridge
7375,twin brother
155881,estate
208563,santa barbara california
1668,hawaii
5657,australia
33885,car
175976,solar power
1595,ex-girlfriend
3391,drug smuggle
5490,girlfriend
6618,snack bar
12354,hong kong
180294,pineapple
185265,expiration date
185266,flight attendant
5498,lsd
6231,half-brother
334,flying
2343,magic
13028,writer
14985,ireland
187844,flashback
208501,troop ship
550,callgirl
582,san francisco
1625,emigration
190019,dominican republic
339,submarine
4410,u.s. navy
9789,misfit
11800,mockumentary
531,southern usa
10229,singer
207981,south
238179,skab under tv
238241,foran
238242,nederste hylde
237,gay
824,drag queen
1013,homophobia
1196,florida
1862,coming out
2944,senator
6083,politician
201554,crossdressing
210608,1990s
1262,mountain
2618,miracle
10164,apparition
173644,communism
178611,virgin mary
188993,true love
208725,irish catholic
822,airport
3688,strip club
4009,witness protection
11730,internal affairs
14707,brutality
18026,drug lord
166856,hangar
167114,loose cannon
167115,bust
167119,reference to skittles
167124,black cop
167128,badge
219404,action hero
226376,corrupt cop
478,china
8531,panda
8723,poacher
6496,basketball
6782,addiction
6344,liverpool
206032,theatre company
207883,1940s
305,moon
1432,nasa
2345,spaceman
4776,race against time
9609,houston
9882,space
10617,disaster
14626,astronaut
156395,imax
184994,saturn v rocket
189098,courage
193479,hypothermia
226233,apollo program
226234,cape kennedy
226235,lunar mission
226236,spacecraft accident
160279,18th century
208070,highlands
220446,violent man
12105,student
483,riddle
849,dc comics
3259,rose
6969,gotham city
9104,partner
9715,superhero
10486,robin
10525,broken neck
33518,district attorney
33981,falling down stairs
34156,tied up
156116,tommy gun
157166,beretta
157583,knocked out
163455,super powers
170383,disfigurement
170652,father figure
5499,burma
5855,rangoon
13005,doctor
919,smoking
1901,corner shop
3170,cigarette
6357,tobacco
6458,cigar
3335,halloween
6152,supernatural
6155,afterlife
15017,danger
162846,ghost
189449,disorder
193545,young heroes
202322,imaginary
206813,supernatural ability
206834,mischievous children
11505,drug pusher
690,gorilla
2521,kongo
3379,diamond mine
1860,mutiny
2139,russia
2534,missile
3312,nuclear missile
4123,embassy
4933,battle for power
6791,torpedo
198423,moral dilemma
217133,post cold war
221092,aircraft carrier
226740,chain of command
226741,launch code
226742,sonar
14893,art
75,gunslinger
139,anti terror
502,ambush
534,mexico
953,guitar
3458,bartender
10044,tragic hero
14575,mariachi
41372,leg brace
154889,concealed weapon
226790,bookstore
5823,jazz club
155790,private detective
195402,film noir
1321,gold
9663,sequel
9758,deception
177309,simon says
188329,dump truck
192707,aqueduct
226838,federal reserve bank
2652,nazis
13017,drifter
180340,voyeur
3966,camelot
10466,knight
10982,king arthur
177128,excalibur
177129,knights of the round table
4676,whale
155529,killer whale
293,female nudity
9835,sexual fantasy
9864,prank
11615,internet
12190,cyberpunk
41249,secret service
160840,dream sequence
740,aids
10181,based on play or musical
165770,hiv positive
2588,brain
3321,childhood memory
6135,pharmaceutical industry
6566,computer chip
8662,courier
10919,cyber
934,judge
9717,based on comic
18712,based on graphic novel
160159,frame up
162988,dystopic future
180172,framed for murder
182703,gene
182706,prosthetic limb
182709,post holocaust
182711,dna testing
203165,dredd
236590,2000 ad
8881,jury
9465,jurist
10639,jury duty
10640,verdict
2201,first time
1388,cinema
11614,filmmaker
3419,fanatic
6333,wizardry
6506,resurrection
173162,sect
221387,occultism
1252,suicide attempt
10049,teen angst
41329,mental illness
4325,game show
8631,slacker
41175,shopping
157690,mall
162296,ex-boyfriend ex-girlfriend relationship
168033,jay and silent bob
171329,silent man
171343,coke
171346,bandleader
179430,aftercreditsstinger
10988,based on tv series
12667,tokusatsu
155030,superhero team
173577,ethnic diversity
191474,super sentai
201635,power rangers
203223,mighty morphin power rangers
203224,mmpr
9872,grief
175421,death of husband
10392,mute
197452,disk
1332,cheating
2547,new identity
10333,stalking
168386,child wish
295,library
8508,party
11678,free spirit
207447,librarian
290,angel
3648,archangel gabriel
9511,menschheit
2754,trauma
11322,female protagonist
852,chemical
3451,housewife
6898,quarantine
12097,allergy
40895,illness
202579,retreat
235410,multiple chemical sensitivity (mcs)
235411,environmental illness
2871,burning of witches
10223,puritan
1663,go-go dancer
2874,spanner
3182,seduction
4378,striptease
7017,sexappeal
1621,robber
8736,laden
2673,horse
7323,savannah
18035,family
1475,telepathy
1718,dna
6017,genetics
6245,instinct
9016,femme fatale
9951,alien
11181,decapitation
11190,sexual attraction
163481,cocoon
163561,genetic engineering
234319,scientists
235513,alien dna
1946,restaurant
10590,oil
445,pornography
2964,future
3088,bodyguard
4566,minidisc
8440,ex-cop
3296,car mechanic
6091,war
1480,baseball
158534,korean war
108,transvestism
167043,road movie
2314,pentagon
11219,navy seal
15479,fashion
5334,vineyard
190061,harvest
191795,grape
229895,abandoned woman
270,ocean
331,tattoo
1852,mutant
4237,water
34161,doomsday
11504,black white relations
208507,alternative universe
1632,opium
2490,loss of eyesight
8099,sioux
180234,wild bill hickok
190970,calamity jane
1964,cave
5739,waterfall
10325,mistaken identity
169995,boy scouts leader
10786,colonel
345,monk
4747,war photographer
5950,christian
6805,fashion photographer
182045,albanian
206119,macedonia
811,dialogue
813,sunrise
814,talking
815,soulmates
816,walking
1201,austria
197528,traveller
215205,danube
224279,bittersweet
233027,romantic
233055,vienna
2604,babysitter
159947,parents
1849,homicide
1926,car journey
10685,escape
787,mississippi
3098,castle
178649,voyeurism
4690,moral conflict
1361,salesclerk
3090,loser
5906,sex addiction
14781,patient
180077,don juan
6021,employee
6282,workplace
10850,sexual harassment
34038,intrigue
10629,vision
14742,psychic
3543,transport of prisoners
3800,airplane
4679,parachuting
160945,expectant father
6460,chile
9137,pinochet-regime
13006,torture
33740,humiliation
516,child abuse
1010,bar
2619,suspicion of murder
10041,dysfunctional family
12193,reporter
18047,anger
33457,alcoholic
207819,accident
212642,abusive father
212643,abusive husband
212644,anti-depressant
212645,bangor-maine
212646,bank account
1420,gas station
5303,utah
6241,stupidity
8126,pill
11333,cigar smoking
18326,fired from the job
159574,clumsiness
160962,stepmother stepdaughter relationship
167310,sitting on a toilet
167584,aspen colorado
167591,parakeet
167598,defecation
167608,scooter
167615,hotel suite
167617,endangered species
167619,foolish
215404,laxative
1918,cooking
2875,sense of life
13043,dating
1328,secret
2334,nightclub
2589,pet shop
156455,unhappiness
738,sexuality
155271,kinky
155336,smuggler
158713,bdsm
571,transsexuality
663,fortune teller
774,film business
886,film making
1950,vororte
2559,film maker
2793,film director
2794,oddball
6562,celebrity
10338,morphine
10732,movie studio
18179,drug addict
155167,cult director
162687,theremin
173594,handgun
180193,trick or treating
232471,transvestite
2519,canadian
2599,necklace
4544,fear of flying
5011,deal
6212,smuggling
5720,dallas
6711,crisis
177216,referee
3593,wilderness
158416,boy and dog
2032,pop singer
7312,road trip
14809,dead mother
157303,first love
166475,goofy
5484,reincarnation
11478,talking dog
13063,car accident
238687,dog movie
2199,opera
4001,eunuch
6384,dresden
164920,opera singer
727,country music
520,chicago
1483,sports team
2394,ghetto
8635,high school sports
33905,inner city
33910,high school student
456,mother
2132,literature
2486,fantasy
2983,passion
10768,lesbian
10984,true
14534,relationship
1643,deafness
164181,sister-in-law
164186,character study
164193,uncle nephew relationship
164199,für elise
2064,overweight
5767,summer camp
3136,plantation
3143,pity
4197,bite
231407,fang vamp
254,france
2020,revolution
8570,president
9682,history
2601,telephone joke
6007,media
156810,science
221297,male pregnancy
228611,fertility
228637,gynaecology
228638,ceasarean birth
577,black people
2463,harvard university
6139,innocence
161155,kids
189151,medieval times
160488,hoodlum
803,android
4270,galaxy
4271,hermit
10013,death star
10016,lightsaber
10527,jedi
11107,rescue mission
11195,empire
11196,rebellion
13194,planet
160134,the force
161176,space opera
163295,galactic war
178710,stormtrooper
178712,totalitarianism
3551,private school
6271,boarding school
6731,british
10873,school
12663,little girl
14636,india
14864,rich poor
15300,father daughter relationship
41172,schoolgirl
155402,presumed dead
155619,attic
170344,imagination
186797,african american servant
196727,fantasy life
170154,social services
715,chocolate
1156,sister sister relationship
2940,mexican revolution
41607,recipe
156597,magic realism
209987,new mexican cinema
213202,new latin american cinema
680,montana
2504,world war i
5973,journey round the world
2112,headquarter
4409,military base
5947,military service
6417,base
11138,military spoof
162257,instructor
8045,russian mafia
232235,brothers
10211,east los angeles
12987,poverty
33426,gang member
41334,hispanic
164253,mexican american
180085,girl gang
206318,cholo
230668,chola
2799,cruise
189008,empire state building
208280,accident victim
641,single parent
1751,social work
1803,drug addiction
2434,liberation
2438,social worker
2488,self-abandonment
4056,custody battle
7638,surrogate mother
7856,racist
2011,queen
4152,kingdom
8250,victorian england
18130,psychopathy
4005,human experimentation
6737,frankenstein
65,holiday
171770,rollerblades
172789,cross dresser
192598,suicide hotline
2005,tree house
4750,red-light disctrict
6517,young people
166462,mob boss
1991,santa claus
2081,department store
4896,wish
2356,immigrant
208397,death of wife
1563,prisoner
3859,alcatraz
207240,murder trial
211082,mistreatment
215596,public defender
223044,prisoner abuse
2294,illegal employment
4948,retirement
8029,drama
1578,loss of sister
1608,twin sister
1646,autism
1889,lake
2171,kaspar-hauser-syndrom
5650,feral child
5774,forest
5922,north carolina
586,new jersey
156316,troubled teen
201820,hiphop
208384,black youths
3298,hallucination
15127,killer
679,cyborg
625,sadistic
736,journalist
1583,mass murder
1584,yellow press
8201,satire
9701,controversy
9859,controversial
206545,young couple
207691,abuse
110,venice
131,italy
1820,trip
100,slum
941,tradition
1452,loss of child
2320,violent husband
2658,new zealand
2659,maori
2660,strong woman
2663,lack of prospects
2667,maori tradition
3739,funeral
6267,approved school 
9986,crush
10766,youth gang
15158,rebellious youth
33841,incest
14794,lust
190370,erotic movie
1402,general
3664,research
6092,army
8803,serum
17995,epidemic
158025,medical research
782,assassin
1465,loss of family
4613,training
9957,loneliness
10226,neighbor
10703,tragic love
233083,complex relationship
233084,complex characters
1900,immigration
207901,political prisoner
208396,cuban refugees
4395,burning house
10791,teenage crush
15233,arsonist
396,transporter
1411,brothel
4076,massage
8627,stolen money
9730,crime boss
10104,dance contest
11242,junkyard
11423,kamikaze
11434,ambiguous ending
11435,briefcase
11436,redemption
11442,heirloom
11446,pulp fiction
11447,reference to al green
7533,black panther
6150,faith
11937,conservative
14765,church
158431,united kingdom
172391,catholic priest
179567,crisis of faith
2571,tv show
2887,manipulation
2954,manipulation of the media
3977,product placement
7271,tv ratings
8072,quiz show
9303,fragen
2692,arranged marriage
10428,cultural difference
14669,older man younger woman relationship
159362,black and white scene
230009,asian american
3686,marriage of convenience
8846,konfession
9920,royalty
10089,slaughter
9930,prairie
13132,pistol
1158,grandfather grandson relationship
1421,birthday
190012,deathbed
2863,mannequin
6878,sandwich
6879,poodle
1533,isolation
4918,shadowing
5259,english channel
5260,geneva
4424,pain
4549,loss of husband
5257,to compose
928,hairdresser
2039,sexual frustration
4480,business man
21747,poland
3301,suspicion
11260,serial murder
208728,special education
10407,swan
158063,seal
186830,selkie
159358,explosives expert
3801,space travel
3822,teleportation
8862,uprising
11402,androgyny
11606,space western
12405,outer space
41414,timebomb
159138,death of son
160381,nuclear weapons
163250,invented language
163331,hieroglyph
163338,egyptian mythology
163347,egyptology
1441,christmas party
5570,christmas tree
4779,delinquent
8622,parole board
9777,escape from prison
12662,wrongful imprisonment
1448,distrust
2968,grave
10123,dark comedy
155704,shallow grave
1453,amnesia
12999,black and white
156097,evil twin
222156,film theory
227646,identity swapping
3230,male friendship
9395,havanna
11479,social commentary
5656,sydney
11687,breaking the fourth wall
12342,gay son
2109,communist
6917,epic
2535,destroy
160129,artial arts
2849,key
2974,jesus christ
4238,chosen one
9649,god
10842,good vs evil
15001,demon
175360,crypt keeper
34079,death
162410,exploding planet
162415,mountain cabin
162429,solar system
529,ku klux klan
9706,anthology
9707,evil doll
11719,dirty cop
160322,funeral home
4862,alien life-form
9535,bewusstlosigkeit
161891,doppelganger
191826,chekhov
9807,noir
14828,city
2956,vietnam
10787,jungle
11243,black american
2029,iowa
310,artificial intelligence
3249,hologram
4286,computer program
9819,visual effect
177258,police training
6733,bullying
10194,interracial romance
33928,audition
164224,generation gap
11663,camp
13088,summer
156801,club
208721,summer school
630,dolphin
6732,mascot
208152,pets
17975,transgender
193459,australian aborigine
164682,stuart sutcliffe
164698,boyfriend girlfriend
164700,river elbe
164704,hofner bass guitar
164705,body painting
164713,hamburg germany
164715,photo
164716,reeperbahn
2564,wheelchair
4115,longing
5809,marriage crisis
5859,paralysis
6373,sadomasochism
1808,lover (female)
2276,talent
6220,mafia boss
10818,author
470,spy
1589,sniper
2148,colombia
2149,drug traffic
2532,bomber
3070,mercenary
3074,insurgence
3547,coast guard
5265,spying
7336,car bomb
10175,drug cartel
11106,infantry
155723,jack ryan
226620,political cover-up
4508,principal witness 
5301,brother
7255,search for witnesses
17997,housekeeper
3017,jazz musician
6979,straßenkids
10616,urban
11093,parenthood
11363,arson
18021,detroit
458,hippie
795,running
2957,vietnam war
157499,mother son relationship
162934,hugging
166980,shrimping
180204,wounded soldier
208143,park bench
215492,amputee
171662,date rape
171665,athletic scholarship
171667,black militant
171670,resentment
171676,school shooting
2124,puerto rican
9890,jail
918,newspaper
5440,adversary
202401,experience
828,waitress
8015,cop
208262,lottery ticket
208263,winning lottery
958,indian lead
4809,tiger
8775,panther
10468,bear
2143,loss of parents
5276,wild boar
11326,shaman
14767,scar
18136,hyena
18153,meerkat
4476,buddhist
4558,tibet
5722,buddha
5723,siddhartha
657,fire
3030,nightmare
3521,earthquake
9820,alternate dimension
10232,fame
11612,hospital
47020,storytelling
156282,alternate reality
160612,self-referential
161184,reboot
166329,film industry
179878,sleepwalking
212435,meta film
225209,dreams
232999,cameos
851,dual identity
2422,mockery
6348,green
9903,balloon
156257,jail cell
179101,norse mythology
1582,saloon
11073,steamboat
18083,attempted robbery
185589,cowboy and outlaw
947,prohibition
163110,theater
207876,1920s
208208,state prison
3836,success
9574,tageszeitung
1873,yuppie
2200,generations confilct
2249,camcorder
2566,cohabitant
5865,cabriolet
179781,fictional tv show
198673,unemployed
1016,wyoming
10856,bag of money
175668,life raft
175670,private airplane
175676,toothbrush
175681,gluttony
175683,magnifying glass
175685,rubber boat
208316,worrying
1680,boston
7188,hostage-taking
8158,rafting
233153,white water rafting
992,bus
2776,bus ride
3306,highway
157251,bomb planting
208323,speech writer
10568,science fiction
175629,alternative reality
2284,horseback riding
3546,florida keys
4289,secret agent
161520,terrorist plot
167444,top secret
167451,woman with glasses
167461,truth serum
167466,mushroom cloud
167467,jackhammer
206958,special agent
217421,key west
40952,therapy
2499,heal
12564,werewolf
1559,deputy sheriff
4391,wretch
5074,wyatt earp
9550,doc holliday
4729,dublin
176793,middle age
208383,oscar wilde
963,loss of brother
10809,teenage girl
15069,masked man
15249,tragic event
15402,popularity
156064,homecoming
158584,tv news
2151,drug crime
222423,blast
627,killing
999,sports car
11034,b movie
18450,exploitation film
13073,fear
208282,gospel singer
10121,stop motion
407,dictator
5362,liberation of hostage
10076,street fighter
15053,united nations
2820,wound
5828,yoga
8636,blood splatter
9866,basement
208293,wood
6966,film history
217987,animation filmmaking
3300,cadillac
168350,bus station
155532,fatal attraction
208455,malcolm x
233,japan
1629,morocco
46958,good and bad
1415,small town
6255,insanity
10308,h.p. lovecraft
10941,disappearance
33505,gothic
41393,new england
155435,insurance investigator
166701,ghost town
188994,publisher
235266,horror novel
1019,rodeo
155291,cowboy
190078,bull riding
1155,brother sister relationship
1307,butler
2341,nanny
6317,guillotine
9716,stand-up comedy
213,upper class
4320,lover
9886,countess
1224,radio station
5540,heavy metal
18001,rock band
4171,staatsanwältin
8233,cops
41158,stakeout
155446,police stakeout
107,barcelona spain
3588,navy
212739,struggle
5521,arkansas
12547,billionaire
14559,hillbilly
163047,beverly hills
3016,security camera
4230,carousel 
6110,weapon
10889,counterfeit
15124,framed
156768,roller coaster
167541,buddy comedy
164092,blindness
2407,fireworks
3537,orchestra
5879,anarchist
6029,concert
11018,irish
33406,roulette wheel
155530,capsized ship
157198,belfast
179966,headphones
206544,bomb attack
226463,human bomb
1313,mental disease
9838,nymphomaniac
10061,dysfunctional marriage
14909,alien invasion
15250,alien infection
161290,sleeping
200054,emotionless
10048,unrequited love
159278,obsessive love
206219,captivity
700,italo-american
924,italian
1797,loyalty
3149,gangster boss
5343,molotow cocktail
5606,gang leader
5609,nostalgia
5611,game of dice
5612,bus driver
15155,witness to murder
255,male nudity
387,california
966,beach
2135,radio
3202,con man
8098,calendar
10303,domestic abuse
10776,marijuana
162262,movie star
162842,stolen cars
168115,practical joke
196734,military enrollment
196742,small time thugs
196744,movie clips
196748,live life to the fullest
196751,fictionalized biography
3398,release from prison
6840,criminal past
10712,night club
155490,disco
1197,nevada
7184,gold bar
7508,friendship bracelet
2805,rocky mountains
4245,hijacking
4702,suitcase
8624,climbing
10794,snow
159212,mountain climbing
1603,extraterrestrial technology
6968,space invasion
2655,group therapy
11036,obsessive compulsive disorder
18118,disguise
155812,color blindness
177637,winging into a wall
177648,infra red
177652,photo album epilogue
177656,jumper cable
177658,rude waiter
193171,sitcom
33490,filmmaking
169635,psychological drama
732,coma
4073,apoplectic stroke
1556,texas
10267,comedy
234367,great soundtrack
853,crime fighter
2421,social control
2598,museum
3385,cryogenics
3469,utopia
33808,warden
156786,prison escape
179428,censorship
226776,culture shock
226777,knitting
33602,cowgirl
163726,hitchhiking
198588,lbgt
3679,society
7439,woman between two men
33683,beijing
33720,guilt
159315,mental health
4048,musician
960,homeless person
9798,law school
41267,bum
171162,harvard law school
207844,college student
2781,roadhouse
3423,liquor
15295,confrontation
159607,grifter
197573,solitary
612,hotel
9433,concierge
6335,tennessee
162813,law firm
208043,bar exam
2235,drug mule
5707,childhood trauma
6691,drug scene
6712,death of a child
3262,surgeon
10663,train crash
11207,u.s. marshal
14903,home invasion
173976,one armed man
226499,manhunt
227824,bus accident
227825,storm drain
4616,apache
15126,historical
156234,cavalry
194581,geronimo
159588,suicide by hanging
159595,sexual torture
159600,exploding truck
159601,cuckold
159602,garbage dump
9833,lesbian relationship
2411,new orleans
4323,hunting human beings
15137,union
41599,sailor
207678,human prey
208176,immigrant experience
1400,swordplay
8421,saddam hussein
15087,iraq war
5595,sleepover
1209,wales
214527,cartographer
1436,inventor
4812,plan
6129,company
6133,industry
203525,board
203528,stocks
208186,unsuccessful
2470,education
4595,u.s. army
15134,election
33632,apartment
208633,secret service agent
13015,terrorism
156306,price of fame
164409,tina turner
164414,black woman
164431,cameo appearance by real life subject
164443,african american music
164866,black family
4487,boxing match
162914,one night
1719,paleontology
1720,tyrannosaurus rex
1764,triceratops
1765,brontosaurus
1767,electric fence
12616,dinosaur
158340,theme park
178010,jurassic park
917,journalism
1003,photographer
206977,hitchhike
1416,jazz
1759,night life
1953,vault
2375,junkie
2671,heroin
178869,lassie
952,lightning
184671,jack
1874,car dealer
2142,anonymity
159141,sperm donor
4617,insurance fraud
6431,boarder
3868,face transplant
155231,reference to william shakespeare
163335,man with glasses
168346,"manhattan, new york city"
6147,delinquency
1336,ransom
4460,terror cell
5422,special unit
10185,covert operation
18420,surveillance
161998,night vision goggles
185692,intelligence agent
220935,nerve gas
4342,geisha
4481,deceived wife
5502,castration
5579,strangle
12420,unsimulated sex
197508,erotic 70s
4433,conversation
11677,secretary
208467,dinner date
1338,bachelor
894,depression
166927,symphony
207592,piano
208167,psychiatrist patient relationship
220448,bipolar disorder
11510,unfaithfulness
174916,bowling alley
208125,alimony
2546,mask
167808,fake identity
228653,reference to the book of revelation
1412,becoming an adult
160243,classmate
9887,surrealism
208283,failing business
9774,prison guard
40847,near future
162380,ex soldier
235648,prisoners
7153,queen elizabeth i
177998,nobility
190071,gender bender
12414,escaped convict
170865,child kidnapping
177609,criminologist
9766,hiv
41589,dying
186782,discrimination
207968,judiciary
1942,strangeness
3590,piano lessons
3595,deceived husband
7879,secret love
1014,loss of lover
1647,sadness
579,american football
14530,director
2374,bad mother-in-law
2797,mother-in-law
10958,man hunt
12997,dinner
33965,christmas eve
215334,marriage counseling
1655,country house
2382,flower
14905,britain
33360,employer
1004,commercial
5920,advertising expert
8066,kaserne
9479,stau
193547,teachers and students
279,usa
907,japanese
12570,whodunit
18100,seppuku
167618,bulletproof vest
3179,sanatorium
8890,cornflakes
33699,policeman
184213,robocop
616,witch
4147,robin hood
11715,arrow
10978,bad cop
12366,hitwoman
836,resistance
6218,right wing radicalism
207915,white supremacists
160190,aspiration
2981,homelessness
6025,photography
1382,factory
1631,concentration camp
1701,hero
1739,holocaust
3599,defense industry
194409,the holocaust
1484,pitcher
191043,mentally ill
316,chess
2348,hustler
5561,child prodigy
6783,orphanage
194430,small village
2105,garden
9180,yorkshire
193263,old mansion
210200,english garden
4556,protection
6170,motherly love
7717,evil mother
168196,perfection
1815,atomic bomb
2336,ladykiller
3363,hypnosis
155494,radio series
189115,invisibility
190034,the shadow
4327,stroke of fate
8095,oxford
697,loss of son
1850,daily life
3131,modern society
3457,cellist
1499,pastor
6023,drawing and painting
161216,blasphemy
155795,art dealer
5824,video surveillance
11318,landlord
11494,drug use
15128,sex talk
33347,apartment building
182422,landlord tenant relationship
184312,mind game
207767,erotic thriller
178657,tech noir
238847,futurista
238848,lluvia
4932,farm
9468,liar
171508,pancreas
171518,thong
171521,city boy
4452,butcher
5923,sister
157758,axe murder
5446,observer
180668,homicide detective
83,saving the world
194215,multiple dimensions
8350,sprung
187368,pillow fight
187370,catcher in the rye
187376,odd couple
187387,water balloon
187401,pregnancy scare
187416,water gun
4062,skeleton
8637,fall from height
9720,woods
12198,pumpkin
12199,jack o lantern
12200,saving christmas
14577,musketeer
10291,organized crime
2150,cocaine
163656,gun violence
6085,election campaign
201768,cinéma vérité
4414,adventure
33491,part animated
11501,cheating wife
33451,masturbation
206850,canuxploitation
208376,willing to be murdered
2544,ugliness
190116,school life
7025,industrial revolution
1721,fight
3347,volcano
11428,convertible
11454,scam
18128,inmate
156731,escort
163072,embezzlement
208251,nervous
2456,industrialist
2907,scarab
3338,invention
4978,immortality
5728,tycoon
185420,antique dealer
170125,cosmetologist
1773,socialism
2606,jew
3508,underwear
3603,fascist
4313,condom
6069,class
9888,spanking
10144,anti semitism
11935,working class
15129,vagina
155275,fingering
157912,bigotry
159959,reform school
174254,slingshot
188987,boyfriend girlfriend relationship
214548,1930s
158591,injury
180523,neighborhood
214954,recuperation
4358,shenanigan
9084,clubhaus
155939,group of friends
173504,lgbt history
604,dwarves
10596,argentina
6095,house
15075,mischief
163841,booby trap
169826,home alone
169829,suburban chicago
169850,mischievous child
881,money transfer
975,money laundering
1553,pottery
210530,spiritism
6513,cartoon
173259,arab
190536,genie
1366,shotgun
11426,moral ambiguity
14946,fictional war
160131,morphing
162532,shape shifter
175468,savior
175472,catch phrase
238240,Øverste hylde
13037,drug smuggling
848,double life
855,fictional place
8087,horror
12565,psychological thriller
14895,cannibal
33872,animal in cast credits
208048,cannibalism
2013,attempted murder
3758,appearance
166625,candlelight vigil
169341,snow white
3071,prince
3096,book
161271,beast
190915,belle
2251,lie
2710,fairy
3244,pinocchio
3473,carnival
5560,nose
10499,pool
33674,conscience
33675,jackass
33676,figaro
33677,sneezing
592,capitalism
995,cinderella
996,expensive restaurant
1022,workaholic
1023,fire escape
2176,music teacher
163671,steam locomotive
189262,righteous rage
3582,bride
13159,chinese
171817,groom
208544,tofu
238239,bagved
9955,urban legend
10541,curse
12339,slasher
14692,hook
46951,mirror
161712,hook for a hand
11011,morality
181532,protégé
205850,turn of the century
3796,auto
9409,north dakota
15151,car dealership
33598,woodchipper
391,flying car
10471,cult favorite
11487,midnight movie
161919,adult animation
5721,engineer
6154,hell
8377,pinhead
17996,puzzle box
161208,cenobites
209027,artificial
6894,aunt
182376,gentleman
548,countryside
1223,switzerland
2346,worker
157192,hardship
214887,foreigners
1571,return
4906,suspension
514,spain
744,madrid
155251,novelist
172972,old woman
157972,chimpanzee
157987,animal actor
158024,critically bashed
4560,mountaineer
9824,reunion
11336,young boy
4411,sexism
6563,wine
14831,stabbing
156042,hypocrisy
208517,elitism
208518,burial
2637,bishop
5593,pornographic video
15319,attraction
1577,solidarity
5509,spanish civil war
5882,franco regime
5965,marxism
1947,answering machine
6103,telephone
187551,telephone sex
163277,childbirth
168471,biracial
200690,matriarchy
2952,gulf war
155761,phone sex
207583,actress
3152,planned murder
4516,romantic rivalry
207390,missing body
5968,amazon
155816,ex-wife
2426,group sex
3183,bisexuality
965,age difference
4193,retiree
6049,praise
11110,dead soldier
11117,tank
11124,medal
2001,arms deal
3269,secret mission
3530,prague
4683,tgv
10364,mission
11134,espionage
33705,agent
2580,shipwreck
208555,evil priest
208556,mother daughter reunion
172471,divorce lawyer
18293,chef
208678,anorexic
4798,despot
14643,battle
161257,medieval
222855,dragonheart
1482,trainer
2273,role of women
9253,slapstick
163180,old friends
163223,prize money
165583,interracial friendship
544,sailboat
155440,hitchcockian
155845,french noir
189574,evil man
209096,forger
157799,older woman younger man relationship
208561,pharmaceuticals
3914,kitchen
14558,bathtub
154855,wedding anniversary
2602,cellar
7991,belgrad
8908,widerstand
236316,anarchic comedy
7476,older woman seduces younger guy
10337,cheat on husband
9917,mixed martial arts
12379,kumite
14961,chop socky
2232,move
2385,monsoon
2467,difficult childhood
5252,misery
34139,railroad
202735,help
978,broken engagement
33485,calcutta
3926,tastelessness
6026,film and cinema
14544,robot
176746,basketball team
177208,basketball game
177218,basketball court
177219,tweety bird
177224,speedy gonzales
177227,cartoon chicken
177228,sylvester the cat
177230,cartoon reality crossover
177231,basketball hoop
177232,cartoon skunk
11239,distant future
165580,cult classic
191144,female mercenary
11734,police corruption
179571,tijuana
194000,strained relationship
155517,lemmy caution
155518,nouvelle vague
6293,telescope
6564,terminal illness
7059,anti-communism
33501,political
5629,role reversal
180828,train wreck
1280,lasergun
160342,female detective
161982,murder investigation
166109,child murder
1326,infidelity
987,overweight child
4539,overweight man
10623,jock
156866,based on short story
170418,public humiliation
170431,blow up doll
170434,letterman jacket
170435,cruel joke
397,bare knuckle boxing
486,himalaya
3434,thailand
8406,street artist
10514,muay thai
10515,kick boxing
3740,radio presenter
3864,false identity
4049,decoy
4214,beguilement
156143,kitten
158222,great dane
1857,irish-american
10450,boston celtics
7606,dictatorship
11289,woman reporter
800,bounty
3246,prosecution
3731,illness and injury
9454,frontier
222114,fear of dying
231680,wanted dead or alive
1649,provence
4849,exile
2804,exploitation
14857,juvenile delinquent
41644,gunshot
167159,switchblade
5347,clumsy fellow
41406,middle ages
2281,mistake in person
11628,cloning
12572,experiment gone wrong
33496,construction
4252,black magic
5147,sorcery
167560,hair loss
170356,outsider
177872,occult ritual
191655,karma
208787,newcomer
237016,love spell
193208,promoter
718,confession
3134,louisiana
5385,survivor
6093,assault
222788,dave robicheaux
10601,blaxploitation
166492,drive by shooting
181858,gang violence
188907,street shootout
233429,gangsters
3293,gas attack
2349,german
208540,war criminal
10327,undead
11187,grim reaper
12377,zombie
162810,macabre
207769,grotesque
2213,tornado
2214,twister
2493,oklahoma
3337,metereologist
3693,climate
3875,barn
5096,natural disaster
5543,cow
9276,truck
12335,aunt niece relationship
12336,storm chaser
175518,scientist bar
175522,electrical torture
175529,pretending to be a prostitute
175530,sprayed with water
175533,pressure washer
175536,obese
8499,implantat
13141,based on manga
3405,blow job
156092,fat suit
156093,steven king
15267,james bond spoof
182287,sheep rustling
210009,wallace & gromit
157138,numbers racket
11208,conspiracy theory
2212,greenhouse effect
5769,global warming
9739,extraterrestrial
10222,astronomer
41338,climatologist
162357,observatory
162459,alien language
162461,golf club
162463,volkswagen beetle
162464,liquid nitrogen
162466,screwdriver
162467,cosmic zoom
226240,radio telescope
226241,satellite dish
213798,allies
2106,cold war
2531,strategic air command
160370,war room
160377,bomber pilot
160387,ex nazi
194825,doomsday device
214655,absurdism
3307,surreal
3569,latin
14709,profile
4264,stalingrad
3284,phantom
3625,silver
3720,power
8643,jade
203423,masked hero
212009,crystal skull
33483,u.s. congress
3015,fast food restaurant
4951,rejection
9974,obesity
5133,body exchange
449,yugoslavia
2355,american dream
7492,serbia
160800,congo
6544,senegal
14735,motorcycle
165804,peddler
8680,ferrari
18396,catholic
33513,desire
155317,edgar allan poe
213194,doppelgänger
2694,cold turkey
10261,stealing
11635,monologue
155936,recovering drug addict
156117,illegal drugs
168179,drug deal
180431,drug rehabilitation
206829,drug culture
230607,antihero
493,poem
825,support group
1517,classroom
1731,writing
2301,architect
9736,little boy
9825,growing up
11320,tenant
11524,in the closet
14602,break-up
18253,moving
155620,former child star
157171,nonlinear timeline
157392,female writer
159868,piano playing
160246,childhood friends
160960,watching tv
160970,apartment complex
161545,alcoholic father
172274,moving in
177259,realtor
177973,chance meeting
181523,teacher student sex
184952,land developer
187999,playing piano
205631,eviction notice
210726,ghost writer
1612,spacecraft
1627,patriotism
4278,invasion
9738,ufo
9831,spaceship
157904,luck
178355,san francisco giants
178364,child custody
178368,baseball pitcher
178369,baseball fan
178370,psychotic fan
178372,sports agent
178378,driving range
178379,steam room
1691,dance
1938,sword
2638,cathedral
5090,fool
9995,bell
11001,religion
158787,army captain
160213,festival
160274,angry mob
177894,witch hunt
213097,15th century
1005,karaoke
208575,cable guy
167550,handicap
167554,sexual favor
167555,star spangled banner
167556,bowling team
167562,biblical interpretation
167564,comb over
167570,female stripper
167574,inflatable doll
167575,combover
167576,unlikely lovers
167580,kingpin
167581,carriage
236294,"lancaster, pa"
2052,traitor
3581,witness
6163,arms dealer
10202,treason
15246,sabotage
156334,corporate crime
191600,assassination attempt
228607,x-ray vision
228610,railgun
10453,con artist
1749,taxi driver
5369,guard
14755,power outage
18029,trapped
173272,flood
189102,tunnel
207528,trapped underground
5280,ghost world
6625,family secrets
168713,neo-western
193282,dark secrets
5585,notebook
158071,binoculars
879,brain tumor
5086,telekinesis
6257,genius
41385,racial tension
191314,kkk
204173,racial issues
214780,courtroom drama
3609,frustration
10294,coin
11724,vulgarity
14782,trust
14852,poker game
41354,dialogue driven
46959,tantrum
164046,broken glass
172492,minimal cast
226768,station wagon
6678,polar bear
12617,airplane crash
158639,missing father
10717,chain gang
208592,floppy disk
186117,dj
197811,shock talk
14724,family vacation
2279,bavaria
4441,nuremberg
9600,mensch als objekt
221412,colleague
197084,having fun
207840,poor people
216919,boys
1439,flat
6192,relation
6432,rent
6623,lodger
7325,cockroach
9498,spekulant
18060,divorced woman
190722,reunited friends
14748,raid
169590,police raid
171636,drag
173662,gay pride
4725,baby-snatching
5605,volleyball
175603,mercedes
2539,harassment
2528,hydrogen bomb
3288,secret lab
6107,energy supply
13094,photograph
33498,transplant
54610,dove
54611,ulcer
11168,private investigator
188914,born again christian
220389,televangelist
5034,attempt to escape
217083,reluctant hero
226577,bicycle taxi
2815,graffiti
2816,street art
2818,vernissage
2819,exhibit
5756,man-woman relation
157906,outback
231044,dying traditions
231045,social convention
4677,patriarch
11590,italian american
33421,crime family
165725,rise to power
566,sexual identity
823,cologne
826,heterosexual
827,diashow
6328,crook couple
18432,female martial artist
708,runaway
10721,pregnant
4183,wife
2073,illiteracy
9865,chase scence
195212,carpool
8011,greek
193765,brunswick
11016,kansas city
164884,jazz music
658,sea
186447,rogue
5768,urban life
6389,frankfurt am main
155393,sympathy
7694,pile of dead bodies
10877,dead body
161276,anthropologist
181246,indian tribe
225947,amazon jungle
2766,mutation
9410,hybrid
225523,h. g. wells
2187,riot
2583,blackout
169725,sick child
291,circus
7942,imaginary friend
14677,bullet wound
6158,cult
6406,escape agent
13140,niece
156075,evil
179565,michael myers
199526,psychiatric
217324,murder hunt
232795,halloween night
74,germany
2471,monarchy
12965,duel
233707,schnitzler
2065,province
2506,algerienkrieg
4653,french
10198,gay relationship
15135,gay sex
33458,gay man
34265,heartbreak
163037,lgbt teen
192394,broken heart
393,civil war
8181,swimming pool
9929,remarriage
11461,hangover
18053,divorcee
156037,socialite
163758,ex-husband ex-wife relationship
165282,high society
165547,fiancé fiancée relationship
208368,divorced couple
208720,family estate
232712,inebriated
237463,imminent wedding
237464,kid sister
237465,love quadrangle
3177,fan
3748,morning
6494,talkie
9732,movie in movie
156028,broadway
164090,audience
164623,chorus girl
164628,diction coach
164636,pearl necklace
164641,flapper
5488,parfum
12990,singing
4620,magazine
6258,intellectual
155851,book store
164889,eiffel tower paris
190094,american-in-paris
428,nurse
10332,salesman
160967,convalescence
236909,homebound
11184,reference to the big bad wolf
770,scotland yard
14743,pianist
191476,driven mad
471,mount rushmore national memorial
15086,advertising
163049,government agent
1623,casablanca
1626,visa
1628,nationalism
10644,melodrama
11151,statuette
155843,black bird
155844,sam spade
185525,private eye
4375,transformation
4485,flower girl
11411,wager
11707,suitor
14514,class differences
18015,tutor
155697,aristocrat
165278,linguist
165279,street
165288,misogynist
165290,guttersnipe
165299,class prejudice
165301,opposites attract
5165,champagne
9639,playboy
179367,impossible love
199764,family disapproval
588,rome
2051,intelligence
4263,duty
4674,sightseeing
165508,americana
165517,togetherness
165518,fiddle
165519,chapter headings
165531,straw hat
167951,st. louis missouri
232222,20th century
704,adolescence
1507,clock
2043,lion
3151,scarecrow
4639,crow
7658,kansas
11020,classic
11409,imaginary land
191616,sepia color
314,life and death
2076,atlanta
2613,luxury
4021,business woman
160424,live television
2110,capitalist
3515,banker
3587,media tycoon
3660,art collector
3661,sleigh
306,jupiter
1576,technology
3222,super computer
3714,human being
4040,space mission
12185,moon base
34152,evolution
155689,monolith
156039,space station
6167,engagement
10965,playwright
15320,insecurity
155624,envy
156273,critic
210205,entertainment
515,women
9749,beauty salon
18453,gossip
160845,dressing room
192657,gold digger
209064,columnist
660,monte carlo
8079,cornwall
14769,devotion
188990,costume party
228602,second wife
4066,windmill
4529,diplomat
10012,chase scene
14541,crash
15381,captive
170585,bell tower
176016,editor
1809,rio de janeiro
1811,wine cellar
1816,staircase
155718,intoxication
4924,insane asylum
11095,cruise ship
33681,top hat
33934,choreographer
187256,ballerina
1847,istanbul
5154,fur
6099,jewelry
4178,courtesan
14798,park
164663,courtship
166808,reference to napoleon
171850,ice rink
189477,bois de boulogne
157258,british high society
188991,drunkenness
191790,debutante
1522,repayment
3024,richard the lionheart
157186,swashbuckler
222340,king richard
232481,zorro
14780,investigator
155436,classic noir
194281,shangri la
194282,himalayan mountains
4345,tap dancing
6415,stage show
7024,fashion designer
33493,valet
41613,rapier
2435,warsaw ghetto
2436,polish resistance
2444,jewish ghetto
11065,funny nazi
1295,europe
2752,ranch
5175,petrol
5626,from rags to riches
5701,beef
5729,maryland
5731,barbecue
5732,birthday party
5733,turkey
5734,pony
5735,riding class
33688,hunting
526,rebel
3534,big wheel
189599,beans
155457,screwball comedy
158225,terrier
173685,thin man
197362,x-ray
156080,newspaper editor
159531,insurance agent
180093,press room
181659,political corruption
184534,rolltop desk
184541,reprieve
209563,bride-to-be
236252,ex spouses
237418,imminent execution
237425,convicted murderer
385,jules verne
622,bet
1293,asia
3497,hot air balloon
168277,around the world
189092,journey
191101,steamship
5571,great depression
156115,feel-good ending
184559,guardian angel
521,washington d.c.
1399,senate
5744,governor
206515,usa politics
219903,political drama
1651,donation
2172,zoo
4477,paleontologist
4478,leopard
4479,bone
2676,honeymoon
5097,sterility
6118,finances
156825,music store
169866,reflection
180831,newspaper publisher
188028,extravagance
154802,silent film
163070,burlesque
1824,self-destruction
14796,destruction
159845,tuberculosis
187677,medical school
209090,unwed mother
225686,aspiring artist
237446,jilted woman
238052,spurned man
238053,club foot
238054,destitution
238055,vitriol
14999,devil
7950,grocer
10388,lord
41523,brooklyn new york city
161506,heir
186894,scam artist
193460,mother child separation
194231,earl
194260,shoeshine boy
208570,aristocracy
1859,arizona
14845,dead end kids
13147,snake oil
13148,medicine show
188901,quaker
188922,cattle rustling
188924,outlaw gang
188925,brunette
188932,long black hair
188933,bar fight
188934,bar brawl
188938,telegraph office
188944,revolver
188947,sidekick
1491,entertainer
218567,memorization
236566,handcuffed together
236567,held against will
236568,bickering couple
236569,wrongly accused
185454,u.s. military
5672,billy the kid
1227,cemetery
7246,barricade
155561,bitten
440,missionary
1333,desperation
2509,hippopotamus
2510,giraffe
2511,methodist church
2514,moqukito
2516,boat wedding
2517,leech
2518,gin
2520,tanzania
3711,animal species
3929,hope
15203,dry humour
33611,exercise
191026,port
193154,uranium
159201,baseball player
160025,radio broadcast
160035,suicide note
160037,domain
187203,casbah
156105,hollywood bowl
2406,picnic
15057,labor day
4552,beer
15111,drinking
1329,canada
10168,aviation
15171,earring
15172,shampoo
15173,hang glider
15174,ecology
910,bondage
1879,shower
2675,frigidity
169276,commitment
208781,intimacy
222797,repression
226457,adoration
226458,sex therapist
226459,spooning
33475,songwriter
2802,mountain village
3725,pregnancy and birth
4570,vorarlberg
4572,organ
4573,down syndrome
14527,storm
160175,alps
161207,catholicism
3538,freedom fighter
4355,chinese civil war
4902,surprise
34143,rich
156104,stranger
10637,food
14836,italian restaurant
34068,feast
9193,whiskey
188296,hired gun
5562,fish market
4813,last chance
11258,suicidal
41379,argument
192655,guns
1490,cleaning lady
7397,bakery
14652,falling from height
18098,samurai sword
10326,morgue
13004,medical
177127,emergency room
6162,past
14676,series of murders
6278,scholarship
7813,hockey player
7814,hockey coach
156017,frontiersman
208448,davy crockett
830,car race
12393,golden gate bridge
14725,racecar driver
15037,bug
156809,car trouble
159953,automobile racing
163129,dual role
169638,animate car
169639,smart car
171068,entrepreneur
179110,toll booth
208361,the love bug
6490,shopping mall
179124,volkswagon
179286,käfer
15225,cattle
158615,cattle ranch
208185,tween girl
211173,sheep dog
209317,swiss family robinson
10532,suburbia
158389,wristwatch
158390,landlady
269,diving
2768,atlantis
2769,deep sea
2770,war ship
2772,diving suit
3193,harpoon
10503,scuba diving
14785,underwater
155334,scuba
191409,captain nemo
219972,giant  squid
2070,olympic games
3266,jamaica
3777,training camp
4307,reggae
4310,bobsleighing
2161,mouse
2283,ball
5152,midnight
173003,evil stepmother
208705,fairy godmother
234683,glass slipper
193143,winnie the pooh
214549,short
9977,part live action
18266,south america
158402,pinata
209220,live action and animation
3971,könig arthur
8504,merlin
2868,crusade
2951,mercifulness
4615,folk hero
1505,famous score
2342,laughing
2344,chimney sweeper
2857,elephant
3032,suffering
3199,clown
4075,ear
9207,storch
33429,big ears
12554,dragon
193521,part animation
3872,broom
2860,heart
159312,nothing
191102,tea party
2527,fox
18165,animal
167982,unlikely friendship
6669,step father
11546,hitchhiker
6383,music competition
7954,salzburg
165468,governess
165470,convent
165485,music contest
165492,novice
165493,puppet show
165495,nun in love
189422,nazi occupation
1418,skyscraper
13116,one man army
33553,walkie talkie
162304,elevator shaft
2552,chimp
4003,botanist
11372,lemonade
160097,intelligent
14633,moving out
2102,brother-in-law
174534,young wife
174539,police inspector
174543,greenwich london
174548,older husband
174552,shop owner
183886,illegitimate son
3490,pop star
5716,record label
41591,music band
9094,womanizer
155794,physical abuse
208710,picasso
212801,ex cia agent
228081,christmas parade
3450,bridge
9895,kenya
158130,animal attack
158215,lion attack
158217,colonialism
158219,swahili
166241,performance art
165461,march
733,dancer
1407,montmartre
3282,gondola
3525,racehorse
4412,grandfather
4992,senility
5159,tourist
6921,jogging
8778,atheist
12372,lingerie slip
33556,urban setting
40950,waiter
156112,wake
156237,jewelry store
159876,unwanted kiss
161287,central park
172418,engagement ring
174116,jumping rope
178883,autumn
188667,park avenue
190161,parolee
199232,jeweler
208764,fiancée
15271,interrogation
10668,stuffed animal
33719,drink
33876,swinger
33880,following someone
33887,name calling
183133,aspiring actor
739,sexual abuse
2400,juvenile prison
5319,pub
9524,navajo
18305,oncologist
9392,orient
4118,ballet dancer
11528,hallucinogenic drug
34145,beach house
155860,philip marlowe
213815,sedation
222476,search for truth
230960,unfaithful wife
234849,tiki culture
185077,macao
3779,air force
213913,manitoba
730,factory worker
985,candy
986,tv addicted person
3358,haunted house
156580,ghost story
6318,control
200802,cyrogenics
2339,political activism
1786,heart attack
34061,american abroad
156456,animal abuse
159792,barrister
159793,stuttering
159801,weir
159802,yelling
159803,killing a dog
159806,cutical scissors
159809,run over by a steamroller
159812,gag
159815,excuse
159817,barrel
159818,zoophilia
160362,screwball
205598,stolen jewelry
186,christianity
835,jewry
1394,gladiator
1405,roman empire
1979,balcony
3566,homily
3570,three kings
3571,crucifixion
3574,bethlehem
5066,stoning
18126,sermon on the mount
161817,monty python
159753,ensemble cast
196401,cross country race
2496,impotence
5900,missouri
5901,texas ranger
158741,grave digger
2763,human vs nature
1488,tennis
2620,evidence
33364,visit
162271,husband
199050,player
209714,3d
1342,dancing master
1343,mambo
1346,dance performance
14751,youth
41260,sensuality
173490,unwanted pregnancy
200129,summer romance
208591,abortion
226861,catskill resort
10092,mystery
11071,plan gone wrong
157892,warehouse
170313,all male cast
171826,told in flashback
177438,heist gone wrong
201058,foreshadowing
207784,rendezvous
224552,iconic
233069,set in one room
233072,uneasy alliance
233073,rag tag group
1960,mine
11314,f word
18543,combat
5812,bad boss
189421,female corpse
2250,menace
2695,ex-lover
3201,orgasm
3303,bedroom
3501,bed
3851,dangerous
9740,sociopath
496,poetry
578,rock and roll
4436,addicted
4523,joint
8903,the doors
226981,blood ritual
1438,office
1998,shop
11836,contest
179867,real estate
201885,pressure
455,farewell
1007,homesickness
1604,operation
1826,space marine
2430,hiding place
3197,riding a bicycle
3243,flying saucer
4527,flowerpot
5958,finger
33966,scrooge
180975,charles dickens
6315,stock-car-race
6316,daytona
2533,fighter pilot
3776,officer
3994,battle assignment
6062,hostility
207414,pilot school
542,street gang
1001,underground world
1002,authority
191349,teen rebel
1565,loss of sense of reality
11209,middle aged woman
12980,brother-in-law sister-in-law relationship
157131,light bulb
210284,off screen rape
3752,night
41002,corn
3126,ant
5705,grasshopper
208636,ashtray
3658,career
4970,autonomy
5628,broker
5636,wall street
4112,strike
6346,trade union
13092,corpse
41410,madness
40879,drunk
2829,last judgment
5651,baptism
5653,vulgar
33785,drugs and addiction
3687,graduation
204151,keg
1829,beheading
3002,fog
3341,leprosy
4079,lighthouse
1543,war veteran
2019,liberation of prisoners
2095,anti hero
155818,newswoman
2851,avarice
7199,source
185722,based on true events
113,holy grail
3968,round table
3969,chapter
5160,aggression by animal
11327,wedding reception
15136,female homosexuality
188737,class reunion
210026,college reunion
12545,mansion
3522,snowboarding
159558,skiing
6042,disrespect
8909,zaire
155391,muhammad ali
155392,summit
155395,endurance
159290,sports history
3028,penguin
3029,telecontrol
155508,jewel heist
197065,claymation
212412,very little dialogue
634,soul
33401,master
33783,dark
156174,occult
158690,clay
202682,lured
10890,treasury department
188717,cross country trip
1025,great britain
1610,country estate
2884,asylum
6262,delusion
156479,inheritance fight
180751,nursery
180754,film-essay
180756,quotation
223059,animal horror
228001,lycanthrope
6382,folk music
18075,political campaign
160517,fake documentary
162339,media manipulation
180724,hidden truth
629,sicily
5091,kiss
173719,haunted by the past
185352,movie theatre
1650,cook
2446,krakow
2690,heart disease
172442,parallel lives
212914,warsaw
6876,vacation
190084,chance encounter
4528,song
7956,cowardice
5552,train ride
155544,horse track
203139,estafa
185461,bar shootout
487,cairo
1160,egypt
1284,identity
1959,burn
1961,landmine
1963,expedition
1965,sandstorm
1966,royal geographic society
1967,cave painting
1968,prisoners of war
1971,mine clearer
1972,hearing
2050,desert scientist
2053,mural painting
174363,greek island
174379,italian army
2425,bodily disabled person
7600,foot
180175,cerebral palsy
3297,videoband
4316,safe sex
168622,soap opera
1591,ex-detainee
2727,porn actor
4952,inferiority complex
5287,tour
34264,madonna
9215,black
34115,transsexual
155410,reading
155417,shade
155418,subculture
155419,shoplifting
180092,nyc
189920,harlem
195624,black lgbt
208340,latino lgbt
234106,voguing
234107,vogue
2574,lunatic asylum
6334,basic rights and human rights
1941,ecstasy
7189,pipe
1423,asteroid
2902,space battle
3373,snow storm
3388,space colony
210346,wookie
232452,jedi master
232453,jedi training
232454,droid
160350,evil prince
160358,reference to socrates
160359,reference to plato
160364,impersonation
211,bureaucracy
318,police state
321,terror
3387,vacuum
3389,warrior woman
226177,xenomorph
972,refugee
2125,gallows
9503,outlaw
156212,spaghetti western
1822,bath
3762,darkness
11826,cottage
14766,cafe
14829,strangulation
18300,english countryside
154846,farmer
191076,english pub
225822,actors
2118,sultriness
2123,father murder
3772,heat
6040,group
3575,jerusalem
4100,british army
4107,british empire
4535,damascus
4717,camel
214410,ottoman empire
766,beethoven
3676,living together
192260,futuristic society
1679,arbitrary law
2325,wrong accusal
3009,farm worker
3010,intolerance
3011,exclusion
6094,defence
1008,guerrilla
2959,vietcong
2960,cambodia
10148,tribe
10403,green beret
12332,apocalypse
177275,napalm
2089,harmonica
2096,auction
2280,emperor
5144,matter of life and death
10014,jabba the hutt
10015,ewoks
220,berlin
292,berlin wall
211431,mortality
2449,black market
3055,soviet troops
3533,prater
4518,postwar period
4691,occupying power
4694,staged death
9665,cover-up
41412,sewer
155451,brit noir
165142,ferris wheel
234089,zither
234091,evasion
214985,tampa
1828,space suit
6016,biology
157634,parasite
181034,h. r. giger
3970,catapult
4013,chain saw
4060,time frame
4065,pit
4067,incantation
157466,necronomicon
560,oxygen
631,apnoe-diving
1741,blindness and impaired vision
1443,clerk
2217,rain
13112,murderer
233450,proto-slasher
4232,melancholy
156024,corrupt politician
158261,bloody body of child
187788,man punches woman
2903,propaganda
2999,recruit
5299,war correspondent
10075,boot camp
11400,sergeant
14900,genocide
14955,fighting
15240,platoon
161840,obstacle course
169144,peace sign
188114,u.s. marine
226426,mass grave
227845,blanket party
2836,cheese
195732,ski
155453,gritty
186686,king of england
18267,vienna austria
222542,fiery redhead
5573,broken nose
155464,over-the-hill fighter
2835,neurosis
3485,comedian
3489,job interview
160442,talking to the audience
8044,flight
156836,space race
221295,sound barrier
6844,stalker
10128,strugatsky
199047,zone
1913,atlantic ocean
1915,gibraltar
155499,convoy
156217,u boat
180178,destroyer
200223,depth charge
226473,comrade
226474,german submarine
226475,naval battle
226476,periscope
228491,suicidal mission
643,horse race
167411,ragtime
167418,reference to mutt and jeff
167424,off track betting
167428,sting operation
167431,alley
1790,banjo
1792,cliff
1904,life planning
2643,dead wish
1318,blacksmith
1501,allegory
1715,symbolism
2867,pest
2869,juggler
208313,death personified
209837,death incarnate
1373,killer robot
1381,sun glasses
18069,laser gun
162484,future war
10122,reanimation
11097,part stop motion
11513,cheating husband
12415,back from the dead
18087,attempted rape
157444,dismemberment
157624,nagging mother
157626,director cameo
160201,union soldier
166464,confederate soldier
179585,american civil war
10855,fate
181324,existentialism
2087,lolita
193682,married
5305,gambling debts
8442,irish mob
226128,filmes focados em um professor
171206,graduate
171219,rape accusation
2286,border
5616,united states–mexico barrier
163127,mexican
41336,government assassin
495,scapegoat
776,screenplay
884,cinecittà
2055,creative crisis
2056,kurort
2058,film setting
161288,existence
184989,spectacle
1788,chinatown
2337,pedophilia
3820,barrage
6057,peace
8506,remote control
10891,giant robot
199065,physics professor
202647,humanity
231277,alien technology
236401,mathematical equation
5332,greed
14638,american
33344,bandit
33684,dead mule
33685,gold mine
162726,prospector
4295,collector
12394,chainsaw
15344,shot in the stomach
15351,kicked in the crotch
18510,head ripped off
157748,fast food
157754,knife through the neck
157760,arm blown off
157762,directorial debut
157764,testosterone
157765,split head
1704,ambassador
155707,musical number
162752,dowager
220648,geofiction
1339,duck
5801,nerd
7074,paperboy
1611,hotelier
1981,colorado
2158,maze
3598,ax
10241,caretaker
190107,snowed in
198471,off season
1449,underworld
1468,child murderer
1752,detective inspector
7946,deer
11335,tape recorder
13153,spirit
18451,over the top
155626,shot in the arm
157458,book of the dead
157459,evil dead
157465,eyeball
157468,tarmac
157470,meat cleaver
157471,shot through a wall
895,optimism
2147,claustrophobia
4276,machinegun
5136,uniform
11105,swastika
11246,barbed wire
11267,solitary confinement
904,pennsylvania
225061,friend
228755,viet cong
228756,pittsburgh steelers
563,deja vu
901,groundhog
902,weather forecast
903,telecaster
905,alarm clock
1521,time warp
10854,time loop
220046,groundhog day
802,regret
157512,mutilation
160410,reputation
209631,englishman
3264,corean war
3995,manchuria
4500,step parents
12400,brainwashing
4630,chaos
12974,principal
389,clock tower
951,delorean
955,plutonium
1743,journey in the past
10125,mad scientist
11860,fish out of water
18425,teenage love
40850,destiny
186189,hidden identity
206687,chases and races
206715,love and romance
206720,teenage life
206735,misfit partners
206736,changing the past or future
206737,getting home
206738,inventions and discoveries
18379,bee
4299,normandy
9156,d-day
11139,steel helmet
1667,pimp
199483,conviction
464,total destruction
467,megacity
1485,stadium
14736,motorcycle gang
210024,anime
3963,cut-off head
2883,imprisonment
11430,punched in the face
12605,eggs
5330,fencing
1757,passenger
1760,casual meeting
1761,metropolis
1772,german democratic republic
1785,casting agent
1787,helsinki
163080,finland
171054,understanding
1756,opression
6751,polygamy
8754,concubine
3061,national socialism
3063,adolf hitler
3068,national socialist party
5783,classical music
190719,musical segments
15108,justice
18522,one against many
166552,quick draw
174244,brawl
156091,missing person
41203,clique
210184,1910s
3035,roman
3339,chariot race
154820,galley
192491,galley slave
2570,rock star
4044,groupie
232186,amplifier
2163,civilization
18330,nature
33577,environment
197052,lost civilization
11870,teen movie
156928,tomboy
207970,female drummer
1474,policy and organisations
789,muslim
1775,demonstration
3930,bravery
4089,hunger strike
4092,morning prayer
4096,hindu
4101,political negotiations
4102,conference
4104,nonviolent resistance
4106,apartheid
4108,protest
4109,independence movement
4110,bombay india
6157,prayer
6193,world religion
6194,hinduism
7926,mahatma gandhi
2111,soviet union
6281,partnership
5832,bed and breakfast place
8032,florence
3290,laser
41609,ego
155722,teen comedy
156811,usaf
156813,computer cracker
4372,wall
3104,killing fields
3105,red khmer
3106,pol pot
1192,sweden
4190,lost civilisation
4191,defense mechanism
13031,creature
13040,electrocution
14825,electronic music score
208337,lost race
210393,nuclear reactor
221816,disobeying orders
222915,forcefield
227719,alien civilization
156802,cornfield
158086,recluse
158679,pta
163976,reconciliation
227655,hearing voices
227656,school board
2505,coronation
41394,ruler
235774,british raj
168374,loot sharing
3276,peep show
165787,home movie
209966,new german cinema
3200,platonic love
10556,male female relationship
5696,grunge
11700,rock music
5779,daydream
6399,rope
156651,lipstick
156770,tightrope
156771,cutter
156772,peony
156773,mastercard
190427,vaudeville act
5349,surfing
4083,rottweiler
158895,shaved head
160879,crash landing
163045,impregnation
178652,penal colony
189414,furnace
193149,suspended animation
1567,intensive care
4553,black humor
161750,dollhouse
194834,amityville horror
3684,religion and supernatural
2626,exorcism
3350,poltergeist
9675,prequel
9712,possession
161261,demonic possession
33467,new home
159940,exorcist
173099,indian burial ground
173103,newspaper article
230191,haunted
11183,fireplace
14792,tarantula
2389,virgin
155493,campy
232441,sister sister incest
4720,ritual
156593,ritual murder
3556,seclusion
5500,playground
10430,seagull
11237,rotoscoping
11429,head wound
11732,cigarette smoking
14660,bird attack
156390,face slap
159841,cigarette lighter
170378,schoolteacher
172210,lovebird
172218,shopkeeper
172223,chased down street
172225,unsolved mystery
172226,blood on head
172228,schoolhouse
10154,blob
167149,good cop bad cop
172136,space monster
188178,teenage hero
221696,kid brother
233401,monster film
234727,teenage heroine
234730,unkillable monster
234731,people eater
234732,night of horror
234733,highschool kids
234736,skeptical adults
234739,learning to listen
5789,sand
180162,death row inmate
187675,medical student
191331,body snatchers
155301,rough sex
160292,religious conflict
169618,bestiality
169620,correspondence
169621,vampire sex
169626,autonomous shadow
225470,vlad
5313,parts of dead body
5314,mill
155489,classic horror
235810,comedic relief
15346,old dark house
155733,old house
161707,candyman
161722,housing project
161728,urban decay
187343,belief
41381,rapist
165271,listening to the radio
1674,stage
3036,bible
10266,prom
14624,cruelty
14837,rage
164346,praying
173971,taunting
222314,abusive mother
226602,firestorm
10563,attack
10968,lingerie
15365,held captive
157890,dissection
179416,jungle cat
2116,sleep
157418,boiler room
171814,medical test
394,gypsy
208709,columbia university
856,paraplegic
946,excommunication
1330,social coercions
181011,oil platform
1406,night watchman
503,federation
505,starfleet
522,borg
671,enterprise-e
49960,business start-up
3810,jumping
33484,concert hall
191815,breakdown
170630,repair shop
170633,southern
170646,death threat
170647,story
170648,religious art
210190,turboman
210191,navidad
2409,church choir
5708,gospel
172504,reverend
1700,massachusetts
10138,satan
33795,salem
4709,hand grenade
10808,dulles international airport
11720,officer involved shooting
158770,air traffic control
195741,commando unit
207771,snowmobile
504,uss enterprise
1430,self sacrifice
155211,klingon
155212,vulcan
559,peace conference
665,uss enterprise-a
750,rura penthe
4732,peace contract
748,sha-ka-ree
12388,romulans
747,genesis
1613,terraforming
1615,simulator
1617,cadet
1618,radiation
5218,uss reliant
5219,ceti alpha v
5359,marine biologist
15002,dark hero
15481,fictional city
163074,super villain
173861,deformed
173866,bird cage
173867,evil circus
214644,christmas holiday
34130,makeover
164246,nostalgic
165132,greaser
165136,wolf whistle
165137,school dance
165139,animated credits
165143,pep rally
165147,wrong side of the tracks
165148,mooning
165154,school principal
8290,talent show
188957,virus
13098,moral courage
162756,whaler
2069,bathing
2993,police chief
2996,ferry boat
11280,dolly zoom
15097,shark
15098,great white shark
3735,boat accident
4210,panic
5156,current
158297,high-tension current
204009,tourism
15058,swimming
158108,killer shark
158252,giant animal
158345,water skiing
158350,boat trouble
158353,sea world
3635,national security agency (nsa)
169028,sable
169046,writ
839,mars
843,cataclysm
1705,congress
193013,extremist
194228,salesmen
2303,mathematician
4967,assignment
155509,hemmingway
8097,leukemia
10163,cancer
185263,bone marrow transplant
163116,civil rights
208647,activist
156022,nypd
1670,sun
2700,sperm
14570,las vegas
3804,post
4025,brittany
4029,bourgeoisie
5808,pregnant minor
5916,gallery owner
157380,tabloid
157384,news reporter
8519,mohawk
208123,french and indian war
6140,vice
210494,archangel michael
509,denmark
212738,british prison
175357,neurotic
208476,starting over
2565,bath tub
165707,deification
165713,dancehall hostess
165716,perónism
165718,argentine president
165727,singing narrator
165728,soccer ball
414,hunter
161281,geologist
188154,rites of passage
193760,australian outback
207476,dingo
208662,kangaroo
209560,aboriginal
214511,sunburn
215162,indigenous peoples
215413,walkabout
215414,didgeridoo
215415,australian bush
215416,adelaide south australia
9950,thriller
162388,retribution
3983,marketing
4328,costume
2080,stewardess
198541,air marshal
208637,turbulence
3075,ninja fighter
8119,persuasion
156236,jewel thief
200808,negotiation
161213,high school reunion
207964,aspiring architect
9855,slow motion scene
179029,rubbing suntan lotion on someone
210547,kite
211677,sunbathing
2227,evacuation
2859,lava
3623,cabin
4663,lovers
7051,volcanologist
158272,seismograph
163398,volcanic eruption
164658,rowboat
188351,catastrophe
208580,acid
211215,county fair
220844,volcanic ash
2134,press
6996,car garage
1897,oregon
204967,runner
457,responsability
1907,fictitious marriage
2452,crematorium
3536,cello
3614,disappointment
4051,ban from profession
4052,political instability
4053,trabant
33479,single father
208147,czech republic
164605,withdrawal
10260,mechanic
14529,improvisation
157409,whispering
160510,travel agent
160511,amateur theater
160512,dairy queen
160515,alien contact
160518,city council
160522,wagon train
160528,chinese restaurant
160529,product licensing
160530,hidden character
208664,beautician
159949,neo nazi
9799,romantic comedy
6433,roulette
4317,wedding night
2359,headache
3295,vicious circle
3302,bloodthirstiness
3305,housebreaking
3394,identity crisis
167715,informant
177554,stealing money
177555,marriage counselor
177565,shaving cream
177571,playing cards
4513,blind date
18115,retired
155331,jewel
193227,lunatic
190068,released from prison
199080,bank robbery attempt
4954,paternity
6935,erection
1594,ex-boyfriend
5138,gas
6168,master thief
186946,the saint
792,copenhagen
3355,inuit
4803,comet
8721,arctic
2423,simulation
2699,fetish
2843,fetishism
3260,masochism
4425,james dean
15219,rooftop
177972,bickering
164447,tejano
164460,elopement
164468,bustier
164476,fan club
7005,northern ireland
11128,furry
11500,anthropomorphism
208586,acting
208916,movies
155247,irreverence
155248,nephew
3650,child hero
10864,human sacrifice
11272,piloted robot
156159,martial arts tournament
161742,film starts with text
185200,pirate ship
158233,anaconda
158235,film crew
158241,killer snake
158244,river boat
217120,amazon river
6275,school party
5919,necrophilia
33709,head
163208,singapore
208674,irish traveller
199656,white woman
209125,gourmet
209126,caucasus
7151,junk food
7289,cafeteria
33922,pop music
171556,social outcast
173497,dance club
184426,ruse
192839,excercise
197077,cliques
197079,faded trends
197081,airhead
1925,camera
6539,joseph stalin
14598,vodka
4159,dancing scene
4504,penthouse apartment
4505,judo
4506,trapdoor
4507,clowning
14914,swinging
155762,swinging 60s
1927,car breakdown
2441,donut
9743,stranded
10250,redneck
11259,extortion
156165,trucker
18171,thunderstorm
212676,wrath of god
1508,new mexico
8232,west virginia
2035,mythology
163607,chinese food
7028,run away
11733,drug dealing
3622,stowaway
10150,end of the world
11290,cab driver
169593,resort hotel
172718,ancient astronaut
223344,archeologist
229863,ancient evil
234630,cruise liner
1673,brass band
1766,velociraptor
1768,san diego
33780,dentist
158120,exterminator
194088,heart warming
10483,eccentric
15234,convict
33482,war hero
156805,dea agent
195295,motorcycle chase
228194,collision course
10452,credit card
2033,hades
180912,olympus
187301,hercules
10116,female
14629,experimental film
208645,telephone conversation
209992,japanese cyberpunk
236175,part of trilogy
883,capri
885,villa
1865,biological weapon
12391,boat chase
170212,criminal gang
188134,golden gun
194942,arch villain
208708,bullet ballet
4522,supermodel
160963,elderly couple
238096,rug
177927,homeless
2173,illegal immigration
2428,deportation
3240,giant cockroach
3242,cannon
4751,stay permit
174915,fictional government agency
2846,prime number
3412,star
3416,radio wave
3417,wormhole
10706,spirituality
159961,ham radio
162356,mechanical engineering
226028,eccentric man
539,middle east
11718,feminist
15248,commando
161247,drill instructor
191110,army base
225707,reconnaissance
225710,sexual discrimination
14665,barbarian
234213,sword and sorcery
9786,burned alive
161306,world trade center
182069,jumping off a bridge
4380,black hole
8468,crew
10114,evil spirit
10135,hellgate
14888,burning man
18031,rescue team
188989,supernatural power
191586,trapped in space
223504,distress signal
227489,derelict ship
158567,burn victim
158386,golden retriever
158387,dog actor
2751,career woman
4934,theory
192097,target
226689,newsletter
156789,freeway
156790,propane
1881,dutch
9109,nest
14673,disease
192942,insects
1384,diamant
5638,arrest
9098,trunk
164149,attempted kidnapping
5295,planetary configuration
1954,ultimatum
8986,air force one
10184,airplane hijacking
10237,aerial combat
15089,fighter airplane
174019,american president
155460,defection
1896,portland
2347,idaho
2352,narkolepsy
2353,pink bathrobe
168551,italian stereotype
2522,grizzly bear
4811,emergency landing
157325,bandage
167145,knife in thigh
167164,call girl
208611,1950s
228495,falsifying
188,buddhism
1529,buddhist monk
4559,dalai lama
4561,lhasa
3877,covered investigation
208693,unity
9792,djinn
3883,danger of life
173303,surprising
9794,toxic
184503,father-in-law daughter-in-law relationship
224563,beekeeper
224564,orlando florida
8070,stag night
164852,steel worker
164861,repossession
164865,male stripper
10225,pageant
9767,beautiful woman
4170,john f. kennedy
208930,radio dj
208931,hall of fame
6964,tribute
156204,neil young
156205,concert film
4035,blood sample
4039,biotechnology
158292,eugenics
3205,fairy tale
33564,u.s. soldier
221663,alternate life form
221664,"snowfield, co"
221665,deputies
1738,ukraine
198141,strange person
4116,heaven
10756,janitor
5975,menstruation
6156,superstition
11705,tavern
34100,all black cast
9754,profanity
15214,buddy
3675,arts and culture
4826,repair
5370,arts expert
5372,host family
5373,damage
5374,poster
5375,artwork
5376,creativity
163242,teenage rebellion
166256,pool cleaner
208913,spanish music
3051,hostage drama
2864,one-night stand
3817,chance
4959,death of a friend
2683,tango
1661,sarajevo
7973,bosnian war of 1992-1995
209129,textile company
2852,proof
18321,porn industry
158968,gay lead character
8447,amish
208590,barn raising
8058,rembrandt
2900,buenos aires
210018,half sister
179485,chinese american
3692,scandal
8034,in flagranti
10328,reality show
207063,make believe
207064,pretend
184950,privileged life
11579,impalement
3462,tzar
158620,russian revolution
158627,train explosion
158628,foreign language adaptation
158629,exploding train
6034,theatre milieu
18082,flamethrower
18086,disembowelment
158256,gene manipulation
158993,man in wheelchair
163270,breeding
197239,regeneration
226178,alien queen
226179,explosive decompression
226180,swimming underwater
2831,slavery
155756,tall ship
163120,slave trade
3033,apostle
3065,minister
3207,concentration camp prisoner
172732,police fake
6483,ice hockey
3092,slime
5401,tax consultant
6592,parish hall
7140,devoutness
2462,m.i.t.
3734,ambition
228041,prodigy
7136,technical toy
6812,film festivals
208508,murder plot
166287,school bus
188974,vehicular accident
41415,reptile
2984,iceberg
4388,titanic
4953,ocean liner
182615,steerage
182621,salvage
182625,rich snob
1774,news broadcast
3586,tv station
4023,lyon
1534,attachment to nature
2749,riding accident
2753,horse whisperer
4794,bluff
10244,based on cartoon
167889,short sighted
418,white russian
419,dude
1337,carpet
1541,nihilism
160846,ashes
200646,bowling ball
219881,weeds
1690,belgium
34214,gender
34333,lgbt child
193544,save the day
193546,siblings relations
193549,eccentric family
193551,vigilantism
193552,heroic mission
206691,buddies
206692,daring rescue
206694,master villain
168663,jamaican
2733,firemen
166524,jail break
191404,forest fire
2419,staging
2941,albania
2943,sex scandal
2953,media adviser
185199,matrix
214730,retrofuturism
33557,rehearsal
5404,meteor
208870,cybersuit
4898,armored car
8207,crook
13129,execution
4373,fraud
15232,parole
193305,dishonesty
4715,autopsy
8264,symbol
197582,mysterious
201125,detached
983,brazilian
11121,plot
18263,revolutionary
637,pop
1740,pop culture
33696,sea monster
196917,armed robbery
1376,assault rifle
15211,sunglasses
159932,uzi
177964,contract killer
235220,replacement
223587,tabloid reporter
2636,blues
178650,bus trip
3576,raumschiffabsturz
162350,ocean floor
162351,deepsea
3568,lone wolf
159317,rude
159318,obnoxious
228768,noodle salad
177588,religious statue
177589,aspirin
3094,australian
41515,gay parent
1524,surfer
1669,wave
1671,surfboard
160177,mountaineering
192779,mount everest
6201,fall
6846,borderline personality disorder
157722,domineering mother
177695,crime spree
177703,western u.s.
2920,cheerleader
3181,pretended murder
3184,alligator
3185,crocodile
3186,everglades
3188,heart-throb
3189,white trash
3192,intellectually gifted
3478,parrot
209065,baskeball
1794,yakuza
6203,loss
6297,japanese mafia
6375,george w. bush
1983,pharmacist
10217,tourette syndrome
33630,doll
159546,pharmacy
164500,infatuation
209223,multiple sclerosis
11953,loft
206039,analingus
4637,parish
17986,miscarriage
184935,gay man straight woman relationship
7089,dominatrix
156854,cat fight
2494,ohio
168603,deep space explorer
3432,bangkok
10656,child in peril
212760,interspecies romance
178923,wedding date
162333,tall man
179882,romania
189099,giant
4277,to shoot dead
208874,sea lion
4042,underclass
5895,viking
214956,alan smithee
7540,circumcision
10983,anthropology
156181,lecture
163088,lost tribe
172715,faked footage
173117,hoax
193173,papua new guinea
208365,new guinea
216936,circumcision ritual
178423,embryo
178424,living under the bridge
178425,music rights
14818,model
209997,iranian new wave
3683,law and ethics
11265,mind reading
17987,killing spree
3605,baseball bat
7597,dollar
8739,jackpot
10530,atlantic city
176516,slot machine
2560,paparazzi
5413,bungee-jump
18512,slow motion
34053,video store
159514,subtitled scene
161992,kosher
161994,stealing a car
161996,movie poster
161999,suitcase full of money
7347,tarzan
163751,translator
4319,french revolution
6941,tsunami
199076,disaster movie
5829,nova scotia
181755,dealing with the past
2026,lawnmower
4126,fascination
4593,atomic bomb test
5698,egg
7671,godzilla
161791,kaiju
41156,liberal
165347,swearing
207009,hip hop culture
167799,gonzo journalist
167805,sweaty face
167809,wedding chapel
167812,grapefruit
167818,cadillac convertible
167822,gibberish
167830,corvette stingray
167833,police convention
165577,interracial love
173486,drinking contest
221615,mauling
191820,nordic noir
2833,psychoanalysis
3125,razor
14698,throat slitting
158203,straight razor
190007,mental hospital
1638,translation
1639,clarinet
1640,conservatory
1642,bicycle accident
3768,rest
188953,sign language
191088,overleven
191089,family guy
3452,love letter
155791,american football player
164615,washed up star
197083,jocks
197088,revenge plot
174420,intern
4381,napoleon
161837,foot race
33896,montage
7101,substitute teacher
2156,homeland
5719,cricket
41022,protestant
2908,secret society
3271,secret organization
4249,x-files
167625,talking to animals
8806,purse
155552,elmore leonard
5887,compulsive gambling
211487,space centre
167377,lapd
167381,house on fire
6476,toy shop
156337,prototype
180691,killer toys
2358,helix
2362,chaos theory
2390,migraine
11223,dream girl
15027,taboo
158502,frisbee
158505,troubadour
158507,gross out comedy
194413,intellectual disability
3393,tombstone
4382,flashlight
158726,wooden
158727,washington monument
158729,ghoul
158734,odor
162512,siren
10141,battlefield
33638,warfare
234078,fighter pilots
156764,pre-code
162487,wisecrack humor
193649,early sound film
215678,partially lost film
260,disillusion
188725,trenches
227807,young soldier
235080,battlefield trauma
193605,land rush
1317,card game
9552,baron
9661,dying man
169057,merger
172327,revolving door
177995,dachshund
191786,stenographer
201490,flirtation
238090,prima ballerina
238091,bookkeeper
6611,tahiti
168297,tyrant
170314,flogging
181240,voyage
190122,ziegfeld
2693,monopoly
33701,river patrol
33702,bombing
197413,dunkirk
2677,weekend
6662,delirium
156318,bats
161043,suicidal thoughts
171567,low self esteem
201456,paranoid
447,post traumatic stress  disorder
2367,rehabilitation
3089,oscar award
6974,rise and fall
14548,political assassination
179017,hick
41585,travelling circus
3365,pearl harbor
158372,military life
47079,dock
69467,longshoreman
156151,pigeon
12544,crying
14646,overbearing mother
186403,dance hall
210019,old maid
9932,feud
10449,sondheim
160367,lifting female in air
165100,young love
165212,modern day adaptation
165214,shakespeare in modern dress
222842,squire
717,pope
4350,thomas more
4351,protestant church
4352,thomas cromwell
4353,oath
190285,henry viii
3879,suspect
14783,false accusations
3430,pickpocket
916,marseille
4655,hijacking of train
238010,herion
33494,couple
162219,selfishness
188533,blood on face
216734,abandonment
172291,grieving
3044,olympian sports team
183896,neighbor neighbor relationship
1906,egocentrism
214965,savant
211660,old age
4367,jinx
4671,bad luck
2376,perversity
2380,audio tape
4470,punk
8900,rocker
206298,young adult
18129,labyrinth
170362,fantasy world
189094,goblin
6291,tardy hall
15299,detention
10170,premonition
10985,spontaneous combustion
203360,psychotherapist
17985,birth
207884,fetus
220348,womb
11469,memory loss
224625,halfway house
225210,memories
793,drowning
14805,maniac
15227,counselor
155627,axe in the head
1890,camping
193575,b horror
207969,brisbane queensland
163621,jason voorhees
163651,one by one
163652,friday the thirteenth
179422,jason vorhees
6304,sewerage
8764,times square
10024,psychopathic killer
11040,masked killer
11488,pot smoking
157701,psychotic
174424,smoking pot
198914,institution
207159,escaped killer
1805,curfew
159433,surveillance camera
207031,stonehenge
1435,scissors
1546,ambulance
3874,twist
4728,knife
207399,october
10059,boogeyman
156392,scythe
156525,heroine
162538,pitchfork
164218,psychotronic
176182,psycho
194729,disco dancing
10081,locker room
15085,splatter
18005,high school friends
18732,sexual repression
33725,locker
166229,prom queen
13067,body double
172454,casual sex
201120,ginger
6151,faithlessness
10603,killer doll
171781,military academy
206266,war games
2723,medium
3093,ghostbuster
11627,paranormal phenomena
196964,power of goodness
4769,supernatural powers
5569,vomit
10112,ouija board
18402,strong language
179564,disturbed child
198435,sfx
4793,examination
5810,pact with the devil
179566,locust
167316,buddy cop
234038,recklessness
167328,diplomatic immunity
167331,loss of girlfriend
155716,rookie cop
167308,dog biscuit
167309,shooting practice
167311,judo throw
167313,police psychologist
167319,firing range
2182,bars and restaurants
2551,pet
2725,sunlight
5151,salesperson
6126,banking
7948,skunk
10005,gremlin
10006,ymca
4713,research station
5157,electric shock
6247,cleverness
14778,urination
169925,hidden
169929,reference to liberace
169930,group vomit
169931,exercise machine
169936,water slide
169945,housing
169950,foreclosure
169951,walking the plank
169953,lost treasure
169955,lifting male in air
5113,overpopulation
3223,machine town
3640,work
5966,tower of babel
11222,prophet
201028,depravity
206472,masterpiece
234109,downtrodden
234110,saviour
390,skateboarding
956,almanac
12026,alternate history
33888,electric guitar
172251,walking cane
196664,high school dance
226370,hoverboard
226371,video phone
386,railroad robber
957,indian territory
1544,locomotive
10511,western
155573,wild west
18211,loss of loved one
1462,samurai
4631,looting
5329,rice
33558,practice
208244,16th century
2045,cynic
2687,fiancé
4315,courtly life
34221,gender roles
4234,guild
4235,duke
4743,jihad
6074,spice
194063,messiah
197602,denunciation
41511,cross
162706,temptation
162708,mary magdalene
716,vatican
6548,the rapture
10062,religious conversion
12654,armageddon
161264,religious fanatic
160089,underage
208445,virginity
9678,mind control
207069,behavior
192519,emigrant
1327,war crimes
4300,parachute
4302,troops
4303,waffen ss
4304,omaha beach
11108,american flag
11111,war memorial
11371,deserted town
4078,ghost ship
5621,american football coach
8338,coach
10310,leprechaun
9401,sherlock holmes
155325,cartoon mouse
179294,counterfeiting ring
155645,auto mechanic
179213,monte carlo rally
180194,spellcasting
3256,infant
6380,shrinking
7035,riesen insekten
8515,biene
209140,negotiator
10132,matchmaking
18008,divorced
168211,twins separated at birth
10456,athlete
41391,tequila
200739,driveway
213118,sportscaster
5956,stuntman
11830,hot tub
12093,special effects
14599,birthday cake
50244,making of
166297,set
166300,location
166309,documentary crew
166310,cast
166313,effects
166321,film union
166323,horror filmmaking
166339,prop
15055,kissing
209003,gentile
2548,kleptomania
178210,marital problem
215579,hypnotherapy
14737,economics
156338,corporate greed
1660,suppressed past
177362,tax evasion
3460,russian revolution 1917
163484,senior citizen
220195,daughter–in–law
8629,made for cable tv
3700,garbage
18058,pig mask
18127,new neighbor
162993,dark humor
183953,madman
10287,skydiving
11695,automobile
33979,surprise party
161188,austin texas
168697,firework
168700,dusty
168701,stunt flying
4581,jam
174594,nazi resistance
156207,ear cut off
198910,child smoking cigarette
198912,riding freight train
191117,disney
230873,animal lead
236685,walt disney
5938,mermaid
11017,spell
190406,bargain
41132,hockey game
41401,winning
191222,the big game
161174,christmas carol
174240,juvenile crime
174243,child empowerment
174245,boy singer
174252,name change
174258,juvenile detention
8841,puppy
158369,dalmatian
47972,native peoples
155586,spinach
223172,abandoned baby
5350,eagle
5344,bottle
10591,energy
14617,mole
156168,hole
158027,tide
15252,magical object
198756,aladdin
209649,wizard of oz
175091,flying man
175103,pilot hero
175107,nazi collaborator
208289,1980s
7430,sleeping beauty
34137,dungeon
179411,based on fairy tale
223448,fairies
3986,spider
163075,sideshow
230951,lightning rod
282,video game
174599,swing dancing
11696,underage drinking
232798,seventeen
2221,meteorology
3912,tv duel
6340,weatherman
160730,wild comedy
160736,blow
160738,neominstrelsy
160741,phone book
160742,sharecropper
160743,tennis court
11427,movie reference
3455,just married
4491,marriage contract
188083,brain surgeon
5522,grand canyon
15118,ensemble
15119,mugger
15120,kindness
158072,man eaten by monster
603,elves
611,hobbit
2137,totalitarian regime
8202,big brother
162331,orwellian
2858,sacrifice
3680,apparats and technics
4376,lorry
5046,automation
10547,arcade
169658,exploding gasoline station
4914,malice
7063,children gang
11083,paganism
11266,evil preacher
162766,religious cult
190624,killer child
238141,stephen king
34004,second chance
166631,loan shark
207697,accountant
2967,leonardo da vinci
196905,step siblings
232987,brigands
233134,classism
234073,bandits
236376,commoner
236377,emotional abuse
209005,boring
159339,safecracker
209053,rosh hashanah
1531,mountain lake
8642,casanova
14873,tenement
193266,croupier
199029,dealer
206836,hippy
236908,lemons
41402,invalid
5333,guest
6951,biker
160132,male fantasy
4455,snail
194258,shell
6013,chemistry
14752,potion
169903,drying self with towel
169908,animal human communication
169909,spiderweb
169911,sentimental
158324,runt
158328,river crossing
3905,owl
5457,mythical creature
188847,crystal
7328,hanukah
7329,pogrom
230843,gump
10280,farce
160140,exchange student
633,record store
10216,outcast
11798,slumber party
202540,origin
171612,secret admirer
171626,post college
4428,stone age
159955,cavemen
178645,prehistoric adventure
183414,prehistoric times
191348,neanderthal
192918,prehistoric man
8028,botswana
155296,kalahari
155297,bushman
155298,aeroplane
155300,tribal
3513,safari
3823,weather manipulation
208974,nursing school
208975,nomad
10561,video camera
168659,murderer duo
8685,anti-christ
18401,contemporary setting
41600,laundry
163055,satanic cult
172376,lucky charm
172382,woman in jeopardy
172383,eating disorder
190083,gnome
207372,quest
4015,aggression by plant
6388,tomato
6401,vegetable
9660,low-budget
6847,malaysia
9259,vampire hunter
14731,martial arts master
14935,disarming someone
40884,blade
162301,english subtitles in original
168859,hypodermic needle
175023,microscope
175036,secret headquarters
175041,bullet dodging
175042,bullet time
175048,kicked in the groin
175049,x rayed skeleton
175050,mouth guard
202703,deadly
206695,master warrior
10106,ballroom dancing
171400,fraternity house
171401,pot
171411,teen suicide
171416,autopsy room
4721,violin
8608,violinist
3891,giant snake
5941,calypso
6022,arts
7925,child bride
47024,pin
196433,ruby
4814,banquet
4942,victim of murder
5575,footlocker
11440,long take
180824,spiritualist
156026,east germany
156938,insurance
41721,physician
165064,frenchman
165368,inter cultural
236911,cymbals
4908,leave
3356,quebec
33608,gardener
185528,blackmailer
226409,crisis of conscience
235910,innocent suspect
238046,rectory
238048,seal of confessional
584,perfect crime
8562,lighter
167020,husband wife estrangement
199939,cocktail party
234216,tennis match
238821,tennis pro
164275,doo wop
164282,showbiz
164290,crowd
164294,black singer
164296,addict
164306,legal battle
14899,white suit
155714,al capone
168590,tough cop
177354,treasury agent
177359,untouchable
177364,jury tampering
177370,rule of law
177372,rooftop chase
177380,cutting face while shaving
181385,freighter
195410,fundraiser
18395,dance music
163000,lifeboat
167700,steward
188766,radio operator
2285,telegram
180826,aircraft factory
18040,loan
174815,cornwall england
233409,plunder
236546,cutthroat
236547,smugglers den
236548,law officer
236549,organized shipwrecking
236550,corrupt magistrate
236552,shipwrecking band
236553,loyal wife
236554,cornish coast
4526,concussion
154786,old lady
236458,magician
236558,adulterous couple
6845,saboteur
163228,runaway train
207681,macguffin
236523,stolen necklace
236524,runaway bus
157768,vaudeville
184816,blackface
189931,guilty conscience
191485,coastal village
209979,isle of man
234663,best friends
236465,seafarer
236488,deemster
237185,public disgrace
12203,riches
181203,headmaster
186714,fall guy
189438,expulsion
209222,misfortune
236482,school student
236483,wrongly punished
236484,dancehall
236485,paid dance companion
236486,stage show performer
9813,french riviera
166812,prize fighter
163119,injustice
167198,fashion show
167200,fashion model
194568,alfred hitchcock
196782,serial murders
7496,gain
2847,entrapment
191494,numbers
209071,child like
215184,chivalry
11122,german officer
221393,demolition derby
2248,moderator
155646,kickboxer
158438,lost shoe
9808,cult comedy
161823,physical comedy
170827,sex comedy
14714,summer vacation
162804,sexual awakening
171341,underage sex
201156,debut
161279,mysticism
161280,biblical plagues
221385,gnosticism
10910,wealthy
4404,guantanamo bay
4405,marine corps
4406,military court
4407,code red
4408,command
163189,court martial
227642,platoon leader
227890,military law
200784,detox
163599,death of parent
11448,two man army
167350,consul
167352,crime lord
167362,art treasures
167366,reference to chelsea clinton
167371,roses are red poem
5905,father
11296,choice
199551,insane
209051,adopted son
10038,audi
13068,impostor
14678,case
157168,ice skating
157238,computer expert
159669,ex kgb
159679,preparation
159685,cellular phone trace
159688,merry go round
2861,gallery
15478,art gallery
217311,sex party
7041,sahara
11031,guerrilla warfare
189399,militant
194451,social issues
220770,free cinema
677,atomkrieg
6770,dr. fu man chu
6776,yellow diamant
11100,giant monster
158091,giant insect
219368,giant ant
1445,ice
4711,norwegian
14728,antarctica
14729,shape shifting alien
155821,sled dogs
4986,enemy
11497,unfaithful girlfriend
14906,slave
161248,individuality
4326,theatre play
2779,flower shop
10254,clubbing
439,paradise
10963,theatrical producer
10964,eva braun
488,moses
194576,julius caesar
160497,wrongful arrest
164478,candidate
208915,celebrity worship
8616,guru
10582,television producer
167915,hostess
2850,testament
170783,learning disability
170786,birth defect
170801,suit of armor
3770,listening
33756,deaf
158023,curiosity
203624,physical deformity
207673,freak
208666,dignity
4944,route 66
190349,chucky
190821,family curse
222049,school counselor
5737,book burning
222982,colour
10423,tour bus
156166,mormon
194943,henchmen
2904,mummy
12666,darkside
155488,black cat
166862,severed hand
204102,gargoyle
214544,horror anthology
15084,skull
34051,team
161935,relic
166720,vampire slayer
178159,turning into a vampire
224795,drinking blood
41509,hate
159950,neo nazism
191726,nazism
215876,prison rape
10073,documentary
158606,pickup truck
208390,lgbt elderly
187,islam
171559,ridicule
171561,lawn mower
171563,deserted by husband
171570,black and white to color
3345,bahamas
10793,resort
5970,wrestling
155678,penis
4619,train accident
5643,prison warden
171587,stepford wife
189494,stepford
11053,punk rock
164353,bassist
164359,hanging from the ceiling
34268,rescue from drowning
34269,ostia italy
35554,movie starshrine
41557,shrine
163865,railway station
181958,starving
4432,gathering
188293,remembrance
215348,all star cast
2980,wiretap
9778,exploding building
18419,privacy
158938,baltimore maryland
227411,secret hideout
1526,home
8790,ant-hill
11539,grass
8527,exzentrik
1161,brazil
158642,long lost relative
158651,realism
9285,serbian
11872,atrocity
4258,lottery
12996,dogme 95
18187,family reunion
900,trailer park
3443,excrements 
3444,disgust
3445,dog dirt
11192,adult humor
5703,lizard
5704,giant lizard
158126,creature feature
159099,gojira
210614,monster movie
2771,octopus
11873,king kong
12369,tokyo japan
196425,giant ape
201956,giant octopus
204975,lost world
188280,sea voyage
234196,great ape
2465,rolling stone
5444,lonely hearts ad
166103,amazon rainforest
180549,deforestation
172455,fletch
172463,cabana
172466,country club
167213,saturday night live
6556,talisman
8828,marvel comic
6134,automobile industry
181579,auto industry
211277,car factory
3198,price
155724,home ownership
2736,fire engine
3289,villain
3518,ascot
3519,silicon valley
3520,zeppelin
3523,microchip
3524,doping
3528,flooding
3535,pipeline
156095,british secret service
40957,police academy
7477,police everyday life
208260,commandant
6648,police headquarter
208335,miami beach
2206,piggy bank
4900,shortage of money
6746,hamburger
3741,talk show
209047,raunchy
4652,bath house
14720,love affair
3769,voice
158471,carrier pigeon
1322,money delivery
33672,financial transactions
10115,snowman
162392,spacecraft officer
162399,exploding ship
1949,pyramid
2226,exodus
6088,governance
157894,ancient egypt
183814,hebrew
186939,pharaoh
4333,theatre group
6521,theatre director
5399,challenge
6223,change
217325,masses
15275,parade
201069,commercialism
10385,reindeer
1502,marshal
6816,gold mining town
189392,gold miner
1375,submachine gun
5386,tramp
5387,national guard
6112,firearm
3541,afghanistan
4269,war on freedom
5389,mujahid
161048,japanese food
14708,tears
33352,police car
155633,mahjong
163512,retirement community
163513,giving away money
163514,retirement home
163515,trespass
163516,defibrillation
163526,charter boat
172971,elderly
207105,space and aliens
207106,benign alien
207107,golden years
208737,rejuvenate
18011,pregnant woman
160946,expectant mother
161534,pregnant wife
163488,human alien
163491,human form
163497,ice cream sundae
163503,wife and husband lead actors
4610,comeback
5378,world champion
5379,challenger
5394,rematch
6066,defeat
6067,victory
3861,loss of powers
5396,sibiria
2062,restart
2298,bankrupt
5397,street riots
5398,sponsorship
5400,champion
5402,boxing school
10090,board game
160887,based on game
2921,school friend
171427,whirlpool
171431,clothing store
171434,source music
171438,poetry recitation
171439,bribe
171442,clothing store owner
171443,reference to longfellow
171445,tutoring
10735,rape attempt
170468,grave digging
187236,submission
228402,defenseless woman
228403,police inaction
2063,taskmaster
8676,okinawa
8677,revanche
155023,self esteem
6211,fighter
228415,christmas bonus
228416,jello
182195,online dating
14552,ira
162917,police reporter
209063,motor neuron disease
7156,commander
8083,pacific
9897,rifle
11823,pacific island
160325,guadalcanal
169123,awol
232587,philosophic conflict
206364,anti authority
231149,mob
233296,students
236892,groupthink
11431,wrestler
14759,ape
158040,exotic pet
158041,team roping
173339,laughter
15161,rebellious daughter
15163,freeze frame
15164,custody
15165,school play
15166,photo shoot
5212,advancement
8077,benito mussolini
166113,marriage problems
158605,falling off horse
158607,horse riding accident
209077,flautist
10587,nottingham
33768,blind
209022,massage therapist
155169,american football star
1806,deserter
9980,toilet humor
8012,physicist
156169,backyard
156170,record album
156171,dawn
156172,geode
156173,eye gouging
156175,dead dog
156176,moth
156177,mud mask
156178,hand
181304,fly the insect
4753,to beam
177453,criminal defence lawyer
11541,surprise ending
11542,shock in the end
11545,leatherface
11547,slaughterhouse
33874,polaroid
230137,cannibals
9366,hammer
12090,cross dressing
17973,skin
194884,psychos
221226,circuit board
233133,paranoiac
170335,whipping
344,inquisition
352,secret passage
161167,persecution
161258,franciscan
187316,burned at the stake
195889,poor
207046,murder mystery
229826,theological debate
6376,chat
5641,limousine
156849,large knife
1356,billard
206930,strippers
11399,marine
1530,temple
15222,central america
18142,catfight
156322,pretty woman
156393,aztec indian
209118,woman in peril
227693,stranded in the desert
10705,confusion
166527,western hero
181028,western band
170089,streetwise
180148,cigarette smoke
207746,moll
7625,young man seduces old man
892,glasgow
8130,professional soccer player
6410,hallucinogen
11019,inferno
236998,black comedy
4656,tv star
5135,jeep
10275,house party
15216,avant-garde
33873,little people
166233,pygmalion
166235,clown makeup
166244,beatboxing
166250,self expression
166252,tripping
4606,cinematographer
9970,crab
209102,irresistible
206464,strange science
207569,human subjugation
2321,bunker
4917,shelter
1596,anonymous letter
10539,martian
18020,fantasy sequence
33507,multiple identities
162875,polaroid camera
196645,prank gone wrong
197092,social climbing
197094,back stabbing
197106,dead teenager
197107,goth girls
6394,rocket
167215,coal mine
209072,sputnik
209339,mining accident
233604,rocketry
33471,downsizing
167499,software engineer
167506,burnout
167507,dallas texas
167510,beach resort
167516,coworker relationship
167519,laziness
232700,business rivalry
33673,apple
6443,child pornography
186810,william tell overture
222174,girl next door
5948,studies
10883,scalper
48711,ticket
6350,head injury
157488,pet cemetery
157490,dead cat
157492,death of patient
157495,loss of pet
157496,dead lover
171247,grave robbing
192865,burial ground
2735,veterinarian
157789,arm ripped off
178148,killer scarecrow
231173,dream within a dream
169654,overprotective parent
169656,heimlich maneuver
166835,morgue attendant
41667,horror movie remade
183750,chandelier
4547,landing
33933,split screen
156783,blizzard
189411,disaster film
190763,suicide bomber
200201,snowplow
9791,number in title
10807,salt lake city
10810,singing nun
10811,mid air collision
10812,airplane accident
7890,bermuda triangle
14789,art thief
160062,philanthropist
172594,airliner
226151,inspired by novel
226152,frogman
226153,scuba diver
5439,inspector
167342,bomb squad
202186,rollercoaster
202188,sensurround
13090,briefs
41413,child eaten
10009,robot as menace
4585,plastic surgery
157263,domed city
208085,population control
311,human evolution
157963,worship
5726,insurrection
2821,pacifism
4392,cage
157974,tease
158018,caving
2079,sloth
3476,ski jump
9993,skating
40870,race
162327,avalanche
162328,ski resort
11711,pool hall
40869,daredevil
158020,movie theater
9878,fighter jet
11930,drone
158675,protestor
165914,mountain pass
204938,supersonic jet
226157,decompression
8559,china town
41383,triad
157154,psychotherapy
4262,tea
7149,machismo
9227,cocktail
11362,cockney accent
15394,hatchet
15395,antique
15396,cardsharp
167542,carjacking
227944,strip show
227945,high stakes
161320,weightlifting
209073,space carrier
33809,receptionist
40244,medical profession
191564,body horror
210717,identical twins
166511,hen
166512,graveyard
166513,strapped down
2086,youngster
14744,english
208350,evil children
211744,forced suicide
177201,evil child
155644,toddler
234456,baby geniuses
11792,incest overtones
224663,new french extremism
154842,school teacher
209076,siam
4268,fort
180480,american mexican war
193167,wendigo
238134,military outpost
238135,vomiting blood
40956,recovering alcoholic
7067,getaway car
3258,beauty
9988,valentine
3972,simulated reality 
3974,reality tv
6447,woodstock
6256,truth
8224,cannabis
53994,shrew
53995,archery
188237,teenage romance
214594,play adaptation
218182,overprotective father
174491,compromise
174497,nude model
168807,reference to family circus
168811,high
168812,bisexual man
171366,multiple storylines
162153,grand piano
191028,concert pianist
11316,sexual humor
11485,drug humor
10696,bootlegging
195166,life imprisonment
213971,activism
215059,hospital visit
12648,bromance
189093,ring
4545,air controller
2016,vandalism
6324,bias
178452,overachiever
5380,virtual fight
178253,knitting needle
178256,noise complaint
178259,crawling hand
178261,angel costume
178265,trowel
178269,bass guitarist
178271,priestess
217807,street performer
229409,master and student
209205,post war life
6044,promise
181109,mother daughter estrangement
186523,lockdown
190149,trapped in building
226887,falling
2642,solar eclipse
2905,foreign legion
2906,nile
18111,kickboxing
178107,david and goliath
1245,illinois
209192,puck
2401,grandmother grandson relationship
3124,cloud
10938,old man
177185,videotape
188290,eternity
188291,disneyland
817,bookshop
5964,chinese mafia
12541,misunderstanding
9989,gift
154079,collections
8093,vorfahren
7172,buried alive
9032,excavation
10414,trance
10777,goddess
13069,african
207662,eternal love
224329,condemned man
234747,buried tomb
234753,ancient curse
238511,ancient scroll
4551,swamp
155208,nursing home
155730,hammer horror
156081,tomb
234740,ancient religion
234752,reincarnated princess
234759,cajuns
41586,archaeologist
156243,high priest
195396,archaeological expedition
234743,egyptian tomb
234744,sarcophagus
234748,burial chamber
234749,secret rites
229973,eqgyptian
15061,docudrama
185927,adopted child
34154,north pole
156230,midwest
163420,kryptonite
179102,superhuman strength
175644,phantom zone
175655,rocket fired grenade
175656,crystal machine
12361,hacking
9181,alter ego
34125,catholic school
163396,disarmament
163403,great wall of china
272,transylvania
6932,count
10482,sanitarium
10770,mad doctor
157741,body part
210714,villager
11581,severed head
15032,gothic horror
174413,reanimated corpse
203836,brain transplant
157185,vampire bat
14811,exploding head
3888,giant spider
8379,deformation
10221,meteorite
7994,water monster
194595,mccarthyism
178639,death ray
162636,venus the planet
333,mushroom
7330,glacier
11005,prologue
195394,hidden civilization
225468,mesopotamia
225469,nude sacrifice
157430,swamp thing
161246,pacific theater
2562,press conference
157194,spanish
9394,son (musikstil)
14913,water park
157775,bonfire
166974,explosives
192705,four-wheelers
192706,soda
192708,beer bong
192709,giant ice cream cone
7851,tax inspector
12365,gang rape
5164,pianistin
6930,fondling
794,red hair
9818,fan culture
208663,fan convention
220266,fandom
5471,pakistani
9744,outbreak
158124,spider bite
158129,spider queen
195026,spiders
217961,invasive species
221272,arachnophobia
232791,spider general
2482,swear word
6778,world supremacy
8102,elementary school
10033,friends who hate each other
11214,cartoon sex
11217,child swearing
11317,visions of hell
11324,u.s. canada war
203175,south park colorado
10028,steampunk
5836,self-inflicted injury
44447,pie
156777,teenage sexuality
226226,prom night
159419,blueprint
200883,classified
7755,winegrower
198856,french countryside
12998,the muppets
6686,footage
44451,lost
163053,found footage
196288,film
1817,orgy
2404,masked ball
4204,deputy
9927,maine
158169,remote
158172,tooth
158176,campfire
158182,severed toe
162533,torso cut in half
188054,giant crocodile
195325,crocodile attack
3091,marshmallow
6832,environmental protection agency
10064,new york city twin towers
10224,haunting
11096,gate keeper
9964,crude humor
13124,scream
162632,chrysler building
172320,river of slime
172334,reference to slinky
172339,occult research
1360,minnesota
2784,mother role
5496,beauty contest
7293,girl from the province
7490,hicktown
209734,mocumentary
1683,gadget
208341,it burns
3465,sphinx
6100,tools
41376,shovel
157677,superhero spoof
160130,invisible man
178857,dark horse comics
192389,rajah
211711,spleen
211712,evil genius
1527,gladiator fight
5049,ancient rome
14704,ancient world
187340,escaped slave
1486,flirt
3746,professor for literature
4125,provocation
4127,one-sided love
3998,palace
157788,british soldier
177997,seven years war
177999,prussia
163392,triangle
177044,austrian
9677,psychokinesis
9815,psychic power
10600,incan
6502,exit
7105,honduras
9031,idealist
2299,violent father
2386,empowerment
12337,colonisation
219896,assimilation
220888,jesuit priest
3487,assistant
3704,plant
6946,blonde
8183,carnivorous plant
14773,eclipse
155806,killer plant
165314,skid row
165317,based on movie
165319,plant food
165324,flesh eating plant
165334,inept assistant
210234,man eating plant
9273,coney island
217880,cigarette girl
221756,radio plays
2357,cleveland
5288,rock
160269,lost love
171989,wrongful conviction
179510,wrong diagnosis
185482,movie actress
189400,lobotomy
208359,frances farmer
228692,power abuse
9376,richard nixon
156072,watergate
192099,the white house
205726,fear of unknown
1335,sense of guilt
159520,martinique
159521,claude monet
159523,famous painting
159529,glider
159532,missing painting
159534,stolen painting
159538,valuable painting
159539,rich people
3607,hold-up robbery
3973,insurance salesman
192345,soccer team
14712,young woman
12347,infiltration
33998,lesbian sex
160223,vancouver
166484,raven
162716,pathologist
33468,secret door
191103,torturer
215590,spanish inquisition
220712,costume horror
235349,pendelum
235350,iron maiden
235351,1500s
3099,satanism
10045,tragic villain
14546,massacre
161270,satanic ritual
188959,plague
190396,devil worship
5640,vase
156040,hypnotist
157132,edgar allen poe
10920,radio program
3923,humor
12197,compilation
156019,lumberjack
161818,dead parrot
161822,twit
161824,intentional mistranslation
161827,british comedy
161829,cult movie cast
161842,recurring character
2007,saxophone
4548,autopilot
2439,coffee
8271,meat
166129,interrupted vacation
9821,city country contrast
14522,co-worker
170710,pinball machine
170711,toy maker
170713,duet
170715,job promotion
170718,homesick
170726,quarter
170728,unplugged electronic works
170729,yankee stadium bronx new york city
170730,walking on piano keys
170731,wish fulfillment
170737,bunk bed
2468,foster parents
9061,pflegesohn
5167,restaurant owner
8681,supreme court
170472,bb gun
170487,essay
170496,christmas tree dealer
170499,mall santa
2866,exam
4666,final exam
7972,bastille
33610,gym
166262,valedictorian
166267,history class
166268,history teacher
166276,teenage sex
166278,reference to marilyn monroe
166280,letter opener
4188,revitalization
9817,behind the scenes
14791,spa
171757,planetarium
171758,art imitates life
156761,split personality
202519,j-pop
536,israel
181230,condor
180443,cure
180550,rainforest
208278,hidden treasure
5475,scandinavia
5894,bagdad
5939,iraq
190760,mountie
9304,muse
165364,barge
8039,campus
1532,meditation
6159,clergyman
9681,clairvoyance
157234,cemetary
184987,repressed memory
2203,unexpected happiness
5290,small person
7386,gypsy music
2479,chicken
7486,milk
156221,showgirl
10188,interracial marriage
169967,handkerchief
178977,jealous husband
204703,father daughter conflict
215255,mistrust of wife
155954,queens new york city
4636,church service
189921,video nasty
222354,giant rat
175514,prank telephone call
2178,fab four
3766,colours
9528,blase
11697,the beatles
229299,affair
6628,syphillis
10886,punishment
41133,shaving
54005,the beatles song
164077,performer
164225,television director
635,disc jockey
11441,lifting person in air
4707,canoe
169613,mist
177912,wizard
232990,revelry
3018,saxophonist
5888,agriculture
10694,pinball
155482,rock opera
158987,post war
172738,holiday camp
172740,visually impaired person
172742,christmas lights
8303,abandoned house
171260,fraternity initiation
188552,scream queen
188561,deformed man
192170,trespassing
1799,schutzstaffel
2315,jewish life
164754,bohemian
163933,next door neighbor
8651,kuwait
11088,treasure map
159859,gold theft
168818,persian gulf
168835,emergency surgery
168839,mine field
155751,stolen identity
169977,small town sheriff
191583,beauty pageant
194022,confidence man
221945,small town thieves
231630,gender stereotypes
236055,gay couple
13078,skinny dipping
18049,sex scene
209172,corporations
236183,woman on top
163188,confederate
186391,cattleman
8802,pseudonym
183515,high toned
162735,disability
198781,science experiment
209152,science run amok
211000,animal testing
4875,deluge
233544,tropics
188127,police sergeant
191008,nebraska
205733,small town murder
208799,transphobia
210039,gender identity
220196,grandchild
4746,record producer
166571,hired killer
195648,narcotics
200574,motel room
187008,false memory
187046,implanted memory
155448,no air conditioning
7348,indonesia
4661,pantomime
10897,mime
9656,cattle drive
33407,hanging
155859,law man
157136,lynching
169962,search party
18090,town
221361,citizens band
1796,sake
9992,dojo
155065,kung fu classic
190992,drunken master
6713,integration
165567,woman played by man
165576,cross cultural relations
236336,dance show
236337,big hair
236338,ratted hair
156924,tearjerker
10772,torture chamber
11103,pow
4511,field
1585,snake
12096,hair
185140,animated title sequence
159313,psychiatry
197365,telekenesis
6298,postcard
8653,niagara falls
10424,tour guide
15290,pursuit
167942,screaming
175316,unconsciousness
234197,adultress
4988,tricks
6949,patent
157524,tropical island
163178,racial stereotype
165073,bali hai
165076,dame
6735,locksmith
165445,welder
12993,suicide mission
158778,behind enemy lines
161249,military police
3275,nuclear radiation
3286,fort knox
3287,aston martin
3291,kentucky
3279,orient express
3281,zagreb
3270,baccarat
18268,atomic reactor
10792,marooned
155746,deserted island
179578,lost at sea
5625,relationship problems
6914,arsenal london
10867,biblical code
10870,revelation (book)
2024,wisconsin
10166,minotaur
5967,peru
156034,opera house
157929,rubber plantation
165870,riverboat
837,show business
18298,tv show in film
33731,stand-up comedian
157959,surgery
165399,editing
165402,semi autobiographical
165407,restroom
165419,screening room
165420,amphetamine
165423,prescription drug abuse
180415,documentary filmmaker
176256,closed mine
176262,bat attack
176266,boy eaten
6795,ambulance man
206662,euthanasia
6351,chief executive officer
188843,business partner
3221,rave
199274,arrested
9627,rape of a male
10133,non statutory female on male rape
193431,bizzare comedy
156598,harry palmer
9571,motor sport
163081,law enforcement
163082,gentrification
4280,mental breakdown
41590,love sickness
5876,reno
41351,will
3343,coral reef
3481,cryptographic device
3483,gang of smugglers
10671,figure skating
41592,monastery
3435,floatplane
3545,tank car
2591,tarot cards
2117,subconsciousness
2553,puppeteer
2585,appropriation of another human being
2586,externally controlled action
3255,door
160780,love crime
5274,iron
5275,pan
5277,territory
162724,scout
1291,central and south america
3023,eastern europe
11064,nazi germany
8231,insider
209799,whistleblower
211141,columbia broadcasting system (cbs)
219681,tobacco industry
4227,toronto
9945,y2k
11531,anal sex
233221,tv newscaster
11332,farm life
11321,animated sequence
157351,living dead
163173,hit and run
18085,intestines
157572,surgical operation
2653,drugstore
2656,hat
2732,rocket launcher
3612,traffic jam
33595,pier
159930,inequality
159931,road rage
190703,birthday present
194287,laid off
227588,price gouging
171376,funhouse
158045,piranha
158291,tent camp
165843,merchant
155198,ronin
8001,live-reportage
10833,survivalist
169570,last man on earth
4575,comb
4578,altar
4579,magnet beam
4583,speed of light
4587,password
5539,shield
11493,animal as human
11525,sherwood forest
183978,cheyenne
194553,george armstrong custer
181085,personality
5642,beggar
160478,commodities
160483,investor
160486,big shot
160500,santa hat
161132,underwear on flagpole
161133,famous speech
161135,burp
161136,french fries
161137,toothpick
161143,girl in swimwear
161145,ketchup
161147,panty raid
7344,porno star
34215,lesbian interest
187224,seaside town
215409,introvert
8698,orléans
8700,charles vii.
190532,false history
190855,joan of arc
198225,religious delusions
11451,pokémon
162749,creator
169816,researcher
191881,research laboratory
205971,german spy
5300,allied
4687,pretended suicide
188727,imperial japan
188342,sleeping pill
10498,malpractice
155873,defense attorney
186849,literary adaptation
3386,space war
7617,drop-out
41525,high school teacher
4550,full moon
209091,big sur
208692,mountain man
160059,psychosis
154863,east end
154866,archival footage
33708,horseman
41185,heiress
41188,bilbao spain
741,transplantation
3019,autograph
10324,toys
3901,rabbi
158199,aunt nephew relationship
11112,search
33612,stolen bicycle
33613,madame
4267,warlord
10340,double role
192772,historical drama
156018,mining town
178329,best friends in love
810,budapest
1244,hungary
169965,pen pal
186941,gift shop
209216,christmas present
1497,fly fishing
3701,client
7340,crooked lawyer
168333,bail jumper
168338,mafia accountant
168342,stretch limousine
168347,southwestern u.s.
168359,police surveillance
33977,medical experiment
191311,comatose
159319,pyromaniac
3600,gun rampage
187554,person running amok
180494,family farm
229402,cotton farmer
1944,epilepsy
3558,pulitzer prize
11767,suicide by gunshot
4294,flea market
4298,teamwork
175343,garage sale
209386,personification
209387,inanimate objects coming to life
14745,bush whacker
9968,squid
225938,axe
1572,bestechung
6001,speech
14989,religious
225944,indian guru
210653,strick father
160855,naval
208878,british intelligence
179991,movie serial
10097,u2
3366,u.s. air force
2269,aquarium
6739,callboy
2881,jail guard
167696,healing
41352,drug overdose
163853,war injury
163859,apple cider
163860,anesthetic
163864,incinerator
163870,picking apples
163874,unwed pregnancy
11710,high school graduation
11713,graduation present
4893,lamp
10107,sinbad
1319,east india trading company
9685,futuristic
7714,step brother
6799,comic-strip artist
156930,sexual confusion
178867,lone ranger
232793,feature version of serial film
183126,new job
155802,american football stadium
3342,yacht
3843,inferiority
7858,boy gang
1899,hunger
4337,famine
2451,gas chamber
41596,denial
41597,revisionist
164724,washington state
181089,japanese american
1472,starships
5100,supernova
159457,security
219855,barracks
162078,female singer
166463,night club singer
196599,rebelliousness
196600,pacific northwest
1813,toxication
171842,sinking boat
7904,paraguay
10249,mengele
161255,nazi hunter
161256,third reich
10560,crypt
204352,iron mask
7191,fever
231151,chestnut
2333,campsite
11338,wild animal
3797,bicycle
180491,cycling
186360,bicycle race
190881,luxury liner
10053,sexploitation
157774,has been
6198,ladder
215306,vecino
173431,tarot
9002,witshire
9003,southhampton
11130,art house
209998,japanese new wave
198400,music documentary
3232,odessa
3667,time
179418,hollywood star
197361,hairstylist
10506,prehistoric
7937,cuban revolution
156378,land
2392,koran
5835,martin luther king
5860,nation of islam
5861,civil rights movement 
5863,mekka
5864,pilgrimage
7912,rugby
11116,airplane wreck
155372,freezing
183241,change of heart
185994,ex military
163097,female athlete
168316,home front
234626,edwardian england
192241,disturbed teenager
8743,streetball
8744,jeopardy
201388,confidence artist
207988,hustling
177303,valley girl
197110,teenage mortality
374,smuggling of arms
33649,legs
162740,arms
187891,paper knife
206558,guitar case
2880,test person
4966,error
215659,salvation
238160,christ figure
2573,metal detector
155955,business card
156153,ice cream
165749,stairway
176638,software
176661,death of pet
159633,pager
2323,group dynamics
2988,shark attack
3077,leader
5890,community
5891,backpacker
4144,donkey
186210,chalk.
179018,stock broker
193889,investment firm
2600,crisis line
13056,loss of wife
14774,flask
14775,corps
6719,montreal
194452,bosnian war
174099,blue collar worker
216620,assembly line
182824,charlie chaplin
15210,wallet
41005,foundling
170219,auto theft
183875,little tramp
183887,smashing a window
209173,abandoned
14574,rancher
187314,smoke signal
187320,storekeeper
154796,overbearing father
191889,father child relationship
3352,tree
156228,sequoia
234124,judgment call
5903,alzheimer
554,manager
206118,dogma
189368,barber
199217,coins
199221,stolen
208344,dysfunctional
5568,flush
212873,co-parenting
3767,noises
8580,neue frau
168550,reproduction
213826,ecw
229287,wwe
4950,code
9849,beating
156152,hagakure
156154,haitian
156155,cd player
156156,rouge
156157,arm sling
156158,racial slur
187243,stock market crash
6274,learning and teaching
202764,dolls
2215,hurricane
68642,intimidation
173297,nightclub singer
176716,wheelchair bound
236960,local indians
17972,plastic surgeon
9905,german occupation
33786,apollo s
9683,lieutenant
11104,russian front
232871,splatter film
188647,silent film star
162701,racial prejudice
1745,passion for collection
3095,antiquary
3097,picture puzzle
9829,french movies
1447,indiana
1686,home run
156100,minor leagues
11315,sex change
15068,one day
157273,shot in the forehead
182536,suicide pact
182541,bank cashier
182546,car procession
182550,attica
215257,unhappy marriage
185441,civil war veteran
193534,canadian army
187259,sea captain
158279,hunt
184659,radio show host
224540,white supremacist
14641,based on memoir or autobiography
164391,dust bowl
164400,labor union
164401,hoedown
208412,wagon master
2795,mystic
7422,moon landing
34046,rocket ship
157191,woody woodpecker
162630,zero gravity
3539,czechoslovakia
15272,gestapo
4446,hitler youth
161757,fable
18139,nuclear war
2107,coca-cola
2487,naivety
9268,yale university
170548,kennedy assassination
9381,nymphomanin
1866,bad smell
2597,bigfoot
9721,hunting trip
9902,wildlife
11220,cryptozoology
170014,footprint
179368,french canadian
210214,sasquatch
222529,rescue operation
4456,frog
154986,gonzo
155351,muppet
155352,kermit
155353,fozzie bear
155354,kermit the frog
155355,floyd
155356,dr teeth
155358,miss piggy
155361,studebaker
210376,marretas
11691,puppetry
7038,giant bird
11176,haystack
14668,reading aloud
17984,foster family
68643,food fight
155497,truck driver
155574,sesame street
158162,teddy bear
164745,journey shown on map
169062,garbage can
169886,campfire story
177331,net
183965,turkey the bird
185957,flying upside down
191509,news
192098,roller skating
196578,jalopy
196579,dodo bird
196581,lost child
196583,birdhouse
196584,water pump
196586,reference to snow white
196587,riding lawn mower
196589,upside down
222097,fruit
166958,prehistoric creature
182677,sea battle
163212,water pollution
196407,environmental law
4133,omen
199686,near-death experience
6202,spring
6533,kodiak bear
6534,brown bear
6535,puma
6536,trapper
191522,tire iron
188014,mixed race child
197170,memoirs
155803,drive over cliff
157632,fraternity
160450,dean
208983,probation
209506,college freshman
3261,street war
3910,restaurant critic
4305,radio transmission
4733,pizzeria
5736,coloured
226001,witness relocation
4618,step daughter
3330,pizza delivery
10278,ninja
6362,turtle
7984,bikini
232707,survival training
9362,sensei
2998,gi
4119,saigon
188608,ice fishing
6072,ruling class
165872,miscegenation
6219,oakland
14988,asian
237849,asian man
237850,asian lead
18009,iran
181655,congressman
734,bullfight
223106,lord byron
170309,dead children
170310,south sea island
170319,survival skills
170322,degeneration
170325,adolescent boy
170330,swine
170333,innocence lost
170336,asthmatic
170337,aeronautics
170339,rite
33618,machine
33619,pardon
33620,guilty
12440,ranchers
18249,game
4759,exploration
5930,getting lost
6728,stadt
11709,russian soldier
174638,siberia
3760,light
4212,contact
4217,exchange
160754,mother ship
206711,obsessive quest
206811,life turned upside down
40929,witch burning
40931,witchcraft
4820,leap in time
173066,postal worker
173077,figment of imagination
173083,oneiric
169151,cupcake
169152,twenty something
169160,gameboy
169161,money bag
169171,sidewalk
164245,dying young
164255,rising star
164263,marital rape
2639,falcon
2640,twilight
11671,american football team
11672,cheerleading
532,music record
638,bruce frederick joseph springsteen
639,record collection
10669,pay phone
171083,ivy league
171095,u.s. senator
171100,dining hall
222782,two guns belt
4332,peter pan
6187,fairy-tale figure
157144,stockings
186188,fossil
186192,animal senses evil
186195,pair of evil eyes
215285,crate
6377,sheik
11039,giallo
211043,black gloved killer
1365,harley davidson
18062,obsessed fan
173307,broken leg
177071,horse ranch
229400,eligible bachelor
229401,horse boarder
157938,soviet
2458,profit
10177,corporate
41153,meeting
202429,fired
203286,network
203287,anchor
203289,structure
203291,rant
232607,funny
238382,cleanliness freak
238410,neat freak
179419,comanche
9853,paranormal
200725,phenomenon
218024,amateur radio
226626,aurora borealis
227771,altering history
7558,life-saver
34030,typewriter
208904,war on crime
15182,partisan
15184,woman
15186,task force
223009,keith mallory
188583,beach movie
3702,memphis
5694,elvis
10857,debt collector
210692,comic drunk
1297,predator
14915,invisible
6706,performance
10564,japanese culture
14926,katana sword
18104,samurai era
190446,edo period
197915,kabuki
9547,urteil
174075,white collar
174076,harvard business school
174085,child of divorce
174089,unreliable narrator
217076,voice imitation
1536,religious education
9860,sex pistols
34118,retrospective
160619,fake accident
160627,gambling debt
192528,mimes
192530,barflies
5166,gramophone
165252,master of ceremonies
165255,baron love
165259,political unrest
165261,english lesson
194978,film actresses
234899,former film star
18092,guardian
165533,craps
165540,fake blindness
165546,necktie
165551,carnation
165556,barber shop
161302,eternal youth
201272,international
15228,golf course
177993,gopher
189868,rumor
222173,social experiment
6790,north atlantic
933,michigan
194005,escape from a mental institution
8650,unwillingly pregnant
173186,teenage pregnancy
10331,lubricant
1672,lifestyle
2412,commune
2414,test of courage
2415,idiot
2416,publicity
2417,self-awareness
2420,normality
155641,credit rolling down
3722,human body
1395,arena
179780,chariot
192230,philosopher
235791,barbarian horde
235792,2nd century
235793,successor
1885,quickie
18044,railway
5532,boardwalk
173276,dreamer
5746,iceland
6652,rhine
166541,betrayed
204241,burgundy
234174,dwarf
159314,scientology
208997,bureaucrat
213987,city ruin
8081,entrance examination
10551,ballet
207010,dance teacher
196396,turnstile
178402,modern western
1985,prenzlauer berg
232921,heroes journey
232922,pee wee herman
232923,paul rubens
232924,tim burton
4120,fair
162710,culture
10789,prehistoric egg
161186,nesting grounds
181033,lemur
178226,lost and found
178229,older brother younger sister
5098,sperm bank
10058,sorority
11475,politically incorrect
12398,teen sex comedy
33472,cross country
54169,stoner
167737,losing money
167739,male virgin
167749,horniness
167768,dorm room
183728,sex tape
8586,keks
5083,hysteria
186378,hidden fortune
9194,harem
188709,organ music
180808,klondike
193021,cold blooded killer
3370,kilt
3372,title of nobility
9610,coup
158780,u.s. marine corps
160876,joint chiefs of staff
209817,political thriller
3464,tanker
3466,sardinien
3467,warhead
3468,jet ski
2711,marcus square
162610,weightlessness
156634,tv
185435,railroad station
172112,sacramento
228342,绝地奶霸
228343,卧底肥妈
228344,big爆任务
228345,超级妈妈
8873,yeti
3248,gigolo
180191,tod
1240,eating and drinking
176798,taxi dancer
192266,personals column
160061,bullfighter
163131,flying dutchman
10100,puppet master
194170,televison
4515,northern africa
8009,marching band
18465,interrupted hanging
160583,western town
160586,western spoof
160588,ceremony
160589,frontier town
160595,looking at the camera
160597,saloon girl
160602,movie reality crossover
160605,nietzsche
160607,coot
191591,benji
13032,cougar
165643,song and dance
224326,sister act
3453,parents-in-law
4597,pencil
4598,eraser
234129,cool hair
155071,pagan
2696,drums
173919,punk band
10445,anti social
10874,thrash metal
10875,metal
33678,beard
41390,mustache
167875,sombrero
177882,right hand man
15226,dead fish
6954,swing
187676,confetti
12011,hijinks
156391,peeping tom
161266,teaching
161267,misadventure
15000,person on fire
15059,t shirt
155861,workout
157669,health club
157675,rabid anger
157676,disfigured face
157681,strong man
157686,car run over
157688,shock humor
1471,places and planets
162359,cherry pie
5730,hispanoamerican
473,chain
6239,benzine
18114,exploding car
205624,ozploitation
1789,boomerang
10689,wasteland
17937,desolate
158269,oil refinery
164899,disfigurement mask
172841,music box
175994,oil tanker
192213,wanderer
8516,oasis
194713,post nuclear
157584,megalomaniac
178539,maverick cop
204904,exploding boat
171261,television broadcast
915,car thief
15100,lock pick
161636,car movie
226581,ford mustang
227900,blacklight
155375,austria-hungary
8054,volunteer
10572,music business
158744,stock footage
173687,music hall
176095,jazz band
176096,generational
176098,jewish mafia
176104,heroin addiction
226254,prison bus
235226,vampire clan
159909,veteran
162340,expose
18508,exploding body
177398,levitation
217415,government agency
33861,law student
171476,study group
171486,paper airplane
171493,student mentor relationship
171494,studying
171497,rhetoric
34250,media hype
155744,newspaper man
234848,film gris
162236,convicted felon
5310,approach
211269,emotions
780,kung fu
185456,south dakota
185457,badlands
3231,russian revolution 1905
3234,baby carriage
186004,imperial russia
205585,insubordination
208568,port city
5785,model student
6707,student movie
156096,butterfly
9696,magic mushroom
157908,psychedelics
164877,heroin addict
185521,chicken farm
185522,pie machine
5992,south carolina
15067,talking to the camera
196726,celebrity cameo
13046,grocery
168669,meteorologist
168672,rescue boat
168673,marina
168676,city hall
168678,the flemish cap
168679,male camaraderie
160174,mental asylum
12553,alien abduction
183637,barrio
193309,police shootout
206319,lowrider
156208,federal agent
170118,makeup artist
226919,justice department
12631,long abandoned
211144,snake man
155049,wedding dress
5946,ethiopia
6019,human trafficking
6277,language course
2101,garage
2384,modernity
3026,reality
4659,municipal park
4660,darkroom
4662,illusion
237384,mod 1960s
237386,counterculture
2433,jew persecution
5634,pawnbroker
183528,half breed
10761,superhuman
170179,mentally handicapped man
5503,civil engineer
5504,asthma
159401,misdirection
11169,missing girl
2646,bird
1315,hays code
194236,sorority house
192239,renaissance troup
5921,step mother
6444,sodomy
9344,sexology
188242,aphrodisiac
228163,adopted daughter
228164,torture victim
188649,big band
193046,noodle
5771,seine
8818,glucksspiel
18106,knife throwing
8864,amateur soccer
8613,malibu
4168,greenhouse
10478,disembodied head
156622,wild west show
2898,armor
3072,campaign
9450,front
7939,portal
12434,undertaker
162334,sentinals
162332,mausoleum
162335,mortuary
232766,vengeance
973,refugee camp
8810,laos
367,shyness
8080,saint tropez
156855,scientific experiment
161351,nazi exploitation film
161352,ilse koch
6309,double murder
3406,fall from staircase
155811,spiral staircase
4788,ersatz
9782,blindfold
9783,bong
9785,perversion
155241,customer
4308,queen elisabeth ii
157241,criminal investigation
206792,dream like experience
157930,homestead
163674,gunfighter
161698,doctor patient relationship
189401,brain surgery
189131,psychoanalyst
5545,satanist
162745,ritual sacrifice
178647,occult horror
195526,supergirl
202723,powers
3292,chinese woman
5514,conspiracy of murder
40905,cheering crowd
163128,scalpel
168637,used car dealer
168638,nurse uniform
168641,female bartender
168643,tv production
168654,heart specialist
168657,formosa cafe hollywood
168658,tv writer
33372,womanhood
172399,thinness
177077,rocking chair
206887,seville
4633,state of emergency
4045,music journalist
10505,promiscuity
15291,on the road
180413,aspiring writer
5679,phone booth
11343,brighton
18254,laptop
34112,wig
177958,mini cooper
177960,broken finger
177967,foot pursuit
197999,room service
6897,bordeaux
176857,duchess
7098,sexual murder
2480,eye operation
2481,eyesight
2489,hereditary disease
2624,czech
158228,kimono
4037,in vitro fertilisation
3060,race politics
3847,coaction
222721,head coach
11536,sexual imagery
157782,mattress
157790,ring of fire
157791,self mutilation
6024,scuplture
8378,cenobyten
41240,madcap comedy
9828,surf
2210,climate change
33782,diver
206384,desertion
207656,mini submarine
217163,abandoned ship
226381,minefield
227612,nuclear submarine
227613,meteor shower
227614,sky on fire
227615,van allen radiation belt
3637,double agent
9741,radioactive
12101,miniaturization
227609,blood clot in brain
227610,microscopic
12416,horror spoof
41180,security guard
191845,bank heist
156317,lagoon
223377,spear gun
14750,chemist
162521,flesh eating
207405,poverty row film
41594,electricity
233325,energy absorption
155024,drill
234906,murder spree
236431,gym showers
18028,hiding
173298,escaped mental patient
10111,ouija
171582,sorority girl
5019,loss of energy
160189,giant egg
178853,animal trainer
191219,superhero kids
159938,dvd
3454,orderly
4604,father-in-law
5599,epistaxis
5601,lost baggage
5602,urn
5604,pavilion
3428,speed
3429,diet
169125,fort polk louisiana
169129,target practice
169130,guitar player
169131,exhaustion
169134,simulated battlefield
169136,military hardship discharge
169140,military discharge
169141,stockade
169143,fort leavenworth kansas
194998,curious
192789,eating contest
5455,time machine
184130,doubt
157667,warlock
209410,inscribed ring
210162,grim
210163,dire
215305,entrails
4697,video
3694,weather
7832,wettermann
7322,caddy
167707,bulldogg
154881,fingerprints
155514,dirt bike
174511,casino owner
174519,old woman murdered
174520,high dive
174523,gender disguise
6538,winston churchill
196376,sci-fi thriller
5327,encounter
15049,sex trafficking
5451,comic book
8872,invulnerability
5293,desert thief
2641,verlies
7021,pakistan
9356,k2
209504,karakoram
33760,great barrier reef
184418,british sailor
214789,fiji
156578,newlywed
3529,renegade
3532,tangier morocco
3540,bratislava
5886,schloss schönbrunn
186450,moscow
10542,based on toy
10607,transformers
234249,robots
238465,intergalactic war
33343,spit in the face
156099,new york yankees
184238,inheritance challenge
208593,interior decorator
226549,spending money
226550,accounting fraud
226551,hackensack new jersey
226552,heir to fortune
226553,mayoral campaign
7155,receiving of stolen goods
227892,pikey
1924,praline
9360,berater
207745,llama
168750,advertising executive
3548,plagiarism
3549,literature competition
3553,manuscript
5614,idol
41171,pond
7936,fidel castro
231932,career vs family
231933,life reprioritizing
11262,statutory rape
156795,lasso
156796,cautery
10882,toupee
9342,kubakrise
156661,threat
196548,mom on holiday
196549,children home alone
155466,alamo
187252,mexican army
171854,betrayal by friend
13151,drawing
177996,porcupine
187327,pledge
187328,retirement party
187329,criminal profile
169280,lobster
169283,portuguese american
155760,afro
18161,baboon
168930,quarterback
201164,squad
162739,little league
182185,exploding airplane
41019,car explosion
191507,nixon
193507,oil field
226427,cement truck
226428,playboy mansion
226429,shooting range
155841,gambler
10212,south-of-the-border
217084,toaster
10230,tracker
11522,police officer killed
11722,male prostitute
11723,rogue cop
11726,poetry quote
11727,crime scene
11729,mercilessness
11731,writing in blood
11735,school yearbook
11736,family abandonment
11737,payphone
191260,dinner party
9961,live comedy
11133,japanese occupation
170007,japanese army
170009,japanese soldier
170013,japanese surrender
170015,wreath
170019,potato
170026,salt mine
170027,oxen
170032,boy soprano
170034,aircraft explosion
170036,pick axe
10171,ernest p. worrell
4010,log cabin
4014,giant plant
4748,lodge
232281,unofficial remake
6325,ethnic stereotype
11159,wartime
4957,sale of soul
227106,banana boat
156277,hedonism
163048,decadence
33721,body-swap
163069,child as an adult
198929,adult as a child
219901,weird couple
200719,window dresser
195446,sword and planet
235606,models
10060,christian film
210295,classmates
224534,recess
5904,dogsitter
175884,organ donation
175887,horniness agent
159449,reference to elvis presley
10688,breast
162502,news report
211703,death of boyfriend
221388,simon magus
3902,synagogue
3903,bar mitvah
5699,music video
195623,christmas time
162954,elvis presley
209791,back stage
4427,honesty
5875,fortune cookie
193017,nuns
178870,evangelist
186353,revivalism
208369,dr. phibes
230834,organ player
9991,dress
170553,polka dot
170554,aspiring nun
170556,gynecological exam
170560,jewish girl
170569,shoe salesman
170575,polka dot dress
170577,roman catholic
170578,bell ringing
170579,reference to joan of arc
12569,witty
7568,psychoterror
201535,hercule poirot
201536,shipboard
171375,defenestration
171377,boy with glasses
171386,breathing fire
171387,pie eating
160168,defector
158927,police investigation
195331,nuclear waste
232085,hobo
184017,moon walk
328,insulin
187901,track and field
187903,gangster rap
206718,cons and scams
7169,man between two women
1547,mexico city
10399,dogfight
33396,remake of french film
186760,alternate timeline
227887,flatulence
201952,pikachu
5927,violence against women
9332,psychological abuse
9956,sausage
12969,chess tournament
157096,homoeroticism
166139,lovesick
186009,tragic death
186956,tragic romance
200220,tragic male character
204374,love story
228086,tragic love story
157223,bitterness
40917,in-laws
173277,public relations
6363,racing car
162645,newspaper headline
168869,gun in mouth
176572,film canister
176573,playing chicken
176585,blood sucking
176592,traffic violation
190816,anniversary
163306,bracelet
6715,cleopatra
33974,fortress
161893,cyclops
161896,changeling
11313,winnebago
231121,hoover dam
236651,crossing guard
236652,nest egg
7410,fellatio
9144,kaiser nero
210728,roman bath
33585,labor
191433,textile worker
192283,suffering parent
192284,time off
192285,run down house
10744,dr. seuss
171279,string ensemble
171282,telephone box
171288,lapsed catholic
171291,trying to get pregnant
171293,snow angel
189141,rich man - poor woman
8430,safe
159834,newspaper stand
159839,rough
159840,silhouetted dancer
159846,cleaners
34067,jousting
9140,namibia
197619,foreign
10182,southern baptist
10698,trailer trash
2596,lordship
4158,enchantment
189111,ogre
155565,pin-up
485,nepal
157156,trek
225244,yak
190296,buffalo bill
5458,men
5692,stetson
162199,standoff
195265,socialite party
5664,burning cross
33600,stagecoach
156197,cripple
4833,royal family
10490,empress
193573,catherine the great
8783,scavenger hunt
192000,danish horror
194687,gunboat
210689,virility
167531,fire truck
177271,government scientist
177280,primate
177281,parasite underneath skin
159384,wire
159399,los angeles international airport (lax)
8805,pianosa
156478,boyfriend
165909,alarm
10079,hazing
1802,revuegirls
3897,double wedding
156138,cinemascope
188715,musical revue
197377,broadway actress
160413,unemployed actor
160420,serenade
160423,apology
160335,hate crime
6895,philippines
216921,animal protection
8574,auto-tuning
2219,ice age
5419,bootlegger
162224,passive aggression
162225,fatherhood
234469,south central los angeles
9141,belt
201927,brutal
201930,leisure
10510,yoakam
10512,tucson
6590,kündigung
162342,discovery
213488,marital infidelity
221686,german poetry
196402,all-star supporting cast
168501,amphibious vehicle
168502,nun costume
6523,illegality
13131,cannonball
173254,child rape
210106,chambermaid
180800,mission clinic
180803,polynesia
222195,navy veterans
176217,world domination
8353,ewige jugend
9377,faust
154874,imagery
154900,noisy neighbor
156386,bible quote
177449,tip
221749,porter
6760,picture journalist
7605,el salvador
220295,date from hell
176221,two-headed monster
215046,bigot
7570,belly dancing
10593,stoned
11481,endo
11492,smoking marijuana
33784,muggle
41404,sexual desire
163968,marijuana joint
163984,marijuana pipe
170375,exotic dancer
176533,driving while stoned
176546,ganja
4627,earth
167241,newsroom
6183,laundromat
10957,comedy team
12423,illegal immigrant
33586,latino
176502,peyote
176506,arab sheik
176511,pornographer
176512,french restaurant
155262,threesome
222805,british new wave
155727,mike hammer
155728,convertable
10306,king henry ii
18096,spear
41151,throne
4956,decision
8241,mustang
7240,walrus
186923,oil baron
12100,fictional game show
217115,art restoration
162806,coven
162807,noise
165244,ballet school
210410,sinister
13119,tough guy
175510,nunchaku
185466,kung fu master
231344,berlin germany
12413,downfall
171165,black female judge
171169,smart blonde
171176,girl power
159408,scepter
159410,customs house
159413,jewelry heist
159422,assumed identity
159425,schematic
159431,voice over
227790,bliss
187084,wishes come true
212898,vejez
6098,clothing
170071,story telling
181046,european
187302,roman mythology
157213,death of mother
180197,cardiomyopathy
155884,beautiful girl
158395,animal lover
176425,creepy neighbor
155804,biloxi mississippi
164880,electroconvulsive therapy
164881,death of daughter
164882,bebop
5198,cold
160195,freezer
237034,liquefaction
237036,bad boy
12438,sculpture
188356,separation from family
223232,estranged brother
235133,religious institution
235134,estranged mother
170085,attitude
158142,real estate agent
5515,heir to the throne
210589,searching for love
9921,easter
9923,easter bunny
162536,man eating monster
162540,spit take
163098,newspaper reporter
170184,playboy magazine
230186,hamburgers
233042,easter egg hunt
186411,slow motion action scene
217157,open ended
230857,alien creature
193650,pickles
5337,culprit
207125,all-american
207126,homecoming queen
10681,from backpacks to strollers
7690,man looking for wife
156803,extinction
207976,gorillas
164118,yoko ono
164119,nude image
164120,rock singer
164121,nude drawing
164124,mass media
164132,george harrison
164136,joy
228244,the sixties
6396,worm
9201,derbyshire
746,vulkan
6854,primitive time
11694,driving test
155232,drunk driving
155233,teem
187597,pursuit in traffic
177392,sneeze
177406,message
6819,rosenheim
41603,paramedic
157893,stairs
207492,night of the living dead
207891,walking dead
234040,louisville
155343,brumby
155344,brumbies
155346,colt
155347,stockman
155349,clancy of the overflow
192987,protestors
157211,female bonding
5518,haiti
155701,cock fighting
157367,chained
167085,zombification
172590,oil lamp
172592,death certificate
172596,puffer fish
172603,reference to jean claude duvalier
228888,man on fire
232716,genital mutilation
234292,viper
5827,hiking
8871,moose
179852,"newcastle, england"
230079,tom mix
168200,delivery
168202,low intelligence
168210,jet engine
168213,artist colony
168216,same habits
168219,biological experiment
168220,opposites
168222,catholic orphanage
10771,wax museum
161215,marquis de sade
205739,invisible barrier
211635,silver bullet
235074,wax figure
235205,building on fire
2309,nobel prize
8689,albert einstein
8691,marie curie
194160,tasmanian
194161,tasmania
18448,gaijin
185505,film student
2842,sigmund freud
5671,socrates
5674,school presentation
5678,rhinoceros
5680,world peace
220265,napoleon bonaparte
4098,civil rights activist
210592,secret military program
8724,heilmittel
41665,anarchy
163957,nosy neighbor
177299,discotheque
1191,norway
156493,life sentence
7265,borneo
33355,skateboard
196722,trying to impress women
196724,hollywood agent
196730,locked in bathroom
164810,religious fundamentalism
164811,child marriage
164813,underage bride
164821,burning a piano
164823,bible belt
164824,older man young girl relationship
164825,self righteousness
164829,cousin cousin relationship
164834,marriage between cousins
170116,writing class
197472,roommate relationship
164593,nightclub owner
186507,advertising agency
158194,perfume
208080,passion play
155715,police dog
7910,phuket
8763,meister
7920,violence in schools
206512,public education
157903,blood donation
210925,talking baby
178183,pizza delivery boy
178213,delivery boy
190178,sex worker
167876,baseball field
167877,hard hat
167882,professional sports
167884,comic strip
167888,hot dog
167890,voodoo ritual
159937,bribery
14779,paradox
161240,sole survivor
188960,elevator
157913,young
193532,prankster
226589,spetsnaz
1770,spinosaurus
175492,art class
175494,record collector
175497,plaster
175499,personal ad
175506,blues music
33973,glam rock
165601,self identity
165606,rock odyssey
165607,reference to kant
165608,military brat
165612,restaurant chain
165614,lgbt in the military
165615,child molestation
165621,theatrical manager
168857,record player
231642,personality disorder
236896,serial kiler
155434,dead woman with eyes open
2236,protection money
8730,rausschmeißer
9780,public murder
163137,mute girl
190628,cabaret dancer
208424,member of parliament
11523,capital punishment
161814,psycho killer
194418,mail carrier
222287,murder of family
191828,favorite sibling
207446,comedy of errors
168889,eating non food
168895,pet food
168049,indiana jones spoof scene
186803,music spoof
170083,backfire
170087,tire
170091,drag net
170100,crazy uncle
193237,child care
224875,method acting
650,gymnastics
651,candelabrum
177900,witch hunter
5304,nintendo
163096,battle of the sexes
169603,re animate
169604,conga
169606,dancing corpse
169607,yanked off bikini top
191483,ambrosia
189995,jesuit
215159,algonquin indian
207556,blind man
10939,holocaust survivor
14658,drug trade
5786,siamese twins
160314,basket
226583,mood ring eyes
6180,coffee grower
7412,sin
5987,grandmother granddaughter relationship
223438,based on young adult novel
10352,phobia
10353,agoraphobia
7644,revue
12436,architecture
156834,adopted
14872,reward
155896,wild child
170161,learning
158276,metamorphosis
162345,sensory deprivation
162346,isolation tank
162348,deprivation chamber
225690,quest for knowledge
170813,tantra
170821,mistaken for a special education student
170822,superglue
6681,flu
188326,construction worker
5911,channel islands
166591,photosensitivity
9910,jesse james
222784,cole younger
6653,trumpet
156401,car wash
15156,cell phone
161315,asbestos
169411,multiple personality
215163,hazmat suit
174369,mandolin
174371,italian soldier
174375,resistance fighter
174378,greek history
174389,allied forces
8666,preisgeld
168039,self mocking
168040,character is subject of comic
168042,reference to prince valiant
168051,monkey actor
168054,view askew
168063,gigantic hand
166686,climbing up a wall
166691,hung upside down
166694,flashback within a flashback
166695,cavern
166696,battering
166697,ram
1698,ideology
220491,anti-authoritarian
7548,columbine
193548,teaching the ways of the world
193554,power relations
206696,contests and competitions
156388,environmentalism
206686,righting the wronged
206700,fighting crime
11532,grindhouse
228665,vixen
3997,power takeover
3921,discontentedness and displeasedness
33495,afghan
7596,german mark
7598,inflation
183817,stock exchange
193513,kindertransport
177118,office temp
177119,word processing
177341,gadfly
157160,antarctic
183954,enigma
3781,coldness
5253,desolateness
15043,paranormal investigation
5981,intelligence test
9323,iq
179060,sioux tribe
188158,flintlock pistol
163186,seance
436,south seas
230460,coast watcher
156706,oil tycoon
192412,greyhound racing
6310,national park
179507,cash
191439,allan quatermain
472,bathroom
193278,deep south
218009,man slaps a woman
9255,sinkendes schiff
181083,jaguar car
181084,cinnamon
5689,slovakia
197951,time of war
158054,spring break
7321,nuclear power plant
6579,music festival
8843,mods
161289,space shuttle
205349,space camp
170587,mysterious stranger
170592,woman crying
170595,library card
170602,low men
170603,bronko nagurski
170607,culvert
170610,floating on inner tube
170611,wind chime
170615,jack of spades
170620,clairvoyant
170622,hires root beer
170624,wrong number
167193,male model
167195,time magazine
167210,fictional awards show
167212,lincoln assassination
11794,pokies
155498,cb radio
215191,strange
225466,bad parenting
214597,prison farm
209940,village people
10666,road accident
164543,tape recording
172829,music professor
172839,historical society
172853,playing ball
172856,music recital
172859,lecturer
164717,loretta lynn
164730,still
164731,grand ole opry
164734,nashville tennessee
164736,honkytonk
164738,coal
204177,blood shower
7470,rassengesetzte
190150,soldier of fortune
158513,iron monkey
4623,casting
7928,crack
177512,dirty harry
177538,elephone box
11701,milkman
11703,russian orthodox church
11704,judaism
11706,constable
211485,mir space station
1241,persia
259,amputation
4007,jack the ripper
2629,psychological stress
156260,stripping
207197,mistaken for jewish
18091,free will
14784,medication
180241,claim
199214,mental
188478,glass
7358,school performance
4923,threat to death
167106,conveyor belt
204006,energy company
179068,rudeness
8663,overweight woman
8664,oberflächlichkeit
8665,kompliment
214664,beauty standards
230616,fat man
236373,fat woman
236374,attractiveness
191527,phone call
169302,illegal drug
169305,black american stereotype
169309,cashier
169311,disgruntled worker
169325,low rider
169326,caller id
2630,cutting the cord
1456,medallion
184258,imposture
890,races
2317,conductor
5982,ex husband
8949,weltverbesserer
9240,midway
1937,document
192391,spinster
158781,jungle warfare
5997,sign
207935,manslaughter
209619,aborigine
7513,bucket
7515,lausanne
156294,rich kid
156295,trophy wife
156296,job termination
156298,richard pryor
13158,gasoline
33464,burning body
169815,exhibitionism
227035,white gloves
195114,space adventure
15140,quicksand
161511,edgar rice burroughs
197359,cave woman
12070,ants
214996,florida everglades
214997,giant ants
8956,magnum
2448,freight train
173606,betting
181135,gauntlet
186718,corrupt official
209225,extradition
10176,gun battle
2429,will to survive
10536,rocket crash
168615,biplane
176038,pterodactyl
221255,stegosaurus
155538,sicilian mafia
155539,sicilian
1662,bosnia and herzegovina
5868,marie antoinette
159355,card dealer
159369,male
159370,salt lake city utah
14586,construction site
54612,shoe
192565,turkish
187579,radioactivity
15079,record
155467,nursery rhyme
178993,duplicity
184297,mystery killer
184302,scheming
190475,german expressionism
214452,traveling circus
3263,american  way of life
365,ghost train
366,sex-shop
5972,garden gnome
7955,taliban
160832,red cross
5684,diabolical ego
9476,pünktlichkeit
156835,hypnotism
197950,flight of fancy
160137,female hero
209893,jungle girl
156808,hospital fight
176625,taekwondo
187967,forbidden zone
187969,waif
33788,guide
160071,tough love
162836,weed+
166734,smoke
169064,canon
171235,pot head
171236,smoke ring
171238,pill bottle
171241,doves
171244,baby powder
171251,corpse in coffin
171252,pillbox
33353,boy genius
1189,profession
9576,beförderung
192828,parking
212330,slap
606,orcs
609,middle-earth (tolkien)
163924,childless couple
207428,desert warfare
5436,sexual revolution
39737,seaside
209093,leitmotif
9728,caper
46950,dagger
2326,alibi
12562,muhammad
4265,somalia
10174,delta force
154976,shooting party
6178,newfoundland
177673,wrecking yard
177678,patrol car
190636,crime syndicate
990,squirrel
10299,mysterious truck
170881,child driving car
156544,cadaver
159951,charlie chan
191749,manservant
10200,man man relationship
3617,nuclear scientist
1489,river thames
189359,rat
159952,west point
193006,big oil
205740,force field
233155,cryonics
168593,fake fight
168595,bowie knife
6280,adult education center
155807,bruce lee
186831,stolen gold
4949,warning
6622,tumor
10904,telephone call
15198,car wreck
230413,mothman
238137,mysterious events
238138,chemical plant
200055,synthetic human
168598,southern accent
170444,wanted man
170450,lynch mob
170452,reflection in water
170457,lesson
170461,nosebleed
170465,bloodhound
170466,fake accent
11157,sibling rivalry
3878,eavesdropping
11173,troll
160192,backpack
171715,sponge bath
171729,repairman
11014,mail order bride
186757,bank clerk
7085,stricken
157943,hunchback
171067,intellectual property
6234,roller-skating
155720,rollerskating
155742,future sport
15405,godfather
169814,aviator
170038,fence
170047,baseball glove
170051,lip flubby
170053,steak on black eye
170057,chased by a dog
170063,steak
6559,basque country 
11512,public sex
167008,brushing teeth
172305,church restoration
11511,unfaithful boyfriend
184355,implied rape
191428,song writing
10859,tribunal
14519,military tribunal
9702,broken lizard
226825,shenanigans
170749,business trip
170768,child psychiatrist
170771,fratricide
170775,opening in the ice
170776,disbelieving adult
170777,mother kills own child
170778,scuffle
10915,last will and testament
208542,life
217405,missed opportunity
7118,escapee convict
9856,flashback sequence
172621,driving in the rain
228208,motion picture studio
5907,middle east conflict
197988,sportswriter
193716,kitchen sink realism
200815,interstate
179426,mantis
189223,praying mantis
9312,dragonfly
166104,humanitarian
223149,soccer coach
10540,bollywood
220451,wedding arranger
220453,class system
1560,dynamite
155805,native american reservation
230358,abilene kansas
1908,katana
208873,acceptance
160336,land grab
33403,bayonet
167234,vietnamese
185407,vampirism
15375,chains
207841,chemical disaster
46952,heavy rain
163699,vomiting
157532,bitten in the neck
157537,throat ripping
1735,amateur detective
194001,royal wedding
158304,hand on crotch
159631,premarital sex
163994,raised middle finger
167925,employer employee relationship
169175,storem
154787,irish rebellion
211408,high cost of living
9704,ventriloquist
5272,libya
4274,seer
12364,mass suicide
212406,sadistic horror
208578,sunshine coast
184975,frontier justice
182810,combat fatigue
184439,divorced parents
9195,rot
2078,mammoth
158017,saber-toothed tiger
7202,balkan war
154937,bisexual
178316,bisexual woman
3038,israeli
3039,palestinian
18286,israeli palestinian conflict
192736,everyday life
14557,undressing
226958,typing class
181213,sword and sandal
211634,barabbas
179433,haunted castle
11085,castaway
194048,zanzibar
171783,hostile takeover
171785,teenager fighting adult
171792,die hard scenario
171795,last stand
171803,military school
171808,older man younger man relationship
171812,military funeral
18431,female ninja
155242,shogun
3792,transportation
200470,mass tourism
204169,charter
204170,gran canaria
204171,kanarieöarna
5986,teheran
6540,franklin delano roosevelt
11795,lasersight
162177,subjective camera
175211,reaper
175227,broken wrist
175233,razor blade
175241,shot through a door
175245,sword duel
175247,burnt face
171639,yearbook
171646,roofie
8729,lighthouse keeper   
155813,submissive
203493,domineering
10454,swindler
156210,labor organizer
10196,role playing
3156,brotherhood
10538,palm springs
11032,defense
155556,doggystyle
171183,flirting
171184,exposé
171192,pug
171197,bon bon
171198,fraternity pledge
171199,greek letter
155877,over the hill
2720,woodcutter
180635,multiple perspectives
219842,team owner
2919,rose garden
174203,remorse
238140,forced to kill
2164,sapient
2167,ethologist
2168,drive
1200,greece
4532,son-in-law
6188,bad father-in-law
180999,drought
208008,shootout at a train station
160934,ex prostitute
200529,trying to escape
9549,windeln
215320,solteros
208395,cryptography
215141,secret formula
4698,stamp
180250,swindle
207538,rare stamps
196297,spooky house
41337,freeze
191308,ex-boxer
208112,land baron
236612,feathers
168186,havana cuba
180249,gunrunner
184951,gun runner
191206,former flame
12422,drug stealing
187239,scatological humor
187240,contempt of court
169887,reference to superman
156030,trinidad
210947,lovelorn
220908,germ warfare
222745,fake priest
199093,trouble
206782,house guest
189390,yukon
189391,boy dog relationship
11486,sexual arousal
211088,street prostitution
207693,return home
208806,life of crime
10814,wounded
187325,loveless marriage
201696,heartache
155443,dillinger
11491,cult figure
14922,kendo
163239,spaceport
163248,good becoming evil
163252,alien race
163255,mechanical hand
198710,yoda
208433,pleasure
155374,hussars
156345,istanbul turkey
159862,british history
163095,british colonial
165431,anti war
180216,equestrian
193203,lancer
194470,queen victoria
158026,meat hook
155501,marry rich
158264,indian war
158265,eyebrow
158266,wild horse
14749,water cooler
9830,nuclear explosion
2911,dakota
185268,wheat
177771,rommel
11199,undercover cop
4165,saturn
9444,europe journey
186951,girl disguised as boy
54016,glue
185702,langley virginia
4541,conciliation
156195,family feud
9790,house arrest
207972,lonely man
3022,passport
174617,fishing boat
187023,safe deposit box
223067,crime solving
9525,pacific war
3544,machete
157424,sledgehammer
238142,stabbed to death
192035,draft dodger
180397,cementery
180398,cheating at cards
162776,lodging house
155652,nuclear
207794,project
169101,pellet gun
169110,reference to oprah winfrey
169114,brat pack
169117,phrenology
200433,man dressed as woman
4939,alien phenomenons
168490,dead parents
236189,future noir
210108,perth
161762,apple tree
161779,corporate take over
171584,filipino american
171585,poetry workshop
171586,community college
171594,relay race
171595,physically handicapped
171603,s.a.t.
6657,monolog
165846,yonkers new york
209026,hero trio
185443,relatonship study
173893,fire chief
173901,animated map
173903,theatre audience
173905,dragonslayer
173911,tunnel construction
173912,fire repellent
173913,drilling
173914,iodine
174984,homework
174985,shot in the chin
174994,soft boiled egg
175001,learning to drive
175005,spoiled son
175007,scarred face
175008,thompson sub machine gun
175011,frost on a window
175016,cauterizing a wound
175017,liberty half dollar
8168,fishing village
181239,scientific expedition
183787,alien monster
191132,space exploration
237590,extraterrestrial animal
237591,spaceship crash
237592,woman medical student
237593,lone survivor
155613,goofball
4834,etiquette
12387,cerebral
163405,aerobics
163412,fitness
2437,munich
179823,class conflict
196193,deutsche
236882,humbug
10996,monsters of the wild
208942,southern sasquatch
208943,fouke monster
33858,right wing
188719,magistrate
214724,rally
158188,pick up
158189,wetting pants
158190,hockey mask
158192,barbershop
158204,town meeting
158206,forklift
162515,contamination
4607,core melt
3346,sumo ringer
6789,foreign legionaire
9403,resignation
8010,bus bomb
18117,female spy
198860,stolen treasure
10484,listening device
209777,derek flint
209778,super spy
1716,milieu
3399,disorientation
6117,holdings
11716,clinic
8089,autoradio
167642,crop circle
192962,alien attack
228753,loss of faith
229652,alien encounter
157598,store
1922,houseboat
185221,heart transplant
185222,fbi profiler
217142,nsa agent
234505,adrenaline junkie
234506,thrill seeker
968,manchester city
188860,socio-political drama
225846,minimalism
8517,photo lab
231641,unfaithful husband
220204,winery
8469,computer simulation
2036,greek mythology
6993,pegasus
8985,zeus
10863,medusa
161170,perseus
161171,kraken
161172,gods
162861,ancient greece
186696,jet crash
181375,satanic
206081,london blitz
169264,prisoner on the run
169271,escaped prisoner
188337,logging
7923,homepage
176613,villain turns good
11827,swimmer
6688,archive
8477,gewalt im film
154779,saw
158763,thesis
206440,video tape
210655,snuff films
8917,patenonkel
229635,briarville missouri
170124,camper
198492,set on fire
14882,ontario canada
14886,thirty something
177349,greedy developer
162341,frozen alive
3882,gang of thieves
159334,planning
181331,octogenarian
228389,quintet
1746,souvenir
157135,ealing
228064,escapism
6437,toilet
155545,vice squad
2876,blackbox
2878,scientific study
2879,aggression
208067,imperialism
157800,cutting
158254,pantyhose
212796,workplace romance
196509,youkai
207695,japanese mythology
228740,spirits
2075,alabama
8798,conversion
10367,book of mormon
187729,brutal cop
9027,mothra
159088,giant moth
210621,mosura
188841,daydreaming
224587,monster island
179874,expressionism
1734,cop-killer
161272,high school sweetheart
207837,hammer films
160324,django
222720,government secrets
236907,rocking horse
399,fountain of youth
5037,checks and balances
11068,oklahoma city bombing
11452,celebi
9309,elite
233950,skinheads
13209,cabin in the woods
172784,well
185408,supernatural horror
211197,mysterious death
234598,remake of asian film
166770,sex addict
41584,sandman
177901,evil witch
190022,hansel and gretel
15099,professional hit
227532,hit man
9914,slice of life
10575,blue collar
18292,rustler
228752,prey
206491,greek god
49950,prosecutor
190456,years of lead
4881,yell
185718,cultural conflict
192767,mountain lion
209334,newspaper columnist
2025,tractor
200969,incubus
196543,mondo
207967,police protagonist
163386,alien possession
5898,turk
213299,gallipoli campaign
34041,canal
155879,boating accident
184924,comic book artist
226006,impotent husband
222787,the lone ranger
1222,zurich
6461,coburg
162831,the miracle on the rhine
162832,adenauer
11249,blood bath
161102,camp counselor
191045,revenge killing
218125,meltdown
237017,sex pest
9228,puzzle
12563,mutilations
212508,black gloves
208053,exploding helicopter
209662,killer fish
232282,dynamite fishing
9788,pro-life protesters
155278,feet
4087,revelation
9772,pubic hair
156407,promiscuous woman
163810,faked death
211121,exhibitionist
211291,sex lesson
5452,stunts
200234,shocking
194226,masculinity
214647,power play
232503,women director
3101,stutter
33633,fantastic world
3494,admiration
206706,human nature
8445,cannes
899,rhyme battle
190187,eminem
434,destruction of a civilization
2697,mexican province
2698,celibacy
4744,motown
10967,concert footage
10481,tension
182266,rave culture
182268,club life
182273,raver
234668,london
5423,piano teacher
181226,politcs
182313,swedish
199981,hill
191249,marcel pagnol
228489,racial injustice
155618,dust
192248,white slavery
194869,boy band
9634,jeans
7569,suppe
2138,joke
11060,trap
155180,cajun
155235,animal killing
192125,egyptologist
8646,ronald reagan
33573,banana
148534,cunnilingus
181514,deadbeat dad
189428,phallic symbol
212779,used car lot
212780,wino
212781,fur stole
212784,binge drinking
212785,wine drinking
212787,sadomasochist
212788,greyhound bus
212793,domestic dispute
208953,rubber chicken
208954,lurker
4741,recording contract
11634,live performance
162066,rock concert
234365,space based weapon
7983,indochina
735,torera
209321,hanukkah
161348,unusual phenomena
196483,space pirate
157204,girls with guns
5706,kreuzberg
5782,squatter
184352,rape and revenge
202210,dimension
158699,nova scotia canada
173453,zulu
173455,tribal warfare
3236,phasing
7019,medea
208018,infanticide
11534,sexual violence
11949,jönsson gang
180079,san quentin
179415,mailman
190317,belmondo
162491,commando mission
2706,milan
10929,attila
10930,huns
1457,corset
2901,crusader
13424,tv reporter
155273,busty
156187,cat house
6420,border crossing
18230,drug trafficking
156320,cannery
155608,aikido
171258,music rehearsal
171263,white male pretending to be black
171268,sorority party
171273,push ups
187791,maid uniform
188755,hotel clerk
220314,wealth differences
768,romulus
182633,channel surfing
182638,mullet
182649,spiritual journey
182651,life changing
182656,pioneer village
182657,family gathering
238248,sammen
4927,assertion
155799,narcotics cop
189145,executive
155531,policewoman
155546,female police officer
1657,eastern germany
168418,pistol duel
10622,lost city
10625,dying of thirst
155699,false teeth
155700,charles willeford
158259,child killed by animal
170122,bee sting
170130,tree climbing
170135,death in childbirth
170141,tuba
170143,bee attack
195269,magical creature
209974,cute
173361,real time
4892,sultan
4895,flying carpet
190205,oedipus complex
223089,giant crab
186466,christmas horror
207299,obscene telephone call
5103,subjection
7157,reue
172889,overhead camera shot
177465,attempted jailbreak
177473,engagement party
177482,mislaid trust
214810,bank fraud
231069,inspired by a true story
165675,prison matron
165676,jazz age
165686,nude man murdered
2431,ghetto riot
11102,panzer
161914,dark heroine
187028,gatling gun
4740,public
5321,studio
10565,model airplane
4688,microfilm
226879,flowers
3899,chewing gum
6060,insult
3852,safety
5060,patrol
181100,amazing grace hymn
2966,louvre
207717,acapulco mexico
176227,motherhood
206581,venezia
156123,algiers
183185,red dress
2722,subjectivity
2365,crete
221301,emerald
186776,don quixote
186777,cervantes
156501,pride
187292,fixed fight
187293,corrupt system
187294,press agent
187295,broken jaw
17981,foster sister
2113,iron curtain
3773,kampfjet
160176,swiss alps
6385,traffic warden
7264,gendarmerie
185526,whorehouse
186399,stealing a chicken
174448,piano player
191316,military unit
9585,makler
157008,catholic church
8708,sketch
10610,live
192763,enslavement
192764,cave in
159743,fourth of july
230896,circus performer
156331,lgbt athlete
178643,malaya
2605,lodz
5271,functionary
6084,political party
173343,celebrity impersonation
2233,neglect
4017,cut-off hand
155781,trailer
203586,vicious
203593,canine
228690,imperial seal
175186,hazardous waste
175208,mob hit
18155,vulture
44450,gong
44452,shake
44453,mango
215020,tarkovskyesque
46954,journal
157813,naked
185953,perjury
200452,question
180230,stallion
2971,grandfather granddaughter relationship
194780,family man
14733,texan
185728,secession
197521,innocent
171134,sex doll
171143,streaking
171150,mouth to mouth resuscitation
218042,minority
191256,ray gun
3848,support
7587,nigeria
203258,underpass
3510,kenia
4555,only child
15218,special forces
164148,dark past
238136,gory violence
198780,obedience
221805,degradation of lifestyle
221806,lou reed
187514,speed freak
187517,junky cop
187518,boy toy
187522,porn magazine
187523,dope selling
187524,crank
187525,handcuffed to a bed
187527,cctv
187536,veterinary clinic
187537,needlepoint
187544,needle
187547,older woman younger woman relationship
4557,calumny
6680,glory
7272,freedom of the press
161231,hideout
9883,chevrolet
229685,baseball players
9892,game warden
9893,lioness
9896,lion cub
9898,animal rights
9900,warthog
208079,jewish boy
155725,red sox
155647,green card
3130,edinburgh
156196,street life
155513,dancehall girl
191682,babes
4596,panama
6174,ranger
8713,lager
229211,military crime
5178,magnetic field
187033,center of the earth
186789,dream world
1861,nice
163975,reckless driving
202760,hopeless
207431,murder suspect
209674,moody
228427,possessive man
228428,disenchantment
228429,insecure woman
238065,volatility
179012,estranged family member
191080,shipping magnate
190434,assassination of president
7938,heilsarmee
199263,anger management
41595,oceanic expedition
193295,disturbing
4958,injection
18109,knife fight
160133,scroll
33534,folk singer
159188,reference to annabel lee
159197,digging
4474,ornithology
33634,stork
33635,pelican
5251,primal fear
156767,nuclear threat
155462,little dog
159620,big con
159627,con game
4897,multiple character
197708,mental disorders
212803,dissociative identity disorder
238467,isolated place
11145,spelling
11146,spelling bee
13281,work ethic
4590,kindergarten
166766,digital video
197525,dominican
9249,backstage
33926,chorus line
163210,choreography
165231,big break
165241,broadway musical
165455,floating
169362,pendant
182600,blue sky
188747,air pirate
10570,roadie
161254,carpetbagger
191789,libel
5713,rhode island
190849,broadway show
3217,plato
3219,precognition
1389,cinephilia
6224,hobby
160152,film fan
196500,film buff
218048,movie fan
10026,harbor
33759,fish tank
156948,missing child
180557,short term memory loss
180568,clownfish
180574,father son reunion
181068,protective father
10476,double crossed
10604,fast cars
159510,hollywood sign
159511,television repair
6071,middle class
2914,chief
4678,stick fighting
6337,patriarchy
178523,cheesecake
188156,native american captive
158274,double barreled shotgun
10037,le mans
33722,true crime
165369,sailing ship
193572,housing shortage
164753,moulin rouge
205710,bomb threat
168093,henry rifle
180235,payroll
172879,whistling
187332,horse and wagon
178636,talk radio
198735,klondike gold rush
5339,railway car
166529,winchester rifle
168547,prize
188235,u.s. cavalry
10397,royal air force
15259,air battle
229917,luftwaffe
5469,intermarriage
2322,thirst
207459,financial
40903,diamond heist
229759,shark fishers
155963,driver
160861,naval combat
195862,naval warfare
233857,german navy
233957,royal nave
189408,flying ace
208212,survivalism
188071,stolen child
231870,bürgerkrieg
156486,post-punk
221091,pat garrett
5902,escort service
5406,head physician
208223,fortune
6435,webcam
7258,okkupation
159306,crane
161242,irishman
162729,van helsing
201689,year
208418,waking from coma
238332,animal research
184783,first date
184784,bank officer
525,foreigner
7204,german-turkish living together
192002,biblical
199903,reference to jesus christ
204312,loincloth
222184,gospel of luke
222185,1st century
224411,on the lam
3695,berkeley
157344,phone
163207,cell
179100,hulk
2686,chambers of a barrister
7682,tierversuch
2650,leather jacket
2651,nanotechnology
1732,innkeeper
11086,wooden eye
11087,gold coin
235625,capuchin monkey
235626,tortuga
232533,immortal
2806,lapland
2807,finnish
2809,sami
7963,guantánamo
18067,exploding house
179093,criminal underworld
226380,haitian gang
33707,pen
227148,anarchism
3014,immigration law
5416,transplanted organ
9719,taxidermy
7209,plötzlicher reichtum
186804,shipyard
186805,peseta
18081,sawed off shotgun
2140,chamber of commerce
6587,east berlin
6588,west berlin
191143,loch ness monster
229440,midgets
156827,public restroom
177489,subway train
186815,metaphor
208748,hookup
236942,euphoria
236943,phallic
236944,communal shower
198362,broadway actor
161794,bad dream
9390,shaolin
175329,v.a. hospital
175331,junk sale
175336,jellybean
175339,greeting card
175340,file clerk
175345,comic book art
206441,pro wrestling
206542,backyard wrestling
213102,teen spy
173245,sculptor
203476,wax
208162,mutated
10022,rampage
208918,animals gone wild
228285,mousetrap
174653,pre viking age
174666,hayloft
201269,trendy
201270,shallow
213833,blind woman
9862,dam
33480,environmental
156799,vermont
2097,lantern
5320,cake
3237,subterranean town
154999,bald
158540,south korea
155244,vendetta
155245,deli
163676,gun for hire
163678,favorite
184995,ss
210111,dollmaker
223155,rhedosaurus
14991,tentacle
158064,graboids
158070,seismologist
158144,giant worm
4173,music lover
159548,clouseau
159550,pink panther
159560,bumbling
10318,laughing gas
232130,small talk
235204,branch davidian
238706,atf
6953,obsequies
12352,comic book shop
12353,comic book collector
6683,autobiography
537,palestine
215603,nsk
161166,misogyny
190334,theocracy
196390,linux
210034,gnu
215267,free software
215268,open source
226543,sex work
7947,war of independence
192050,partition
234297,lahore
7728,cholera
6710,interpol
158470,strategy
207412,balkan
199911,drag kings
215200,pretend relationship
10228,aspiring singer
2848,tennis player
10063,repentance
172762,sin eater
172772,mentor protégé relationship
172792,reference to god
204017,suspicious death
10376,homicidal
201785,locals
9834,pole dancer
155445,bank vault
4742,background singer
1895,jet lag
194424,sengoku period
203399,shouwa period
230462,meiji period
10201,death of father
10975,high tech surveillance
10976,global positioning
15050,female cop
157202,one woman army
157203,woman vs woman fight
157210,framed for a crime
157215,death of sister
157216,handcuffed to a policewoman
157218,female sniper
157222,big corporation
157237,compact disc
157239,computer fraud
157256,forensic science
6172,zen
10902,new age
192167,funny hero
198336,ugly shirts
155483,bee gees
156190,billboard
10339,drive-in theatre
187321,post civil war
216079,truck stop
186565,zombie apocalypse
165857,borzoi
165858,millinery
165866,drygoods store
160765,roses
176745,blind girl
207834,pet owner reunion
186948,book comes to life
2495,georgia
224873,worms
198385,hentai
1958,toscana
3730,recreation
2554,macho
5984,dormitory
208509,national lampoon series
8633,tour de france
33473,triplet
33474,band singer
193594,pittsburgh
171070,arrogance
172280,based on supposedly true story
4172,nuremberg trials
6012,physics
190947,stephen hawking
9267,outfit
11240,live concert
33895,led zeppelin
173918,madison square garden
165913,uncle niece relationship
165921,wedding bouquet
201484,complication
159700,getaway
198158,illegal
202597,level
202599,virtual
201674,sanitorium
201676,swiss
209271,live action
215195,the meaning of life
155750,fakes death
171691,beer keg
171692,political correctness
171695,ultimate frisbee
171698,funky music
171703,fund raiser
171704,stage diving
5403,wehrmacht
166454,russian army
190351,horrors of war
190352,premature aging
190353,byelorussia
190355,eastern front
229740,body transformation
10943,tragic
10880,lee harvey oswald
33601,covered wagon
2705,madeira
11465,chapel
193607,shipboard romance
225878,youth choir
233580,shawl
236600,scheduled rendezvous
5800,geek
207989,struggles
194230,malpratice
7094,pflegen
155888,teenage daughter
8038,bus hijacking
10704,female yakuza
6645,mayor elections
219605,lobbyist
192665,stevie nicks
155163,turin italy
157232,airborne car
179568,archaeological dig
190025,secret police
194705,gauteng
195395,zimbabwe
195397,subterranean world
221083,dirigible
11297,judgment
6576,hutterer
159245,scorpion
4471,varanasi
4472,pneumonia
201512,aristocratic
564,polen
188950,corporation
191711,stockholder meeting
3225,ying yang
220232,yin yang
1933,nazi background
2569,prime minister
5597,war on terror
3208,bunny
182664,frigate
182671,self surgery
182681,weevil
34136,blunt
5548,bizarre
190174,rumspringa
184369,shot
234803,female criminal
185736,conflagration
208534,darkman
163226,ventriloquist dummy
199322,recurring dream
160929,treatment
156797,importer
156798,film school
156800,errand boy
156804,menu
41316,pet dog
175376,jingle bells
175387,communicating with the dead
224818,old-age home
233237,strangers
1891,tent
161187,pap smear
184011,reference to jack ruby
184014,dairy queen restaurant
4284,norad
237301,houseguest
18070,religious fundamentalist
2822,woman martyr
2976,heresy
195537,forgery
234115,burning at stake
234116,holy communion
238085,bloodletting
156688,seductress
185013,two strip technicolor
202217,temptress
207089,nativity
234155,lepers
183931,somnambulist
183944,unreliable flashback
183946,megalomania
183955,somnambulism
159857,public hanging
159858,strongbox
159865,historic figure
159869,eye patch
159871,horse carriage
159872,opening action scene
6635,hypochondriac
161294,biologist
192008,kafka
214555,children education
4926,chess champion
5627,cynicism
201195,parisian
201200,clandestine
187200,french colony
212725,nymphette
7965,matador
2872,window
33631,hymn
155437,children on the run
157376,game of death
229184,school class
9322,taiwan
161156,libertine
161157,coprophilia
161158,scat
159707,crime gone awry
159709,bumbler
159710,hostage negotiator
7980,motorcycle crash
158303,rabies
157217,woman smoking
2709,snake skin jacket
9854,artifact
168736,carjacker
168763,suv
3456,sex therapy
3486,fashion journal
7537,tudors
11670,mary queen of scots
207416,concord
154867,jockey
207973,afi
9593,judas
6206,float
208358,conquest
228691,conquistador
181962,labor camp
188512,prison camp
192913,warrior
208505,cattle empire
162722,indian attack
184692,cowboys and indians
196630,ostracism
219945,calvary
234193,drunkard
234253,outcasts
3839,unskillfulness
156179,coroner
226582,dodge charger
189397,country girl
208315,fake wedding
163138,notre dame cathedral
173977,torment
15142,broken ankle
165168,opening night
165171,crutch
165172,theatrical backer
165177,eviction
165184,show producer
165185,chorine
165186,plaster cast
165190,show must go on
165193,financial crisis
165194,sock on the jaw
207449,humphrey bogart
231027,mosque
12649,samba
155428,trolley
220511,carnaval
54324,patriot
190797,marx brothers
4602,stress
162758,singles bar
158688,rainbow
158692,wool
158697,installation
2765,fungus spores   
172496,health food
172497,speech impediment
172505,ice sculpture
172507,miranda warning
172509,orange county california
172512,female police commissioner
172514,homage
172517,yugo
178665,mayhem
223198,uninvited guest
187196,french colonialism
208466,german colonialism
8910,kobold
9408,kleeblatt
156791,alternate world
159451,subway station
229591,who are the crazy ones?
205781,beat generation
230644,lynchian
210386,man on the run
5978,progress
8361,hypnose
182794,halloween costume
182800,ice cream parlor
182804,home renovation
158569,missing limb
158572,adoptive
208498,youth center
3073,commercial agreement
3078,war strategy
3080,gettysburg
220492,war trauma
208513,anxiety
208514,conjoined
208515,siamese
173700,end of trilogy
171452,faculty
171453,art history
171459,rowing
171461,school nurse
171468,femininity
171469,teacher hero
171473,womens issues
181549,secretary of defense
181554,lyndon johnson
181557,anti war protest
181558,cuban missile crisis
181559,dominoes
181560,cabinet position
181564,armed forces
181565,spin doctor
181566,self immolation
178656,iranian
233021,ugly
4498,big family
183141,smart kid
170682,lying
184499,baby born
9693,female killer
4999,risk
33940,dance class
226219,insurance risk manager
2853,mediterranean
156902,assistant district attorney
209849,american mafia
183435,bloodbath
226430,re-animation
226431,sadistic warden
5283,hells angels
5648,theodore roosevelt
558,city portrait
2100,new building
206576,death of girlfriend
219366,ok corral
157897,war bride
9904,french resistance
155797,hemingway
156063,expatriate
190629,crime wave
160799,posse
6977,bigamy
161338,bodybuilding competition
197434,team of criminals
202399,cartoonist
207209,matt helm
34124,mother superior
6670,piercing
157707,masochist
157714,sadistic torture
157716,predator turns victim
237345,movie producer
163755,polish
204004,orbit
231209,king david
162715,ruins
166451,warsaw uprising
184152,traveling through a sewer
188618,reformer
192032,saved from hanging
223595,jesus
12551,nuclear bomb
220011,nuclear testing
7313,oldtimer
10990,three stooges
209455,cordillera huayhuash
226435,yellow bikini
4394,test
198955,exams
169213,milwaukee wisconsin
169214,st. paul minnesota
169215,gas rationing
169220,lake placid new york
207775,blacksploitation
199910,riveter
171043,st. louis
213764,abandoned factory
176780,tattoo shop
178444,peer pressure
178448,shoe store
178471,reference to jack black
178474,flunking out of school
178475,promiscuous mother
178482,glue sniffing
215693,the sea
209474,holidays
208321,absent minded
208322,pontiac
9070,beobachtung
9071,hochsitz
163402,creation
207567,satyr
190225,prefeito
190226,prefeitura
179870,black death
208005,statue
236501,science vs superstition
3975,spotlight
7868,pen pals
10031,nudism
3034,last supper
7795,reicher amerikaner
5598,tel aviv
167724,jumping from a rooftop
167726,surveillance footage
155625,silence
166989,submerged
203800,persona
232946,reflexive cinema
159094,air base
5750,zeitgeist unknown
5751,mccarthy era
11558,jump from train
158449,hatred
14856,informer
206087,crooks disguised as cops
214596,cia agent
9145,dubai
169663,haifa israel
893,irony
166995,wild man
192928,raised by dogs
1912,habor
4531,munition
4682,basement garage
3655,special capabilities
5468,monotony
5747,fjord
6101,engine
2823,physical work
2826,wanted poster
2827,forced labour
2832,recession
6144,lawlessness
12208,narration from grave
174406,combat photography
3933,modesty
231403,elf
197919,tbilisi
11308,painful sex
3431,materialism
4632,martial law
4634,rock gang
4884,infection
160064,cave girls
3993,inspiration
6142,contract
203215,label
203220,gig
7150,hangman
187117,mexican bandit
168546,air race
168548,british stereotype
168554,german stereotype
168566,vintage aircraft
168567,stereotype
168568,multinational
168573,la marseillaise
11833,forty something
171848,marital separation
219902,cognac
193025,planting a tree
14793,wasp
33772,deer hunting
180715,giving birth
215522,british columbia
10835,problem child
183523,log
2085,summer residence
10901,coincidence
15074,vortex
202558,soho
202559,district
202560,circumstance
4222,editor-in-chief
8711,michael jackson
181117,bloodshed
182733,swim meet
12192,counter-culture
13025,milliionaire
159496,golden egg
189964,high school rivalry
190141,new girl at school
156491,multiple monsters
220651,castles
220652,mr. hyde
160815,best selling author
8040,carandiru massaker
8041,sao paulo
4430,smalltalk
4431,jukebox
155068,emergency doctor
210746,hide
196273,anti-nazi
6342,nicaragua
4723,complicated birth
161265,reptilian
162482,severed ear
192639,pepsi
5282,rolling stones
155710,rock musical
208981,television set
10661,antelope
41308,syringe
188705,radio show
231769,flashbacks
235173,delusional
207156,family hostage
5690,kicker
2297,interpreter
587,amsterdam
2295,eastern block
3496,snake charmer
173655,hospital room
194254,ovarian cancer
217409,english professor
220363,chemotherapy
7881,mozart
191192,madison avenue
173299,ayn rand
157187,old friend
1199,netherlands
7453,canary
198778,last job
206041,professional assassin
226754,silent protagonist
165807,ranch hand
165824,shivaree
165826,statehood
165830,shotgun wedding
165835,smokehouse
165836,unspoken love
158436,porn actress
158988,struggling actor
6656,one-man show
9075,flamenco
232591,man turned into woman
232592,gender swap
14956,wu shu
185018,autobiographical
206189,chinese culture
202409,chanbara
235261,abduction
204060,monarch
1269,energy policy
4368,nuclear power station
4605,maximum credible accident
226616,falsification
226617,nuclear accident
226618,picketing
226619,turbine
430,venezuela
6124,incomes
181322,nitroglycerin
185459,seven deadly sins
155819,val lewton
178856,folklore
238613,fear of intimacy
238715,unconsummated marriage
222343,sir lancelot
10489,water shortage
161318,enviromental
200760,premiere
227169,bomb shelter
227562,film in film
161219,consciousness
202371,aggressive
47021,bullet
189884,alexandre nevski
189885,alexander nevsky
9316,vlies
169637,immolation
1902,lisbon
5852,reims
211661,psychotic break
197283,feudal lord
227352,ayutthaya
227419,mass hanging
227420,water buffalo
219988,riding a donkey
156321,tv movie
159936,dog tag
162014,marksman
162019,shot in the torso
162028,surrounded
162031,military uniform
162034,surrender
161217,pseudoscience
162587,magnet
166662,address book
190066,kurdish
11405,throatsinging
11406,tuva
190003,peanuts
235767,continuation war
9021,glaskugel
207887,late for work
221549,waterloo
198738,savage
12389,dirty tricks
167477,land mine
206690,mind and soul
207108,uncover truth
207110,mysterious character
160796,thuggee uprising
481,imperator
9803,dune
11162,miniseries
5567,würzburg
158278,remote control car
158135,shriekers
158139,tourist attraction
158141,toy car
158145,flaming arrow
191345,poverty row
196987,voodoo doll
238513,half brothers
192164,canadian border
209346,how to
11537,woman with gun
41373,dead man
162344,antidote
162685,blood transfusion
183203,destroying a car
183205,secret burial
183206,mortal wound
183214,new car
183215,short wave radio
187253,way station
3715,man
17971,homeless shelter
201864,hostile
180533,japanese noir
215169,emaciation
41409,break in
165439,guard dog
202873,poor kid
234403,tarot reading
237126,in the walls
234356,nazi
14569,chameleon
163895,newsreel footage
190755,meaningless existence
209035,loss of sanity
8085,stockholm
177922,archipelago
177923,midsummer
6741,tourist guide
177895,dark fantasy
11660,hippie lifestyle
202407,unsimulated
185426,monterey pop festival
41411,vengeful ghost
194018,talent manager
10046,mecha
202314,robot fighting
155614,ramones
9666,street race
11799,reality spoof
6553,beatnik
207404,premature burial
168132,biker film
207727,summer theater
2059,cycle
2061,mortification
3743,season
172992,ghost child
190073,new apartment
170837,oakland athletics
170845,photo album
170850,show
208012,horror host
9539,nva
5619,tape
10933,new jersey devil
11613,live broadcast
11616,vhs
11665,handheld camera
11666,microphone
11668,forensic psychiatrist
208117,lew harper
4569,gay night club
33432,male masturbation
174176,drugged drink
1658,frankfurt/oder
8793,ctx
158538,north korea
160224,post world war ii
1652,bread
10381,guitar duel
176127,open marriage
1624,vichy-régime
33813,secret life
179321,asian woman
220025,life changes
200347,filmed on location
238586,bulletproof skin
238587,burlesque house
238588,electric power station
238589,gantry
238590,bazooka as police weapon
238591,flamethrower as police weapon
238592,narrated sequences
238593,bradbury building
238594,angel flight
238595,funicular railway
238596,los angeles river
238597,electrical experiment
188474,cosmetics
188475,enzyme
188476,women killing women
9335,royal navy
192001,sodom and gomorrah
8947,viertel
177144,everyman
4174,little red riding hood
4175,brothers grimm
6080,state
3407,suffocation
7147,todeskampf
5149,banishment
18454,compassion
180483,decree
180484,mercy
181087,american in the uk
190476,cotton gin
190477,cotton
208802,boating trip
7460,hiroshima
10189,dr. mabuse
223738,warring states period
168723,latin america
7300,charles de gaulle
33466,button
173458,army life
210541,apathy
210107,vow
211980,crying baby
208703,rebellious teenager
7944,manga
180996,counterfeit money
154794,royal court
157337,inn
2369,sinti and romanies 
181232,still birth
189895,depiction of god
33737,snake bite
6079,parliament
194921,sexual dysfunction
215982,zaragoza spain
215983,underwear manufacturer
172658,isolated house
173990,dostoevsky
156630,remote island
183225,reef
183239,attacked by a dog
183240,mute villain
199812,nobleman
224121,big game hunter
4341,bunraku
191001,war effort
164364,vacuum cleaner
174063,slip
209330,sociologist
180487,schoolboy
187261,general store
191602,dance band
208747,septuagenarian
209342,ballroom
221692,rhumba
164664,marriage engagement
191585,high seas
11587,dummy
186727,nude fight
2216,hail
2218,temperature drop
2220,polar zone
2222,gulfstream
2223,barrier ice
2224,ice melting
2225,third world
1854,world of fasion
221654,intergalactic travel
8133,lasagne
195032,garfield
186846,adaptation
207839,leper
183818,make up
176218,sketch artist
187614,small town girl
191107,andy hardy
208333,otter
208979,hebrides
11471,flash forward
233380,weekend getaway
196413,tower of london
229103,chinchilla foot
229104,playing flute
3265,trojan war
163175,basil rathbone
4781,miner
206311,pennsylvania coal miner
168867,grocery store
184706,electrician
156851,psychiatric ward
173137,secret lover
155743,telethon
223901,animated
161244,iwo jima
4195,nobel prize laureate
4196,resettlement
191150,interplanetary war
157141,vanity project
232898,bad movies
233061,camp classic
189402,crime investigation
177039,embroidery
221660,fortune hunter
162843,state fair
10905,big business
40898,racetrack
155502,racketeers
3315,radioaktivity
3318,paris orly
14808,scalping
188721,mandarin
188722,ore mine
33969,miser
8640,young prostitute
165871,showboat
165875,paddlewheel boat
190802,ivanhoe
180181,trapeze artist
184807,stutterer
215217,armless woman
235594,bareback rider
235595,legless man
235596,poisoned drink
235597,pseudo-hermaphrodite
235598,bearded lady
235599,microcephalics
235600,controversial film
235601,human skeleton
11285,reference to hitler
199399,infiltrate
180797,navigator
6269,gymnasium
7864,pleite
8679,fitness-studio
1846,craftsman
3013,jfk international airport
10987,cgi
156240,mortal danger
156241,dying world
156245,mysterious force
207113,foursome
8658,che guevara
193537,stage performance
157935,apple computer
161159,bill gates
161160,steve jobs
161161,microsoft
40829,political activist
181102,east timor
181104,fourth estate
181105,media coverage
155651,fall in love
11412,female prisoner
5308,aftermath
178913,philadelphia experiment
9318,rollerskates
12189,extreme sports
5983,pizza boy
158185,collie dog
5146,genghis khan
186692,dr. fu manchu
191029,marrying money
155512,saloon owner
2834,room
11175,lamb
157772,pretension
204021,leo tolstoy
232861,indo-pakistani wars
234307,parsi
166788,illegal fistfight
166800,pool cue
166801,streetfighting
166802,prizefighting
166816,bare knuckle fighting
168929,sumo
189417,nude woman
192664,bbw
1370,shapeshifting
234894,arcade game
234895,universal translator
188285,ransom note
222344,guinevere
167250,teleprompter
167254,gang warfare
185281,news spoof
196691,step sister
221039,modern fairy tale
220903,humanoid robot
2174,maquiladora
203113,collision
211254,sancho panza
162757,singing cowboy
188016,seamstress
188017,hanging posse
5867,caravan
18520,though guy
33779,rail car
10843,superheroine
11738,evil corporation
18933,catwoman
180734,masked superhero
236969,cat lady
7020,bodybuilding
9562,nervenklinik
324,portugal
10247,nuclear holocaust
184161,iron lung
187319,wagon
13007,spoon
208155,hunting party
8008,pilgrim
195784,optometrist
161194,estranged father
189150,incurable disease
161000,shrapnel
191079,argentine family
181081,little girl lost
171749,reference to ed mcmahon
181036,freckles
193996,cole porter
172712,nome alaska
159289,historical event
7239,kosovo
4645,palermo
4647,bourbon
4648,naples
4649,opportunist
170223,corporal punishment
188181,bushido
207770,stomach
161508,iconography
184345,neorealism
208108,arms smuggling
197642,fighter ace
193707,nouveau riche
8159,iraq war veteran
226869,scorsese
214778,beach volley
180183,police officer shot
184759,playing gin
184760,gin rummy
33459,filing
33460,credit
230999,severed finger
46955,implant
220979,aura
233324,village council
1945,lethargy
207560,thunderbirds
185005,battle of the bulge
197643,slave owner
186212,medal of honor
221285,occupied france
7080,petrol station robbery
8132,hooligan
167631,munchies
167656,rich parents
167663,car siren
1378,laserpointer
10039,racing
194789,chautauqua
4497,universal exhibition
8086,crop duster
179574,race car driver
190190,rich girl
156769,three card monte
213450,summer holiday
6722,orchid
178719,wuxia fiction
184656,wuxia
9699,crushed
9700,living machine
175949,catholic guilt
6068,influence
1880,mobile phone
4850,computer war
9415,wimbledon
11033,first lady
11113,shot in the back
11518,sexual tension
15261,erased memory
158525,guajira peninsula
158527,leper colony
158529,biochemist
214514,alcoholics anonymous
207679,troma
225156,concert tour
191574,cobra
176706,broken mirror
219370,human duplication
33477,shore
41579,flour
203102,robinson crusoe
232459,echo
3880,snuff
7909,porno scene
161350,sex industry
10522,wall crawling
10534,pumpkins
6195,discovery of america
6453,the new world
189558,christopher columbus
8075,filmteam
184402,missing
210856,amazon tribe
168110,ledge
15325,universe
197526,enviroment
202692,issues
1242,war against terror
3837,failure
210610,world politics
218032,mass destruction
146946,death in family
17974,makeup
6555,stage fright
4847,historian
201725,strong
164525,reference to the beatles
14941,martial artist
195847,kids in peril
202494,panthers
171119,electro shock
41610,saint
172980,catatonia
172998,remake of japanese film
9229,grandparents
13000,based on short film
157375,bludgeoning
5711,indianapolis
5718,recording studio
7335,lawsuit
192381,maria callas
41312,chute
41314,trestle
6050,criticism and blame
189475,indiana university
195999,sexologist
8368,filmdreh
41230,body possession
5348,to drop brick
204222,spongebob
347,aristotle
5127,alexander the great
166950,indoctrination
191317,anti establishment
10674,film grammar
9606,sexchat
159480,fabergé egg
159488,dutch eastindian company
159490,second
159491,part
159497,goon
162085,loss of friend
174871,fast motion scene
192190,mailroom
171036,bellboy
192395,patsy
200510,gate
209347,furlough
187212,portrait painting
196546,homefront
227379,rationing
184274,knife murder
4673,consumption
15015,dying wish
169878,story within the story
238795,abused wife
190287,life after death
161849,projectionist
181471,railyard
181472,reference to sherlock holmes
181476,banana peel
181479,pearls
181485,chase on train roof
221966,ballet performance
193262,jester
1935,wind
209197,unlikely hero
238540,steamboat captain
238541,hat shopping
238542,classic sight gag
238543,falling building
238544,violent storm
208306,teetotaler
7499,zeh
193261,draw bridge
5254,remoteness
5255,hygiene
15071,centenarian
193110,locked room
233023,landslide
234111,refuge
10900,rasputin
173643,russian history
4026,anemia
206191,stardom
191198,new york society
212436,anubis
158950,hard times
200282,chorus girls
233445,show girls
11851,man beast
236392,inhuman creatures
194846,night club owner
236286,riding the rails
236287,freighthopping
236288,garbage dump dwellers
172628,fear of cats
173139,preserved corpse
195858,satan worship
225961,bus crash
234417,newlyweds
238512,prisoner of war
193511,scarlet pimpernel
2777,accordion
197928,laurel and hardy
220106,marching
231021,saying goodbye
238210,enlistment
238211,scottish army
238218,beehives
238219,dancing while working
238220,frying a fish
6582,moonlight
186808,tuba player
199904,schooner
14850,deep focus
14861,knifing
14866,doorman
14867,knife wound
14870,street urchin
192413,milquetoast
235228,lookalikes
236891,beautiful princess
195729,stage play
197111,rubies
209409,abraham lincoln
193506,wildcatter
180791,flower garden
188623,runyonesque characters
188624,zinnia
188625,watermelon
191406,thomas edison
11482,republican
195910,encylopedia
195911,night club performer
184497,maternity ward
199081,panama canal
154123,irish american
215593,benefactor
191145,stage mother
160063,nazi spy
206981,vaudeville performer
213800,tail coat
160881,navy lieutenant
157151,astrology
156623,trapeze
197122,cover girl
236626,adult child friendship
237011,eccentric woman
237012,gift of ring
180486,schoolmaster
174960,vanity
193663,marly horse
154856,fox hunt
33514,clue
7154,tatars
228357,zar
208040,cotton picker
235834,concert violinist
6981,connecticut
195693,convert
230963,supreme court justice
44443,eating
172272,tortured to death
155554,semi-documentary
156032,gascon
2031,orpheus
190883,horse trainer
190884,seabiscuit
10991,annie oakley
18105,sharpshooter
209218,summer stock
12433,gunsmith
157296,bankruptcy
180482,kyoto japan
186527,locked in
192311,social class
186370,close-up
230915,trench warfare
2318,choir
10760,barker
197808,fairground
160198,rodan
191346,nuclear power
161233,transatlantic
191814,past life
10960,food poisoning
208642,drive in classic
188723,foxhole
4397,kanibalismus
204404,colonial india
191720,travelling players
166726,female villain
212001,hormone therapy
4525,incognito
186712,housing development
3865,employment agency
198096,miss marple
181112,secret past
207658,secretary of state
208417,newsboy
214891,shogunate
156231,trombones
9089,import
190089,faith tested
180099,beatnicks
180795,cattle baron
195687,airline pilot
226106,mind games
185458,archbishop
176219,southern belle
234901,family secret
6942,schilf
6943,bamboo hut
196557,mission to mars
200148,inbreeding
2263,algerian
15292,hanged man
156031,art theft
4463,icon
33487,burden
33488,beast of burden
33489,transcendence
54613,purity
155461,shark repelent
233981,formula one
5951,sudan
10458,hands
6716,galier
8116,gallien
8493,asterix
5286,bob dylan
193749,folk
219892,donovan
210399,steel
180974,gold shipment
232083,bleeding from eyes
232084,hanged girl
184392,psychedelic
213891,abstract
193828,southern literature
14648,parent
7479,vorstrafe
3718,adult
10431,hardcore
34141,devout
163410,pickaxe
181957,hard labor
189435,communist party
189436,voted out
189437,cigarette case
195719,wings
12994,bordello
6677,knee
4243,black panthers
159346,deceit
187257,yankee
33447,banned film
161314,king louis xiii
4205,travelling person
227038,abc movie of the week
227039,dangerous driving
227040,eighteen wheeler
227041,locked bumpers
227042,overheating
227043,railroad crossing
204204,identity theft
221186,clumsy
18256,spiritual
166467,surrealist
201680,mystical
202291,totem
159783,labor strike
225410,hippies
227897,cleavage
172365,magic trick
231174,head split in half
3793,road traffic
8795,messe
164044,alcoholic drink
221189,suburban
221882,gothic romance
155809,riding the rail
174440,time lapse photography
163221,failing marriage
203579,report
191194,shakespearean actor
157064,circular saw
199518,corrupt
219405,driving in reverse
231013,australian horror
156433,explicit sex
190057,simulated sex
155712,grand theft auto
155713,car robbery
156535,militarism
156538,carpet bombing
202335,alchemist
156766,depression era
10827,open relationship
10238,red baron
6916,kommunistischer widerstand
193009,soviet military
193662,soldier on leave
199373,life during wartime
194583,harlan county war
222478,miners strike
12995,historical fiction
197284,mohammed
160543,semiautomatic pistol
160556,sleeping car
11865,sex outdoors
155263,dildo
209996,abba
2567,vertigo
188683,sherlock holmes spoof
196110,social drama
174468,rope bridge
181321,transport
181323,oil company
181325,dangerous mission
226594,investigative reporter
226595,launchpad
211473,napa valley
619,rivendell
195304,grapes
159913,armored car robbery
160912,fictional country
9926,rastafarian
215773,class discrimination
189383,yellow cab
212059,college professor
166735,crossbow
208856,flame thrower
234538,molotov cocktail
1358,colour-blindness
161274,centerfold
161275,hugh hefner
161630,nascar
186376,polish stereotype
190326,twilight zone
15285,spin off
196377,sci-fi comedy
175388,killer santa claus
186463,holiday horror
11161,paedophilia
214484,redhead girl
210229,taoism
190430,phillipines
6511,alone
4928,bait
10412,sensation
201986,goo
201990,miners
177770,american embassy
13029,brief
8494,obelix
215575,invincibles
12417,tow truck
2922,suburbian idyll
8914,schnaps
207242,dance act
9288,triade
9044,amphibie
6904,spur
10995,elope
10997,hell storming
155649,arthouse
201834,avocado jungle
177316,circus tent
177317,ice cream truck
177321,lovers lane
177329,shadow puppet
177334,drinking straw
177339,pie in the face
191327,evil clown
182282,baking
188748,talking cat
188839,courier service
188840,delivery service
6109,raw materials
6698,mondbasis
221290,police procedural
188729,yen
207750,cabin boy
41601,modern china
182599,technicolor
212020,illicit love
8101,night train
155876,reenactment
185307,mohsen makhmalbaf
185308,tehran iran
232586,cineaste
33778,peekaboo
33739,molestation
203142,poor class
173534,puppy love
176666,film camera
188733,adoptee
156596,no dialogue
181544,desolation
209798,mother earth
17970,tranksgiving
190140,blacklist
158951,life imitates art
190696,typhoon
11211,jewish american
1440,spaghetti
161655,reference to houdini
196717,shirtless men
196895,eating out
196896,making breakfast scene
196899,heroic rescue
196900,pink cadillac
196901,shopping montage
222667,re-release
206184,runaway teen
191146,amazon women
173775,captain america
8974,soccer field
10178,step son
155840,boxing promoter
206210,josip broz tito
206681,docufiction
11529,conservatism
154780,buxom
157795,groping
159287,gas mask
170389,junior high school
15113,adult lives at home
15114,nasty neighbor
3996,dynasty
8860,imperial court
9115,weisheit
10519,freshman
8150,revier
154950,venice beach california
184167,polio
169229,sports league
2071,caribbean islands
196499,best man
167040,airplane trip
184984,native american tribe
188845,violin maker
188846,grade
5053,energiestrahlenwaffe
156202,late night
170195,homeless man
158750,female agent
160334,hate group
186792,barroom brawl
223688,court-métrage
181122,forced to drive
181123,stunt driver
212606,witness elimination
15256,cyberspace
173213,terminal illnessdying man
9518,nationalbank
225014,top model
177493,stock market
226257,investment banker
1777,ford taunus
1779,mercedes benz
1781,mallorca
1782,thumb
203702,mr. freeze
230775,batman
194255,bradley fighting vehicle
194256,u.s. department of defense
209194,addams family
10448,purgatory
232783,pohjanmaa
158774,terrorist attack
179569,terrorist bombing
228600,cyanide pill
155238,hijack
161395,alchemy
9537,joker
202526,lex luthor
157902,psychological
9469,burschikos
9480,heilig
9481,dophin
184546,jumping from a window
13121,essex
13122,range rover
10955,wedding party
220203,gender differences
226774,father son conflict
191647,vent
12446,another dimension
199600,call
158871,women in prison
161675,save the neighborhood
227427,learning the truth
227428,female serial killer
227429,crying male
18339,human rights
172958,mistake of law
2324,bulimia
10631,stockbroker
8976,fußballwette
3401,drum
4855,harmony
14588,disillusionment
156824,metronome
159944,recording
160841,oven
162413,wood chopping
164061,hospital bed
167609,jumping on a bed
168879,listening to music
185644,chief of police
200425,stove
204390,cosmos
206978,nightshirt
209517,messenger
209911,shoemaker
213876,train tracks
215010,contemplative cinema
215052,sarkad hungary
215054,restraining order
215061,fleeing
215071,musical tones
215073,musical notes
215074,errand
215076,death of uncle
221172,russian occupation
2934,german-german border
6217,coercion
3396,probation assistant 
224673,king ghidorah
224674,ghidorah
198343,observation
3627,techno
194341,cube
9046,leere
7210,weltbevölkerung
202661,destination
202666,unfaithful
180981,package
6614,website
190527,incomprehensible plot
212649,bad father
156193,ice block
162300,government cover-up
192044,ju-on
200460,connected
179436,pancho villa
41364,pacifist
162275,set up
15278,prison sentence
156219,prison riot
236343,orphan siblings
12367,female assassin
192279,american history
6701,verdun
14540,death by accident
164657,perfectionist
228360,roomate
8498,elite unit
33787,tower
5486,toledo
198136,cosmonaut
163132,photographic memory
209701,tv crew
237392,dead body in water
11829,infertility
199364,rehab
5776,egomania
3364,sushi restaurant
159544,south hypnosis
8695,bestie
3628,daywalker
231556,inuyasha
160153,dead
182223,iraq veteran
218121,murder of a police officer
198923,saints
5896,galicia
5897,bathing accident
8975,ardennen
5250,red sea
226037,dead bird
10729,car salesman
192742,vehicles
208273,sale
46953,speedo
4718,gobi desert
201870,invite
201871,dare
7542,foreign worker
194121,underemployment
225162,south american
6451,santiago
228181,sexual initiation
33640,democracy
593,globalization
2304,market economy
2810,anti-globalisation activist
5654,discussion
6123,global economy
6407,speaker
6743,general agreement on tariffs and trade
6744,world trade organisation
6747,recycling
2410,choirmaster
192698,shinobi no mono
8773,eastend
158547,air raid
158553,pyre
8826,polka
2006,extremsport
2195,scrabble
161218,theology
161220,quantum mysticism
161221,fantasy docudrama
180440,totalitarian
202550,substance
202551,schizophrenic
202553,condition
11999,fox news
12374,neocons
1864,virtue
4599,king henry iv.
156330,boxing trainer
207999,determination
971,rwanda
1550,militia
33617,genocide in rwanda
191051,arjuna
193206,tap dance
186685,queen of england
2159,red cap
221446,flying boat
229078,test flight
164917,breaking mirror
8556,innere stimme
2088,anti-authoritarian upbringing
4239,leonard bernstein
4242,car dealing
4246,loan credit
196228,captain kidd
187119,pachinko
187121,lolita fashion
160178,waterfront
172717,audio cassette
172812,logbook
172900,electronic voice phenomena
172927,near miss
172929,bedridden
171956,winner
231318,paris france
233843,phantom of the opera
197758,female sexuality
222029,loss of innocence
10398,royal flying corps
10400,airship
179021,corpse in freezer
200558,frozen body
7112,rechte szene
199856,lower east side
206793,russian emigre
33846,war propaganda
18354,henchman
10473,contagion spread
13161,towel
162557,stilts
162601,wrong turn
162612,lie detector
162627,ticker tape parade
162628,giant dog
3361,vagabund
9519,pippi longstocking
9520,villa kunterbunt
2282,love of animals
7639,zebra
5833,autoritian education
160329,super-8
195997,adult filmmaking
33773,organ transplant
163395,infestation
176792,sex fiend
192215,beastmaster
197014,time portal
226023,matriarch
219417,gmo
196096,nazi party
209228,european adventure
197618,racketeer
222268,escape attempt
232988,mob justice
237565,self government
237568,child mistreatment
237569,kindly guard
10586,korea
197161,serial
1888,row
3054,capitulation
3064,ultimate victory
156760,fake boyfriend
208469,radio psychologist
220650,escape plan
12552,alice in wonderland
3310,penitentiary
3311,economic miracle
6673,egoism
189126,north africa
207938,sapphire
211295,riches to rags
173974,manhole
206008,hourglass
45141,carpenter
174908,pocket watch
173383,ardennes
196363,clipper ship
7315,hatter
9350,kugel
236176,steam
7699,speed date
177907,pride & prejudice
10139,lucifer
10852,dead child
7635,thai-boxen
190605,asian lgbt
3911,todfeind
211768,convention
10907,consumerism
179575,samson
33499,bhutan
33500,story in story
47019,weaver
6717,louis xiii.
191482,cad
209138,expelled
7012,juwelry heist
2402,concrete slabs building
11804,noise-musik
221445,sexual exploitation
8696,bodybuilder
10372,body guard
228666,male nanny
163949,pawnshop
3037,mossad
6441,dead sea
10293,kibbutz
172428,esp
176052,container
155675,female masturbation
186071,sexual pleasure
18071,belief in god
195726,broadway director
216735,ham
234303,hysterics
190283,greenwich village
4689,photographic evidence
7097,torture by the police
222769,shoxploitation
10524,see you in hell
9184,mondfinsternis
15011,criminal underground
195819,beggar clan
214621,brechtian theatre
8697,miss america
158747,metrosexual
158748,subversion
158752,schoolgirl uniform
158753,punk rocker
158758,lip synching
158761,plaid
158764,german girl
158765,french girl
193285,spy spoof
212899,bengal
10361,jitterbug
156191,arm wrestling
156192,gentle giant
156198,iceman
200286,wild
207254,caballos
207255,salvajes
186919,class distinction
199327,classified ad
226500,polygraph
231698,state penitentiary
236414,chicago illinois
238810,wrongly convicted
238812,murder case
238813,determined mother
238814,enlarged picture
238815,monetary reward
196397,answering service
231388,lonely hearts
208051,building a wall
193574,international intrigue
10159,computer animation
188849,japanese family
188850,haiku
188746,tanuki
157282,airplane manufacturer
207157,avro arrow
9822,neon
201950,anachronism
182281,farming
193228,wife murderer
198678,religon
176788,soda jerk
188317,streetcar
206535,haunted manor
189228,ghidora
161198,skepticism
197514,provocative
208584,scholar
156389,diabetic
158973,black and white and color
175593,mysterious killer
175600,doing the right thing
175610,silhouette
8408,komplexe
168302,ironclad ship
155726,fenway park
10655,grieving widower
186265,gardner
1450,shepherd
182135,reforestation
15073,blue
4128,nymphe
160400,sugar
189398,portuguese
185006,fuel depot
1939,hamster
188327,seesaw
223036,parapsychology
193114,natale
193115,capodanno
193119,sulmona
195197,avós
195199,natal
195200,ceia
195201,velhice
33348,mass extinction
215309,criogenes
156887,military dictatorship
156961,distortion
236924,frankfurt
174968,flare
229346,apples
195541,integrity
193455,indigenous australians
235970,faked accidents
235971,family travels
187652,radiation sickness
196911,estranged son
185201,illegitimate child
177145,hyperspace
177146,meaning of life
221653,destruction of earth
221655,islington england
155801,mountain climber
220080,essay film
9848,family dinner
172266,backwards
236500,fearful wife
