movie_id,keyword_id
11356,232607
3059,2487
11379,4379
4970,11857
30331,40879
28973,2109
21515,1825
11007,183126
10384,5100
10585,4290
955,514
2666,178657
14683,12425
39462,9663
30707,5565
37305,158534
36630,2983
250,1650
603,12190
6106,7605
29794,14819
21259,10617
15515,10107
13041,166467
11503,172594
22323,14707
11485,4671
18519,155529
16281,9706
35032,4344
41769,745
880,936
36606,8181
17414,10624
33519,1366
54575,10768
2000,208358
15849,10777
11331,658
10694,1930
11977,2702
14698,10937
2789,4565
9947,15285
18394,9826
78373,1415
26602,10499
13376,157690
28916,2323
69014,10183
9833,3259
18212,1664
32850,1543
70581,10562
28421,9663
19662,2336
53229,34004
4133,1601
28571,168346
4435,14636
11548,4939
36196,295
20849,195402
10872,2797
321,18035
85673,10601
47263,1454
32502,9826
8217,10183
16198,9887
884,2820
10978,5490
5689,155746
65046,187056
19155,5950
7450,9882
112,894
3780,174420
436,2150
3595,4725
27554,10085
19049,7946
271304,157392
54979,2041
26976,11612
41090,154846
11033,14819
1654,15248
19405,9713
31004,12570
8834,2564
3088,5074
7131,220652
9622,10508
27625,162636
29514,214544
1621,11411
11633,312
28994,18330
8047,1536
23378,190849
10110,11133
10034,15363
32872,11524
425,2079
10029,11221
43805,14808
36843,10483
29787,15149
9557,11095
101,4613
9438,33626
35685,572
899,33457
9689,2055
29394,15127
49815,1156
261,30
23916,6075
29451,5810
40140,1432
12129,179294
8961,226381
9739,156786
11131,6328
10856,3521
60555,15295
705,156028
10001,194161
10164,1874
23916,156198
20649,11505
26225,14708
4518,4235
10296,13042
36210,186210
17057,228429
686,226028
41780,10950
1281,1953
9873,6149
34044,6158
11452,293
11072,160607
9563,1482
1439,2122
9093,14819
13437,6220
73135,966
52735,9673
3767,34094
88875,186849
46992,9859
18990,9714
19742,161791
42528,7041
11708,2486
4421,539
406,376
18919,158690
26038,238815
11879,207268
13193,10183
17058,162645
1811,572
843,2682
9096,13072
11033,9826
25952,12405
21027,33476
38721,170749
9277,167411
711,380
11774,1009
11854,10540
10836,201956
11595,14735
804,4674
10127,9923
22076,5888
1597,5605
42254,155418
9764,4759
26517,175233
12127,2673
10945,33705
541,1335
1645,2013
11526,378
11028,417
2302,192519
31646,9663
948,2546
44026,195402
11575,205850
47288,154842
40913,33722
33518,13090
10538,12670
10996,6054
27277,187319
9671,14828
23160,3071
38223,158071
19545,161791
10110,170034
76403,1718
15209,13088
25313,1326
18215,1566
34595,162271
5729,159245
30839,2069
17589,441
10642,3616
135,5289
3111,10232
507,10183
10637,155791
3595,18525
9548,155790
20289,4967
1891,526
9093,9826
11610,155278
19738,12965
23943,9755
36647,6152
43832,33386
11013,33451
19728,2533
10285,179422
641,2671
855,4265
1882,2564
10147,603
42812,41599
57811,187056
34723,170457
931,41329
2625,220448
31511,233445
17641,2673
9540,210717
47643,725
161,159358
327,1794
6278,173893
34093,90
18569,10909
152,505
66894,10183
15762,13130
28031,2483
9552,10093
59058,203142
5550,4565
467,2326
6844,2831
69605,186923
28430,167241
18183,41607
20213,3582
9545,12355
73194,156017
21200,9937
11361,11040
9728,163652
27970,1299
4421,185454
19728,189408
12531,201484
11035,6034
13041,1715
18573,173245
14198,3202
43795,10721
1680,7671
149,14736
17889,155325
10534,208992
11884,391
11675,34079
11222,3737
30348,6898
58925,8029
7453,9951
15765,156306
25241,3528
8852,12670
66592,159951
31681,11823
11088,7155
17744,2106
98505,2548
5486,14829
1792,208513
10530,234185
8078,226178
1075,14751
24920,10093
527,3739
10105,1956
4989,9937
1809,128
8986,6593
9302,238179
19545,189228
995,1508
15121,165468
139,158558
31962,2652
576,163671
34584,11477
10278,10776
11121,10183
39222,3133
28650,12425
10156,6027
51352,15199
11045,1749
53779,1415
11649,179430
1059,233
16297,171162
11712,233
6917,3754
504,10085
10513,2080
156,895
8067,1930
468,2348
12544,210714
38880,18286
6878,15162
25001,222720
1392,187056
11176,4456
36344,3203
302,9937
9080,3278
3600,14692
28436,237012
11886,11493
41759,208162
25495,164364
18420,9748
11443,159660
2770,170813
16161,12670
48385,238597
650,542
10162,14985
31592,15071
1719,14602
4824,2106
12538,1741
39859,176745
4254,242
9647,33966
23160,4978
44297,14743
11779,9395
895,10508
12501,6917
12227,1909
165,4379
1900,2231
1879,10131
19204,612
10910,90
6961,156760
2280,170726
568,10617
4954,949
18168,828
10328,162512
424,194409
9433,3593
2202,189391
10112,1571
2163,15483
66566,187056
1359,174085
13715,570
9929,2343
1645,6148
7340,14837
884,1157
297,33626
21055,9713
10396,4918
24066,231630
31646,966
11057,1155
11041,10590
12088,378
9451,8201
2383,3593
1913,2564
3767,2900
9694,12105
42623,460
49671,1739
18702,156825
55475,190019
77434,187056
9296,4563
5503,3713
1554,10183
46702,164275
2984,12354
66918,179566
3716,164713
18913,13027
784,494
11016,34079
124304,10596
73247,964
41090,9826
1903,1595
11549,6262
10388,378
20009,726
8325,8508
9584,9276
37797,188846
876,3074
1412,572
11576,271
12140,12190
234,4924
42193,46962
44625,9826
13441,1411
26573,10125
17365,12193
27307,171749
19457,12347
2654,10738
10131,9663
778,612
18462,4458
25767,156706
2067,11440
28569,187243
2575,10103
25473,1415
4639,191507
13343,188709
25239,14624
25627,10327
4552,936
11420,1329
8428,6089
17641,392
25670,4529
161495,190012
9994,703
8963,339
6520,10982
1927,9715
10719,65
13671,156230
20348,1820
10895,10499
10029,14819
9064,157790
16427,10183
5121,1562
52440,11612
47955,6149
396,5153
11890,4427
47653,2356
31361,10873
9833,156525
194,1407
28171,9672
14703,5159
16442,1627
38880,3039
108055,1252
42232,6382
10989,13149
845,238821
8327,10183
11894,4954
11583,159868
10686,155294
33665,6844
260,236568
10411,1572
43463,195402
618,531
18801,9826
856,11214
11676,12425
27658,155700
37684,2349
27099,200129
776,931
49584,1253
9548,837
14703,3065
12309,4144
41769,172454
314,10843
11103,1453
12127,9520
45598,1891
3595,1452
18990,155730
18966,3633
15659,9826
24739,720
1885,14735
843,10818
23627,4344
36447,2983
839,4205
600,236
52263,194834
1018,2849
363,567
11417,7147
11876,1605
10345,15162
53939,1786
11718,5090
968,182536
1410,236316
9833,2564
532,9887
11132,3975
25473,18114
44465,34143
93462,11800
339,12670
28902,1930
18212,10768
23423,10183
5889,192698
32567,10084
24560,7597
31507,4948
916,15483
21159,11221
8357,161220
173,155334
990,8508
8766,6154
124304,1415
28313,7638
6373,212
294,15160
9493,168196
10467,8890
27430,7184
10464,187056
15940,4426
10029,9826
11316,2011
348,12405
8986,166462
229,235810
9451,3692
604,4565
10943,10629
23102,4381
1927,46951
16858,165419
936,159548
27725,378
11770,13042
1049,4183
8223,3739
786,15291
12518,13027
4507,2983
3396,6743
29778,3098
52633,167159
13681,1930
10971,2984
11549,189433
9873,782
12524,497
1572,6149
10484,10941
110,2863
9469,6496
32087,198423
9746,4561
28974,164636
59181,10058
17421,2766
30114,75
1812,10198
21871,11117
9504,6129
20815,10183
14433,4107
10309,6789
40353,9826
11948,1968
42701,9748
435,2227
982,3264
979,90
433,212
5608,185343
10397,1857
25313,6563
10402,6095
9451,6270
25736,195402
23941,156801
66634,5657
11228,207528
11026,41586
951,10508
51049,7312
15655,10468
22137,11612
11527,596
11310,1197
1878,167799
8067,11221
47724,10183
12236,13131
24402,156433
976,918
27094,5091
97754,187056
139,3739
10568,4090
3763,1462
20187,2708
28171,209997
34689,33626
1362,603
19665,9682
26636,8087
46286,331
1936,4932
949,9727
61369,161167
34045,1228
2749,5572
13203,171521
39929,9826
502,2321
10537,578
1362,3986
19666,207928
37272,128
120,818
3179,1670
11881,10267
11830,193046
8336,217324
8961,219404
874,4353
2142,13063
11548,4862
638,3301
10897,4358
3022,156033
9607,194215
46614,2349
34530,170007
14033,161240
30959,818
32569,1706
46691,4480
47866,10738
13006,9685
5121,162236
5486,14805
10675,5756
17538,14643
10889,11578
27686,162843
11542,818
25188,11713
197563,158718
5781,258
20213,9758
3079,174413
680,11447
3043,3182
20713,2580
30856,187056
16638,514
42201,156378
988,226619
10694,14819
33,549
10285,158190
27723,9826
26723,164132
63020,10183
69169,331
17074,180734
11307,34115
27723,966
14506,170071
600,10787
2171,10183
475,158741
14811,11709
22323,12670
25473,15483
10849,1388
638,2496
43379,2343
9440,34094
3079,9714
8488,13043
43261,1416
364,9715
21052,9748
14684,10144
11936,2383
89861,8250
909,165531
12241,7397
10442,388
22073,13142
890,4572
19933,189092
16085,15160
9506,2726
100,227944
5228,818
839,769
16220,10842
10538,18525
16198,164039
11429,6255
2332,90
39176,1160
32872,493
10935,2356
5261,220
10389,176745
18183,6038
63105,679
1588,6075
10734,7118
10613,12996
35976,10123
714,478
21879,11870
177,3446
23160,9276
26225,10093
11372,6538
31701,10041
406,9748
19259,2106
31935,6895
1689,4558
9716,110
11624,188242
40095,6149
2832,15106
63054,2699
25501,2792
2160,227614
17205,10278
11832,509
38922,3429
9552,14659
18856,5905
43461,14552
220,3534
574,770
1052,167200
27767,12339
310,9844
2263,3441
36724,11053
22478,5918
9279,6300
613,3065
11082,530
5486,189921
24153,635
22307,6255
9714,3796
210938,15160
414,33981
8374,159633
493,258
2895,1224
9081,170344
8386,171252
15143,156928
26225,14765
42172,5905
9945,41511
1645,1936
2039,4550
11430,12392
867,242
29049,155730
9431,1411
41651,41316
49235,10183
2094,4120
161158,33451
10131,779
31995,207928
32872,977
1103,2095
628,90
939,2315
9536,4166
31672,33456
39868,10138
124606,207583
1567,12420
212,3335
4825,165551
28050,155049
13122,237126
266,885
5227,242
7520,1759
9824,160130
42987,1338
6471,160743
14698,11612
11107,242
12211,4959
11002,1009
10102,236
1802,5916
13408,179431
8690,173162
1834,9016
11564,10508
8408,1196
32855,3291
20532,4849
10630,292
574,6731
294,187056
9714,3930
1630,445
8868,194576
43915,11322
8467,167310
17136,33518
140897,1224
500,11071
9401,12670
14628,167213
24470,1502
40694,10199
18,3622
539,10594
33731,9673
16539,612
23567,14638
886,395
828,11479
11626,4615
110465,14636
18088,14766
18402,2673
422,894
982,4500
26648,187056
43795,169866
9519,4779
58129,1227
136,156578
36586,175233
41938,9840
2155,642
2021,5600
7340,33740
9261,18035
1040,2471
25768,34130
1572,187844
19596,6104
30192,10183
22692,12396
9426,181304
1662,242
9625,4289
25155,9826
34783,1382
9439,10707
11634,158718
14475,10332
3509,4967
55058,155231
40028,549
2160,221816
67772,10183
5000,3739
1946,2157
4918,2106
149,2766
10859,627
11804,172929
9619,215861
10856,9673
2017,14604
34327,9401
12487,3149
29786,579
11985,7439
11974,3700
11482,6623
36648,162085
12239,1721
9003,17996
1955,5565
532,15124
23943,198781
4599,1499
9039,1336
11316,14819
884,596
31923,9789
14832,999
11934,1568
8346,2374
10550,1465
5558,345
34444,108
1619,612
11307,11431
15800,208663
47821,207840
11859,4735
1816,3321
20287,207268
1712,5731
18357,10468
159,566
22178,1562
14801,14760
66,6086
20532,4178
28774,3335
10536,642
29107,14819
12531,90
27271,779
676,3366
13408,169311
27367,197413
1627,46959
18041,18453
9683,9986
6964,965
18885,9823
4012,3902
105627,6078
149445,191845
11086,12396
31225,155410
10306,15001
21968,199029
1624,1022
8741,169123
2019,41599
53244,18049
9501,2679
2045,10937
21733,13142
30584,10466
10333,15106
9798,10410
194,5973
9837,488
37247,3182
934,159834
14328,171494
13702,4378
62330,12425
9089,187056
82432,10768
11336,187844
12149,238140
11522,11798
9488,4391
10685,15106
77074,14512
8422,157499
26912,10539
29514,3298
10687,169130
11030,163895
415,10452
2047,6170
12484,176573
42987,212
10381,642
27601,11931
14317,18161
249,650
26444,10349
4543,215195
249882,1262
47434,15162
11316,9826
11561,10183
13945,6506
40913,9672
2348,13027
968,11315
55604,10590
1024,572
8656,199076
24858,10183
161158,159601
10847,10084
1483,34117
19108,417
34760,10181
29107,9826
13466,5565
9804,331
3117,6737
778,3568
13818,1326
8981,641
549,33648
11090,175884
44793,14785
1843,4516
600,6091
9611,6038
124029,10594
49981,2483
3075,6737
11327,10685
5551,1432
36630,572
18,402
36040,2406
802,4549
3079,155730
15283,180549
3035,10770
13553,14765
18392,3133
8012,12396
9472,1010
34746,14512
10178,2770
47735,177923
11222,90
15170,157972
23919,12105
437,2147
16337,193575
11970,10336
857,4302
36536,12990
2114,4565
38665,180234
5121,1485
9874,9826
5651,11316
10776,4015
8984,34038
112,6054
51321,6270
788,167808
9603,6270
3472,1406
43867,2505
71881,14604
995,188924
4176,5340
53021,9639
6440,1930
615,2974
9343,5968
9826,1321
5511,90
5516,2430
18398,195402
2042,393
24226,33519
753,15160
9583,6038
12520,187056
489,3734
24341,10292
15158,156075
134458,181123
11610,6664
12233,158222
11610,248
430,220
16284,1956
57283,5147
11365,166113
5493,4862
1093,2669
43199,171346
9705,159384
1923,739
402,3851
42238,208466
527,2320
10474,6075
16559,5918
28696,14735
9277,622
4482,2335
9098,1253
9421,5090
1911,1975
750,2702
10296,14819
316,1658
10918,13072
1448,5439
35685,255
10246,14794
315,10183
12793,10180
4961,7325
49397,9503
11064,7597
41021,9826
10515,169362
694,10629
15660,3598
5729,966
3681,2336
11574,1559
2291,173083
26865,12999
33542,13027
29396,233450
34723,170461
500,157892
9443,240
18392,1523
49225,10938
44289,14601
2085,6219
14268,187056
24739,12670
161,159362
10471,9777
38729,10041
13567,14819
2165,187056
5889,1908
56428,1706
9605,176638
15347,9893
8291,1014
79306,159558
10575,6149
12477,12369
5767,1326
35796,156042
7340,164346
10112,1307
17339,10786
19094,531
10347,2492
49453,10183
11064,226552
35685,2483
37917,186399
19742,158091
9652,3022
288772,187056
10234,7188
136,229440
31923,163242
29852,4924
707,10794
12491,1667
28313,2434
8494,169606
5333,3045
922,801
22033,162806
38560,230079
916,14601
34582,2095
38646,3462
45608,12354
71943,9673
333,3817
8839,202322
30194,3290
10530,3691
10808,10468
17906,2315
34314,198541
607,174915
11285,161534
11418,187056
36914,9714
11064,208593
13768,4978
14022,305
48385,2492
22383,187117
6552,13130
12531,1326
14280,1994
11385,409
103413,194430
41070,34117
46027,6149
10839,7156
63945,13027
9311,792
14170,9821
19,1761
91,514
36606,166310
78,178657
12278,634
5279,964
22796,183886
23069,1562
10570,10226
12618,1326
17590,9826
8741,10787
101,242
636,3236
113,2060
5503,226376
10355,33705
8845,1650
2157,4379
42232,164401
29473,14765
9563,5621
12212,12339
396,567
10276,1333
13432,197919
8346,6188
11577,170314
4547,8430
10416,3767
13567,9826
25697,208540
4291,3090
16,642
435,10794
630,7658
43391,9880
35080,3342
20980,155490
41662,10183
1654,4595
192,187316
11430,4931
3101,3248
23160,1010
21041,10291
10881,202597
489,187844
81,9794
797,198914
13823,409
23160,14781
2280,170730
10452,3686
10617,12337
55086,157187
48309,10224
29723,204938
2501,107
17113,5698
199,1522
4978,2161
30666,176182
671,4238
795,236
11690,779
802,7879
24749,5198
17295,162365
18551,3423
16220,2710
4781,5882
348138,10183
15136,157239
9504,1998
11770,11139
20367,155436
11536,5876
554,163080
11457,6095
25319,189151
9424,3030
2721,6078
922,1419
10544,156702
910,9937
26561,131
35848,10183
41521,14714
47908,10685
9394,156166
11448,10183
25697,162257
18555,13130
138,3633
9430,168812
802,3691
8961,10089
38557,1261
11780,388
983,1454
36751,189092
119324,221290
27459,210541
11327,378
27475,155024
11378,3796
10909,206977
47340,10339
11974,10226
12235,34145
1807,5490
9589,2671
5203,190370
16136,897
500,171826
150823,1415
12698,181557
41670,207268
11163,9144
43388,3379
33560,10183
320,9673
43417,163127
6950,3664
3170,10683
9684,953
24012,3071
11942,800
540,158763
9299,176182
11564,4470
1645,570
51230,18062
2654,9937
16980,9713
18889,5939
9263,5248
10409,494
53049,190370
11023,41352
430,14638
20642,155781
14462,2944
3040,3800
36915,14964
771,169826
18392,187056
9772,15089
117553,255
11186,6300
14578,9673
18414,208561
10145,2669
2202,4427
1816,165231
124676,187056
20701,2904
22500,3469
11371,155331
768,1465
102,34094
16214,12396
8077,4565
15602,12392
19414,9799
81,158091
13505,12105
11356,33632
4380,931
10449,1605
18555,1721
40876,1332
31674,13027
989,10144
11520,179431
16171,9887
11904,9826
21484,10508
10567,1423
44154,184656
102,509
11397,9755
11900,188725
10355,8793
3482,14789
782,4565
9448,11732
10756,162846
12499,3703
10328,163484
11527,234213
988,4606
1682,12667
2103,3298
97,282
37137,11931
111,2150
72613,10048
1363,158606
20676,6091
4499,744
22021,3454
25955,155436
1483,14629
9945,178159
10001,8689
30586,897
28902,155440
291,1668
644,161891
36259,12616
10787,14760
11675,232798
17917,3430
11544,2393
34327,3363
2470,206384
40969,2483
34314,208637
927,5154
251,6155
694,1611
10829,158142
14365,4560
707,3520
337,7950
18316,9276
41769,3571
11503,572
9340,169950
16858,165423
10783,902
421,886
10206,177303
33016,572
29512,9826
2493,160350
11549,818
53426,7002
479,14964
6917,10471
883,155068
83562,237
11943,10794
8869,158204
36105,1525
14022,1891
1632,12425
10110,170014
532,3020
11676,163975
31593,162340
11510,2626
39043,2389
15613,10984
8068,41372
2048,818
18890,166958
122289,10483
10065,9853
28940,208048
10684,11117
682,3434
11601,1523
36006,33626
93427,5331
70,1252
33851,14552
47955,9215
9021,4896
11702,235220
10020,4344
11854,156455
273,2340
3088,219366
10083,4410
10734,5565
12237,189401
8649,3298
25473,293
15800,9818
10471,2987
713,3591
28353,9713
5998,7597
1619,13017
9631,417
53198,924
576,10950
92348,10183
1418,11925
19076,9748
10393,155791
10649,582
2817,6635
12211,3861
62001,190150
11360,33429
36872,4129
2071,4183
5825,65
3763,6943
15121,214548
22076,157064
29107,1560
6593,159099
38849,10718
433,1505
12107,160450
48706,33472
34148,176227
8386,13160
561,15001
12537,9673
10072,2655
12559,248
316,1418
6974,9831
10212,14895
1883,5860
24014,4344
3600,15127
43436,9914
817,339
12088,679
18773,9937
3121,8201
16288,9748
1831,5568
934,11728
17494,6844
17130,6270
11522,633
117,177354
31052,9935
10743,159627
15037,4044
9407,3703
244,887
1552,970
763,15149
51300,2139
1103,542
9413,6025
10135,2236
775,3412
8068,14687
69014,34030
16220,1852
55792,12400
10839,11104
22642,2276
12,14785
20640,11677
10630,1772
339,1749
10134,679
9399,5572
44361,157499
4584,420
11284,225209
10715,470
27104,237
14510,33465
10133,207108
8469,209506
176,1366
104433,14988
45153,11705
6844,6917
22434,470
22584,195402
7450,1299
26973,6025
273,1669
3574,14676
27591,166958
15944,211173
5842,12377
9654,477
267345,5565
10342,33610
867,33347
541,6255
9331,2532
10426,6490
435,157160
72847,195402
88930,188994
43742,2799
40001,10325
10657,9864
10655,4302
73351,14906
12619,9748
27303,9937
10896,6062
104,960
11878,1400
38766,4063
27318,10115
4780,1322
27094,3485
8216,11691
22293,4382
10562,217324
2576,5565
39929,7281
61828,3291
8408,18086
1376,1155
11633,7944
13416,40879
11506,1156
9475,1252
18972,33344
19971,206850
329,1765
3059,188618
1497,1721
12663,2106
39503,167550
11306,13004
15379,2957
5955,187327
33155,9673
961,3242
754,12391
9424,12105
629,15009
10314,5605
30666,157499
259557,226499
2155,378
7514,10776
907,2504
9844,3134
796,459
87462,155434
17102,155730
1639,228194
5994,1022
10823,2858
27375,207840
11675,11696
10731,5301
26936,8676
15856,41667
1678,2580
8068,10044
21968,10601
1894,198710
10328,8181
4256,12416
10222,2564
8047,5919
10671,3800
681,1721
32686,10183
8195,254
2897,6917
43915,11192
39770,1284
526,305
807,10714
10802,7017
482,6149
16,1691
86889,9714
12625,407
10680,7813
349394,10683
11046,74
34223,3133
27841,1660
24584,6270
3293,161160
771,163841
68274,9872
9674,6333
11587,5340
22023,534
173,385
29049,12377
13817,10183
5548,18021
10242,194978
20289,572
25239,11221
40374,458
4203,949
96,6149
19357,192285
13,2956
4415,4319
10858,2946
18205,738
198,11134
1720,2401
11194,6075
251,975
16934,234682
25473,2334
657,2139
7270,155445
11184,738
14052,171386
2202,9180
16311,4779
1677,5707
10728,154802
16969,1003
1600,3864
11850,15250
15370,4639
586,1543
3989,6086
73,159950
10166,2401
23518,2106
11423,570
43786,233
11951,622
21629,12662
1542,167519
10333,1660
9713,7271
488,2504
925,4305
10337,1449
33734,10229
226,570
3086,12096
26371,6731
54285,208678
10890,4595
22435,12391
31526,4263
2759,1013
14,2249
402,2619
22171,10183
20312,11428
4296,3800
12503,2020
62422,11700
1429,6054
11123,33699
11867,175518
47620,10568
175,271
2135,2964
149,542
33519,3684
2787,3762
25993,2884
20367,11034
28171,10941
12503,6342
11949,10610
25364,18029
5680,167915
9477,8504
40867,4344
10498,782
10618,14731
2048,310
5842,5774
60855,207716
9397,5522
4271,187056
71189,193017
16161,162236
268,6969
1907,34094
25670,15381
36196,207447
9322,5422
12146,207928
2899,2343
15370,11539
75963,15149
429,11426
21355,13092
3085,237425
11224,4344
10720,9094
11644,3767
423,1327
3875,380
10601,5938
576,189262
288173,179571
22434,193574
33468,10478
10871,697
39462,188841
1421,10818
331,911
9437,156091
9472,3429
26356,208018
10911,818
990,567
13403,33973
7007,736
903,2539
29146,2161
11770,779
2502,9663
16858,165399
139,791
47643,11524
25768,34268
72277,10909
11894,10329
120,3347
13939,242
6619,6876
39177,187056
18329,10183
124606,10726
26860,34117
14603,5430
41462,9937
698,2902
38732,5900
10372,14748
49471,521
25636,157908
9093,572
34595,4183
25473,6335
9063,15090
10127,9663
19124,585
14594,173685
35813,9937
15144,5801
10021,2281
53198,6966
10016,166694
9833,1523
122677,10125
343,236
704,164077
1700,10818
80287,549
10774,12193
47676,7312
12144,746
7303,187791
10436,213
42228,155790
423,5783
144,4978
8197,7323
24782,10051
10550,4986
2892,40952
87417,10594
12149,15001
11112,9104
10687,169134
1718,1721
7514,4307
30856,15087
839,1420
20465,9826
27495,6100
30197,10963
6978,780
7451,10456
16515,156390
28941,187056
2760,6149
708,3537
3640,187056
12521,14819
23981,206189
31634,159339
229,4271
10990,5422
780,3441
1375,1482
30892,2974
11365,4183
5261,5782
44041,195402
29229,186
35006,195402
9679,226581
27118,9663
10133,10410
8913,14819
31510,192491
12524,4933
9730,206977
136,180181
127,3817
26954,6300
709,3435
37232,47019
7984,258
33055,159932
22076,162301
699,3343
2323,162846
27150,156808
36616,12532
2501,187844
1955,2804
10394,11259
289,1623
35161,33458
796,2045
10323,2771
17487,6075
9571,10683
786,1768
39907,170309
10576,6259
9080,2534
42106,931
9285,12398
617,4580
5257,1432
4281,155790
3131,10726
898,526
631,3152
17814,15234
27498,3335
40001,5629
10622,2231
41653,214548
9452,169086
17130,5091
10684,4595
12775,3071
10396,1946
166,246
18331,12105
36834,187056
24940,235606
40952,11857
12776,13072
10213,155573
14245,11107
2501,1453
10724,3864
26960,90
279,9826
16129,953
166,596
10551,10051
47643,10048
15559,2398
595,208349
37722,10183
7443,2479
1888,2102
12521,9826
29039,293
9383,627
1391,10683
510,2564
16,2122
9429,2382
10878,293
16295,171670
122289,5600
891,1437
11824,12564
45139,5950
10564,5808
46992,6029
11594,1523
20126,14744
11326,172738
39907,11221
10299,1313
2026,1812
33766,9937
9395,8015
11911,184989
34093,1253
10136,2438
783,3644
14398,6593
11587,10093
4929,934
11704,40895
9716,90
268,163455
27899,642
837,3298
10144,5938
18923,154937
9768,378
109264,5288
29464,3230
764,769
39939,11734
682,779
27052,158718
11859,2808
11647,9288
32208,10596
31579,703
34723,170465
13505,10873
36349,1812
873,3344
13321,658
170767,4849
19415,10183
29507,233
5506,3882
156,15106
592,2380
9716,4412
49565,33476
6278,173901
2161,2147
16508,6054
11900,5290
13372,162339
15347,9897
26319,1445
37094,161728
11307,7410
96461,14882
23981,818
8092,3296
18722,233
11507,156391
2097,1003
2263,1327
42617,158217
6217,157890
88863,33461
10537,5498
12545,3571
1024,2483
17450,4528
28313,2438
2501,782
4485,3490
28963,1454
11159,183886
30159,226409
627,168179
11049,2345
11826,10594
43978,33673
47697,4399
35196,1279
85058,521
11041,187056
9401,1562
755,18072
50225,10183
10627,171781
36446,818
9679,41158
33762,10726
2832,9743
11861,5773
10895,33675
36630,2483
22356,188934
41651,161217
35685,14514
1376,33479
553,1936
57684,11412
38772,387
10363,383
8856,8676
14578,9864
16723,13149
63945,3582
769,378
20723,1969
36210,10594
21159,162344
53426,293
12520,8508
23160,5202
40969,12339
22004,9748
38765,15225
5967,6091
10895,3473
18220,9826
12143,3571
13346,11672
62,312
16885,162917
45928,8058
41243,14760
1792,207716
9879,6149
10336,5572
425,1445
4584,7564
25767,33626
39859,9826
10419,174599
29584,10131
30069,9673
4912,4688
13122,10714
12720,14751
17814,166109
10657,2887
10228,9748
38722,10183
42401,9673
31417,1706
1599,4108
11198,1562
25364,10084
13685,2568
39256,161791
5156,156052
1791,6027
52794,161219
49410,990
9531,3394
238,11590
851,596
33468,3688
5333,1439
705,3177
4154,4528
44018,4653
5693,6496
47886,12394
11076,1436
10779,2301
714,2954
58985,10229
23111,186450
5205,33610
21299,179578
6414,17975
9100,13130
137,1442
7340,10873
5998,15009
16121,1631
12143,6149
10393,6075
54156,208445
9452,3045
43103,163874
53027,10325
22244,3722
26976,194254
29778,13092
10991,12392
4561,5103
44559,18117
32044,6054
43865,1680
11971,1605
2163,156165
32690,437
17159,9716
3062,165171
19552,9673
98505,215579
10131,33457
19155,1262
4201,4812
860,6104
28501,15032
27973,14867
10895,4896
14034,189093
19460,6038
4708,836
333,10855
10742,6259
29710,4063
49806,177972
8852,2908
45145,10183
158,6054
11004,13028
10685,157154
3080,4345
18762,5349
43715,14512
156,6059
7514,6027
12702,179430
312,1635
30959,4262
41280,211121
6593,18027
11899,4456
43811,157131
32332,208913
62124,10768
10235,14643
954,591
103413,6783
19087,13042
11319,10084
1377,33479
10683,156455
530,1436
21734,33364
8859,419
32617,155395
765,155626
830,12405
22500,4278
110428,223232
21168,15127
248,162752
1687,6083
9089,171760
1913,6089
9826,203423
9597,703
47908,220195
18647,186831
760,3902
51230,4295
11519,8201
11609,9335
10671,3373
17589,4129
4551,163949
32872,11508
63945,40952
18770,3365
12311,3799
2502,18067
25719,9727
24124,155627
29437,14735
92769,208728
8386,8224
22293,10855
561,3649
4879,6095
15371,7944
780,10772
12090,657
62327,6496
9716,1326
10354,736
22584,2652
28290,191192
2457,6932
33253,227428
11306,3262
14342,10468
13787,5657
16859,15162
223,8079
52782,236482
36819,10183
10987,2483
568,14626
9893,6270
18279,894
11974,10714
25636,10123
33255,187056
948,3335
493,5446
2817,894
620,33809
22733,193154
12806,14714
17132,2233
898,4474
30839,14751
2640,6054
18905,9253
9716,12414
37094,159931
9025,14964
9411,207268
36647,175023
31043,5340
1959,13005
41204,11707
661,6038
20723,977
291,1672
948,11040
1487,174413
11979,3133
22094,166802
28313,641
18387,6054
45578,2406
30924,10292
10261,2554
10559,3667
1643,9673
744,2533
14906,1161
707,3524
3486,279
24070,65
35073,223155
47947,10644
709,3545
700,3278
47907,14765
22692,157774
585,204006
37658,6917
1926,5597
13701,164181
38558,8015
964,181532
2022,161779
20009,11501
78146,10163
17339,11221
71140,192097
117553,8098
40687,2676
15999,1908
78208,189150
5925,9774
32023,1227
840,3268
25099,10483
38509,160213
41240,187056
86889,15032
11624,3201
11310,1421
18588,12670
32872,160960
12207,6054
10972,11488
29021,1969
3547,162365
18892,197106
2067,191586
166680,10794
1832,2024
654,156151
14475,1399
8011,1629
5001,10180
31023,8778
302,1732
11942,11221
67342,188989
4307,172972
10694,572
184,6110
713,3595
600,2956
784,4048
40508,156388
9442,11427
28571,207928
25066,11719
15037,187056
11868,3133
11372,1956
41206,41410
10161,11018
30996,11541
43689,4129
9893,155722
33214,1523
14671,6270
8852,1566
2210,7984
41651,162587
854,179101
4722,10685
10061,4565
2294,168051
19053,9713
11817,18109
402,582
2133,168672
11879,11546
13374,6075
36606,158235
10547,226241
1883,5864
1653,2109
73,41509
26851,2903
12618,6083
28774,818
27549,9663
7452,9730
10866,215191
14022,15211
161080,730
2163,3306
830,10124
28367,4175
303,155718
23114,186894
9840,730
9064,11221
800,15158
66588,10614
17169,14735
10743,159631
9586,4671
2669,184418
10304,1603
949,10085
8416,90
10339,9748
10974,1938
73247,3713
21512,18543
128,5276
28789,165913
27545,8803
10327,521
27994,242
11830,155497
1694,187677
42172,155418
30497,18035
2275,15300
925,1463
4614,9830
57825,187056
5854,180824
985,3453
42599,9673
24546,8636
632,5369
985,1009
17494,1721
9660,1486
36759,992
8374,1679
106,9951
11825,7477
337,2156
38018,6091
38884,1755
281,3088
12102,14652
11202,6165
11782,6163
34614,2566
30180,11700
7340,14687
1834,230960
8984,10850
12102,18035
17409,1502
927,6126
31641,5923
1040,6049
309,739
23160,10089
36234,10183
31442,1566
17538,75
9441,15163
10637,6270
9660,331
9980,9276
11393,2276
33676,10183
8690,208365
11503,2483
61813,14742
11647,6149
14689,1668
9008,211141
51321,236
17208,166109
433,2343
33016,2483
26850,208611
59939,187056
22597,9799
16347,10181
11135,3184
88224,708
34045,2070
42569,155208
2071,483
7451,2808
802,4126
4421,225707
10998,4481
393,380
12281,14964
9384,167724
32302,14536
9603,1525
57834,10061
14275,6075
37567,2483
2017,9672
3597,9826
10537,3298
17113,156390
11336,10024
13372,917
11002,9743
29938,4862
14832,2483
9886,3321
4327,33705
2669,2483
59939,4048
63115,187056
9023,9902
1573,156788
8056,5090
118,494
20628,14906
32255,10594
11659,3658
10170,1328
33796,1963
11231,779
9702,10766
20704,579
681,154881
680,396
9386,33632
10350,41645
1654,4709
876,6091
687,2122
1850,3485
60855,1463
31225,9215
9669,2884
9519,331
22561,9755
18966,3133
22613,798
13702,7017
20482,9937
11327,3391
36447,2483
12496,1462
5425,11221
11047,5049
17692,15058
8413,3801
415,848
14441,158142
1662,4654
54979,203102
5729,2637
855,1968
16077,5824
27236,6363
1653,983
16635,15108
1627,10886
8092,641
12121,2142
33542,10726
82283,163098
5511,195402
10149,8736
54979,155746
10210,157904
30062,157701
47620,14760
6949,4630
36955,470
68981,187056
9942,1480
1677,5711
19087,8130
409,2050
4507,255
5483,65
183,271
1944,6139
8688,2792
31017,14964
1592,18130
10536,1321
66894,187056
9605,6844
48287,13088
21338,14736
37112,179585
1584,41591
9991,223149
26912,155730
3486,6776
22023,6149
31675,189433
615,3035
11867,175522
10333,34094
11690,5565
31646,232282
12772,18072
62000,570
39269,4470
607,3243
36055,10181
18783,207428
10611,41153
10419,10144
18392,2389
314,4411
25224,1336
18835,13130
15392,10381
27029,10482
331,1720
30194,14760
11649,4379
12777,402
36586,175241
963,155844
27786,10489
36273,1449
9571,234367
34288,703
47951,15162
10023,172517
13899,8636
78256,165086
31546,14852
11932,180691
10424,14676
42186,9937
422,1252
628,582
4879,1533
10747,179585
75046,290
16372,6152
27498,10292
553,570
8953,7025
11929,9826
48217,2041
4886,14755
11484,155742
9694,191527
96461,818
2923,212
11898,10229
54022,10183
99006,582
13776,208611
41471,233
9824,211711
43510,158781
161495,3739
20,5600
13795,9880
4587,170575
107693,226879
19094,10041
547,2284
1093,1925
29649,6075
36536,11441
2160,15246
26246,2421
11828,5895
29756,2546
9008,209799
18972,2020
4995,572
9922,6092
39916,189921
11034,9986
9340,169930
35412,5657
55,960
18975,131
2666,10937
22561,924
12723,1155
10337,6259
766,4065
33542,1545
10839,1956
10648,3877
12230,158369
2575,4289
100894,14652
2789,221654
31246,4344
10604,818
11851,6417
2923,5823
14892,155291
18080,187056
10403,12396
10712,577
38,9673
11429,1299
4935,5133
5638,1946
27554,1803
40508,14751
9327,4539
14736,5608
30994,8508
843,5809
116008,520
1712,612
13446,191076
35144,163726
423,1465
1049,3012
117553,12396
9431,293
33157,221549
568,9609
1792,1650
4032,170130
39231,1495
39867,33464
47452,159278
770,2613
10992,12097
30666,194418
5916,10856
2758,6464
23941,246
29456,14720
8845,7188
10938,158718
29794,2483
37567,11290
548,180635
18111,10308
9282,1419
2771,175331
65,542
27029,198780
5491,9878
10637,7856
49671,10180
9383,198781
9096,180443
10168,156799
8356,11095
1429,179430
25719,15232
32430,10873
43522,397
11327,10909
10601,4332
29142,1589
11772,3358
11360,2857
708,3541
23949,179068
27090,10183
9555,516
41090,15234
339,90
690,3430
22618,4697
19204,6154
8843,10714
2160,4776
10655,179585
42728,14512
9447,11477
5825,5306
2860,41404
5916,10051
11489,156052
16161,6669
54491,10407
24470,10183
30636,1328
9654,1262
24961,165317
63054,910
2290,1799
20213,5420
11782,5439
13376,161919
657,212
12281,157813
20770,187056
13408,1721
14442,2343
10355,1470
48709,9673
289,1627
247,642
8470,520
10823,10864
95,1872
23668,6149
957,5560
11300,14819
1088,4707
2370,9937
41774,9673
10974,409
37921,34004
13550,33720
16620,164246
17810,1462
11855,2819
1583,4654
18886,2957
321,572
17130,11511
136,235596
9606,9717
23438,5571
2322,2303
9806,1328
24126,12654
55792,160059
861,1852
9611,919
13,9673
69321,6270
801,1491
9067,160129
41582,15149
36047,187056
10909,10714
3085,917
11361,15106
9827,222114
26555,157524
527,100
1654,818
8834,9826
34636,9663
15128,208323
73067,208501
24405,11428
1645,214780
9325,2398
11591,3455
9499,162710
605,6150
6106,1014
37036,155841
42599,18293
1039,4402
125123,9713
699,3481
11354,18047
4558,2036
15,918
16723,642
5638,5947
750,3865
18212,6027
31939,14905
29787,162735
17731,237
21871,11719
8467,167615
9306,1299
25636,9696
8961,701
36536,33885
3112,195402
51179,14819
616,220492
8741,8083
13936,165830
43336,10905
25750,3875
11778,8508
21887,162365
423,2433
15417,15149
3418,206662
11326,172742
51997,2708
8675,1328
30462,3529
11071,219368
43867,4152
24073,10391
22048,13059
87462,15090
8810,164899
12775,236501
36739,4344
32330,9094
7988,12988
9028,5707
14336,209996
40028,9714
10176,572
16161,156121
819,14857
43258,1447
18978,222343
35284,1295
16132,818
11354,33457
11662,1852
10957,1938
10169,169101
9454,254
5336,161207
12456,2225
11,10527
10009,230873
3547,9937
15283,188746
161,159370
15389,242
289,195402
36606,13028
22479,6083
26643,10466
25503,191522
19931,10707
651,11138
9540,178649
16311,15363
11522,18035
24066,10325
996,9826
770,5809
18168,572
30502,155884
46021,10183
36056,166812
12107,9181
20213,6038
18111,10121
887,447
11449,9398
33,159434
46798,2356
16139,162334
9062,171279
380,15106
12657,3800
13969,840
35861,186527
88893,1262
9093,158217
11026,161261
52263,9663
29444,963
3526,179510
32872,179781
143,18543
11069,158274
41059,159947
644,9951
30876,1585
9480,9715
22792,13028
28881,5657
29242,234752
9494,187056
17994,3598
18555,14964
18420,6593
862,5202
34288,10933
9311,8721
777,155697
25838,11133
5521,7496
8325,208764
10627,171785
43772,225846
46910,502
120,4587
40508,206700
936,174539
8224,11168
19760,9727
11332,33625
1421,515
22356,188938
10338,168566
1639,6104
42695,572
36040,10148
43105,1852
693,3456
302,1655
1542,167499
9654,8430
18603,158606
6619,34130
29856,33490
1537,242
12610,5198
21430,2483
26371,10683
166,33648
3090,9713
18282,179430
1585,818
11361,798
580,3737
9799,33885
40913,208611
1052,2619
927,2182
1727,11190
33253,4476
532,210009
57351,13116
11977,177993
2022,8680
32613,15032
923,4634
330,1766
1375,494
34614,11804
15659,163531
40374,572
10720,10818
11354,3739
306,703
65749,4344
10014,237
27224,165846
922,3737
1891,10016
18975,207840
10776,3836
38987,490
9798,18420
10629,6149
3509,1568
8545,9957
1956,6054
1573,207771
5511,1416
42701,15290
841,4235
2193,6274
14168,14574
28189,154802
10285,293
36599,13130
12150,567
11562,166571
15395,1647
9519,10024
252,986
11563,6211
19101,155619
7011,5086
9574,1436
42254,2437
31646,2483
63020,187056
1927,1299
44479,195624
32255,15160
9356,210925
11427,14915
35161,1329
1694,10308
586,2946
16148,1936
2182,10125
21468,733
148478,2231
8769,13130
4639,6149
11478,171100
9058,1332
3595,33626
585,6129
10447,162380
11015,181246
10906,2735
26149,10183
10122,310
37136,157241
11454,4484
55177,158431
51394,428
9411,18035
2085,779
47821,3929
32456,206039
16225,161914
1213,1605
10014,10170
23438,9840
11076,10084
5683,232921
580,5160
36797,14626
42245,2763
14328,818
20663,155436
11374,4656
2022,12547
660,156095
9077,8379
10611,11061
9362,10471
10237,1228
9826,3720
15080,3321
15237,5565
68427,2041
881,4407
15723,10183
583,255
9490,187056
9045,33674
10734,11587
72086,9777
71805,12988
31995,155697
12143,215659
12665,163543
312,1639
667,222423
12716,494
406,1974
10493,1335
11013,212796
3022,848
12491,549
108,4424
3060,2504
9531,849
78281,13027
29030,155317
11506,33513
32590,1664
23148,164605
12710,515
53426,10714
10331,1419
38951,10367
11220,14677
11617,494
2383,6533
694,13028
125109,3098
70687,4379
387,156217
10009,3355
18801,2483
2088,9937
23949,9673
14030,165843
11047,6716
11898,10123
80350,591
10694,15234
15849,2389
42725,10183
18420,207268
1572,3799
11355,9673
13466,167215
10435,10685
20644,444
31656,10562
9748,14534
3591,2429
39391,163070
29572,10229
2071,155790
1075,1155
33670,171781
782,2345
17768,197643
12229,11217
170,238332
39209,208155
47502,14558
1541,2801
9487,179431
43119,208642
13915,10183
1643,201195
296,15106
75490,10683
4267,3183
513,187056
634,179431
66043,33740
301,1415
237,10818
38939,41316
1092,3055
10657,1415
18801,1328
11703,378
86404,703
4539,187056
11072,160595
8219,15135
11596,225209
33138,10199
9716,14512
11979,231407
10756,2343
2098,6027
922,12999
11859,176802
267,856
30315,34079
47802,10183
1923,192241
11543,167574
575,2878
25166,3301
50850,10787
10239,515
35669,5545
11008,6417
48797,10323
542,2151
28421,41410
42997,191585
12520,12997
31593,3581
41653,1773
401,158741
2034,164253
9359,10562
275,3796
10668,12545
20278,9253
23051,156217
11314,11479
27854,514
259557,10183
860,310
43864,33879
11065,8635
1052,4660
19731,11148
51179,10123
404,167043
10440,163335
43774,2217
28580,6782
989,1992
7514,3266
24940,4522
26331,233380
15497,3366
39503,818
11004,818
10995,818
12207,797
28177,14805
9026,3864
14245,12965
1245,1655
12528,5387
39269,10809
107,394
32074,591
12531,12369
18588,1936
11868,207837
48150,9713
10705,186686
10866,6844
11615,1556
54580,3799
26842,6091
9294,6564
9824,6100
73134,2382
248,419
9026,4214
1572,5572
11862,1599
46338,33557
8469,158507
15762,9951
1591,2606
18988,11510
1535,591
14267,163726
9953,3096
10052,210530
41463,2580
627,34117
278,12662
380,179431
9100,2343
17281,5165
319,10391
22958,3182
14136,830
3132,3979
40480,1936
19067,168418
21056,10183
41780,207746
1900,1601
3586,922
10637,529
51242,1223
124,1605
8852,3664
784,4052
10836,1566
37094,1786
5156,3197
9871,12564
839,227039
12764,1968
10619,158217
10711,916
80713,177077
14746,10084
39907,169618
16235,9712
1884,3930
29263,228163
1374,1014
15138,3501
69014,1824
23160,155410
11626,708
11349,1422
99,1421
36040,215413
12117,11268
8764,5543
10327,1680
161080,10183
978,4559
20067,2483
31696,163129
26603,198929
12793,12392
568,193479
639,1157
39868,9748
10309,8440
43905,10048
47724,4129
1634,12392
29825,8201
47260,207268
14117,180234
24153,3412
21039,818
5927,1859
117,177362
404,10183
46910,4100
912,930
4539,10732
11472,1009
9740,10714
1277,1946
42045,727
11859,12371
9696,236316
708,10685
45225,185505
124,4183
20701,1786
1678,5703
22334,155451
11131,41592
3083,5744
11326,155482
11688,207745
7220,14546
30709,5970
14557,14964
1586,703
13511,14985
14013,12094
19753,15016
12476,9887
1075,5290
804,1308
339,1757
55731,1668
10576,2669
15961,6078
616,3070
196,4379
41204,10235
12521,625
105045,33501
1588,2920
9387,4798
42193,9714
9433,1003
11862,33358
3112,33630
10636,187056
10147,8430
9301,7558
3176,157376
14442,3071
9740,110
90974,570
11626,1192
9871,1155
10383,5600
25796,13027
9268,11207
20197,6183
10283,179422
2017,10481
10545,4344
30765,478
548,233
43915,4300
2502,186450
9880,171556
8216,4344
31598,11734
1373,1872
9064,10770
473,2359
36234,738
11862,5600
59051,15001
11950,40870
32325,230668
24736,14601
8745,4497
492,2547
31773,12193
138,3133
4935,210024
11935,1556
3060,154802
600,46962
16448,11800
16241,161256
31510,202217
5729,33648
5179,10508
12483,4073
430,2111
664,3337
28333,10267
110351,41610
671,3872
302,8181
10720,9639
12160,395
11090,210689
24356,6029
23160,11732
40772,7344
769,10291
29514,3363
30020,209997
154,747
1937,65
9542,11546
5228,33610
10403,1849
14442,3205
34327,230999
20684,158713
4584,156512
10513,158741
7504,207883
573,6149
10592,1968
15516,1421
19067,33384
5491,4458
41670,6256
18569,6038
17238,10183
11504,801
17585,4323
34530,13159
1894,163255
45767,5455
47947,155457
26946,223089
925,796
11397,179431
29627,9950
6593,10891
17352,165076
71189,34124
229,1299
28501,6152
29267,34079
25188,1605
47340,12417
197537,818
9716,822
1809,10183
12589,2998
25749,231173
29449,6262
10973,33696
26725,11612
34528,188725
11586,9712
1884,1299
21612,236
15417,1890
42668,13084
11177,158558
10651,6007
1994,161240
93350,33386
5729,6024
17612,1284
302579,187056
12253,9571
493,1909
429,10950
13969,1568
4927,2494
2649,5732
20197,172789
25155,255
64382,10325
102933,8039
8690,208048
11411,849
19383,1589
26246,1002
5842,12414
540,158747
41417,191404
38251,1956
435,199076
26933,10198
11576,9253
43708,10183
95963,2956
54396,2920
22829,90
564,295
9028,4125
36658,10761
109264,5565
10657,4424
28774,15106
28893,14626
30192,11700
31773,918
1073,4183
24548,6270
907,1252
1892,10014
11649,195446
11113,10786
26174,10890
36586,175245
12095,3133
36647,14731
53151,10594
25155,2483
31675,6079
9719,171603
11787,168859
521,199050
175,629
9598,11115
10381,386
9772,736
24774,156783
27681,165137
554,2821
10941,4939
11718,155790
12775,13065
1715,163870
18551,642
9488,2041
15292,6075
10538,1196
15394,2483
17689,1666
1883,6165
1213,1849
49475,224663
12771,10329
22345,234456
12806,1862
30719,378
223,9937
10515,165455
2097,161791
14370,155722
10206,13043
22301,10398
69014,966
1600,10183
105,206737
86093,187056
12227,189390
14683,5436
12708,13072
10710,1436
5651,11865
9267,161823
8649,3737
10610,703
2043,2800
22434,1930
174,4732
4587,170579
47161,33495
37658,131
3396,187056
18971,181324
601,1604
25392,12405
13531,169160
8491,966
48709,549
49964,209997
9563,4613
41843,437
10436,9886
10081,836
553,2802
3763,9826
16858,165407
1701,3930
3537,9823
11015,225947
65460,12616
26515,3623
21612,214548
262,2571
35796,3301
598,1228
9305,3126
786,165402
20197,169085
3577,6406
9359,10322
9880,5515
11800,242
10276,33694
10029,8070
41209,10183
2320,185266
31941,156650
9065,6021
56830,10183
53092,6149
1966,1160
1371,2792
10999,5905
11639,3098
9447,4931
31546,41354
11615,9826
981,276
22479,15134
28973,2020
47449,33451
11948,1956
414,34156
521,3344
18919,163110
2749,9748
14267,165580
4235,7012
509,817
14778,187844
24548,155722
17362,207844
11078,11933
17264,2673
8073,642
11210,170319
11649,4062
47886,6844
6644,222782
11915,7264
1788,246
469,6054
12519,293
1428,417
12545,9593
119617,211408
25502,5783
2202,158185
120328,11168
57953,3664
211,6054
14585,11677
85247,179430
5961,5561
41516,225469
1677,2495
2320,187844
44373,738
29107,2483
2163,3875
859,2687
505,1604
40634,9826
5052,9728
21183,5484
9932,13142
25872,4344
990,2348
29204,10572
13783,5947
11244,2176
818,339
6020,194236
11157,155294
339,444
31023,5509
19119,195402
11398,4289
2640,236
10573,1842
76,215205
33049,10222
19118,395
26290,13160
40685,4542
490,616
37025,5369
9764,5930
680,11435
18113,13130
9556,1959
16435,2483
12720,236
35588,156234
16281,3335
136,235600
37835,7002
25872,12988
5551,14626
26811,9706
23601,596
5879,931
24134,736
2787,10349
11634,1415
43341,305
28436,236626
18220,572
26723,164120
2161,732
5801,642
11589,9683
9849,9951
54580,1010
14442,603
11532,166103
8989,9902
8470,11612
36355,3546
32847,2799
9063,8361
26300,11221
9769,10508
6947,164663
9378,6152
42640,787
9342,1701
11220,201125
11355,736
18988,41151
11864,4723
27658,2479
8340,41594
80350,1453
146599,11004
1090,4565
909,165519
9714,3650
948,14805
10938,1862
335,2095
28171,3541
44875,207883
10022,175421
9403,738
30719,209347
8467,167619
10625,5248
42637,570
31439,2109
26386,65
99,726
11372,11064
37718,9304
10391,4788
28216,33407
11593,2294
8428,6158
16,2480
11069,158144
24405,828
5889,3075
9356,1155
41975,221285
9399,213
6396,11612
23638,10183
13403,165608
753,596
62422,4434
1907,1969
10774,3720
37616,208636
466,2376
931,14742
11703,158718
31397,10183
11892,1328
10239,198856
32067,643
807,3932
28055,1936
2067,157444
127602,1338
21512,14819
16225,156039
49842,10229
25241,3760
1600,4653
33468,9844
2613,699
19120,10483
10394,6974
2163,11259
31798,4344
24,11221
18111,10125
25232,1245
916,10291
42257,199856
36584,2340
2091,6085
16311,9890
2749,163656
26976,1992
621,3687
6396,10807
11778,228756
43786,4405
253,3393
36786,195402
1783,5339
11069,158278
9768,14857
10363,33626
26842,187
14444,179430
11861,1459
10836,9649
28988,12987
41582,2589
40507,188955
5955,177996
13132,10183
69850,207883
11093,582
598,1525
9509,33457
12477,10637
9469,3398
92348,187056
19277,378
14013,10594
11355,9864
9602,3015
11342,2343
9424,3713
22561,18379
20321,2800
867,11318
36647,236
2749,2340
21159,14673
11313,579
16307,388
9610,9920
20763,6669
9569,732
771,65
29239,156243
21059,824
31498,234744
11892,1812
33766,222029
20123,236316
745,3737
48035,6150
70709,4378
10784,2311
21168,4129
39890,2871
2666,634
23981,185018
9056,6110
106,10333
1421,1808
111794,11800
886,383
26271,5595
14667,2957
2320,18420
13567,41329
9604,5340
15618,10891
10331,1155
990,1356
10538,822
33364,14873
11520,4193
20024,1523
10023,172497
662,3321
11215,208476
11184,189475
9964,157765
10330,15106
36758,6258
10587,6648
10782,6148
12663,6091
1859,2110
20,10707
2616,170100
16132,6917
8217,242
9367,187891
25748,190061
24560,10594
19846,703
11962,7325
29825,15479
813,4547
17496,9914
985,3030
605,490
42694,175949
13861,163208
36614,10181
31546,10294
451,725
12143,238160
31935,11823
29794,14811
1607,5612
30497,11546
1926,187056
13320,6258
42640,160522
15136,18432
186809,3450
105627,163410
28172,232871
49007,10183
27430,1321
54825,10336
4254,958
3543,2669
4481,7199
28171,160832
8291,167043
14533,5565
16441,18165
9552,10138
17771,1739
549,2816
10141,3202
17218,396
41653,3603
9027,958
10176,2483
37550,9812
31767,5083
42245,215522
279,5809
39929,12339
9451,11011
11414,10958
26626,9713
34637,9937
36136,642
43612,17953
37141,1523
10144,190406
9476,34067
42172,445
1088,2914
9731,10714
25838,1956
85673,13037
144,290
29492,187056
10122,1603
43516,14765
1483,1541
9929,3998
8073,155518
11644,2946
21256,2375
9272,9937
26766,192742
47907,10183
27932,843
9268,13008
2501,164713
296,2733
11509,798
10331,12377
11062,14964
11508,209194
624,704
941,208397
9552,5950
13428,6440
1429,2334
23449,1680
8963,1860
11942,33458
27352,12631
1786,161207
40894,191192
379,14819
167,9951
850,207317
12490,5918
48287,208721
9631,9826
11335,41599
14112,818
18183,2940
122289,5905
468,1454
47643,10703
9825,4477
4421,191110
17494,14964
267,726
10671,33933
19405,13088
9058,1820
11673,1605
10471,7858
8961,1941
11305,6112
2007,1452
17761,3800
5822,12670
42695,2483
1408,1969
49640,798
6280,1279
11660,156104
580,15097
103488,214549
21349,1566
39314,158041
813,843
24558,720
879,1938
36851,4268
59189,14760
509,6054
9323,803
11817,345
24010,680
25842,65
37088,33841
58129,15015
1435,18130
26030,155841
40969,11221
10331,6095
396,2486
4978,7329
4435,2280
27591,197359
7090,157701
43905,238054
3132,4654
18274,2763
143,11139
14578,236
10246,6593
79257,12617
5991,10911
11465,164834
33680,172327
18193,9755
172,1562
11442,179565
9486,3739
166680,40870
343,3737
21512,779
813,11931
31618,4129
10264,6464
11905,6187
19545,14909
101,417
29512,255
11357,9663
10283,6270
36040,33885
49981,9826
11022,11730
8839,162846
198,11065
278621,188737
9550,1400
21733,1721
636,378
10003,186946
817,83
4539,41609
8438,207883
13702,1817
84214,6623
32027,828
9538,14760
10323,161172
27814,6782
991,1603
20043,156791
870,978
161,14570
16232,6075
31908,4129
13245,380
11429,33977
902,4565
14135,154780
10020,10988
23908,207317
2501,187023
11609,378
12802,187056
10911,6092
31624,9826
120328,10123
114,549
875,570
1584,578
118075,3923
29778,232084
10349,9181
10674,2156
10952,4654
10385,155816
8078,163270
899,2792
11517,380
8221,5086
10756,14724
11663,14985
11047,8493
10673,179018
20539,10138
414,3259
15239,11427
43488,1956
1049,4549
1959,187056
24961,10181
10170,3617
18603,10073
47886,10471
387,200223
10668,15127
47735,8085
180,2964
23967,10183
15762,157634
58902,34139
23111,3263
4925,9937
4978,242
796,3452
17689,1589
10948,6054
19,10125
55207,197111
6950,1261
18392,572
7340,41380
1816,33458
4995,5626
8438,33519
5486,14687
22178,2652
76,816
13503,4809
5548,163082
31397,195395
11850,2833
10742,15290
14439,9672
11026,14999
29071,3986
16980,894
564,352
8340,3797
1924,4270
74948,10706
48217,9673
47018,8997
36724,5540
38631,8508
45929,4388
192,295
5910,395
40815,18118
10569,1946
8413,227489
15927,13005
31701,207268
9081,18091
16284,167477
12596,822
1572,219404
8851,188178
5825,10226
2026,1930
26842,12995
58129,154802
925,12425
840,3760
26333,18161
11416,220888
1391,3230
10217,5331
39177,190370
10307,5950
311,417
1997,3713
9800,41589
9660,3588
11113,165288
914,2444
23210,14893
476,2375
783,4112
43013,1956
2463,9727
11076,936
71940,10943
1577,1852
11427,2168
4995,2727
26038,417
9544,4776
36208,5386
10493,697
21118,5876
10338,168546
500,10685
260,772
14292,169215
38965,4412
339,1761
10754,212914
942,167328
11504,1826
68822,207928
8077,3801
616,3074
620,179431
11846,5090
9691,271
981,237463
987,520
27029,160800
52277,818
2172,9748
899,9826
31526,11578
489,10756
55059,3616
527,14819
24106,13008
10020,3096
987,1459
15347,1505
26204,549
11399,8663
52741,5605
9086,10685
32261,208992
1389,155552
25796,3582
139058,15086
45938,209330
27259,18249
1277,4528
49584,14964
10281,12339
9523,5809
1607,160488
107,227892
8193,165137
8744,9937
28963,5894
492,2551
11482,18130
18395,738
1710,796
696,2087
90,5340
27104,14720
4147,175008
1903,1453
18983,12369
4552,5921
12485,156075
11293,159608
9905,1448
11137,2024
25403,10183
13776,10738
2280,170718
2182,9755
19673,2964
8217,1157
260,4289
626,3126
39929,1227
11858,1004
47939,13017
28313,1751
1682,1299
25748,9712
8583,4178
11176,179430
20455,160189
5255,9989
32041,254
2577,2682
9504,179867
12479,10818
13553,155024
10881,2423
36536,165142
583,1979
11379,3192
10547,162357
11134,13142
11495,1475
45578,1422
7303,10325
39927,13130
52943,9937
36955,217421
26225,1010
831,155493
27899,208306
3989,487
223,9673
10571,6707
6020,12090
1623,2019
9945,8508
9028,156212
7454,1956
664,12335
4234,2546
39113,188583
11123,4530
45864,6075
11431,3419
31102,208185
5255,5801
839,3713
11013,155271
21035,9673
661,3310
32059,6149
10557,941
4104,6996
9383,160130
11221,3278
46614,12193
152,310
66092,192241
135,201768
11025,155722
10328,155633
13984,6054
31504,6075
578,2580
40952,179415
72277,4237
9585,2320
39462,7671
1597,3800
9770,2598
597,2580
40815,6038
12778,331
22797,6054
5183,460
395,1378
2164,159138
988,9937
26978,10158
48287,9713
910,155860
988,3521
27265,175357
10711,156117
13433,187056
36536,6054
796,6782
36488,1009
36136,164296
11355,6270
170,14819
11314,18330
17362,178183
133919,9957
13559,9700
451,30
34288,11665
69234,2546
27932,953
1369,4595
15486,11732
2654,1415
41391,40931
9268,10085
42837,417
8221,33625
11655,185420
12608,8101
3472,6147
27430,4948
33253,10685
11416,219896
15999,161919
2887,9766
19142,9663
2260,18035
2048,6149
990,10594
97406,2679
10057,90
1715,163874
10564,6223
768,1803
938,177882
786,9672
41951,187056
16281,10292
248,214548
33357,947
136,3199
3509,4394
302,293
14817,8438
12206,3363
60855,13043
27225,12396
31767,15126
24831,158291
25690,155275
47643,15135
17663,12392
16859,188839
1126,1842
11814,160131
23333,947
6016,159343
16,1382
41495,33518
813,953
22267,393
544,15027
27141,10683
16515,10683
9716,6921
17949,4323
41651,1576
11085,6611
504,2669
26103,2429
34070,5933
29084,189868
943,167313
11191,169276
9967,8810
780,195537
27678,191260
571,172228
25768,1261
839,159931
48862,7638
11091,1412
9536,6305
2038,3203
21968,14964
36288,10644
638,931
11134,18432
770,393
30140,158690
40913,157799
342,1889
5001,7936
49920,10183
161795,14638
1654,2652
16,6054
19204,1706
41823,4344
5966,6192
8869,158192
40156,237
8358,12617
44247,9826
9414,10685
8074,180756
259557,12391
33278,310
1162,163865
11502,4728
11104,3391
23114,1158
919,5135
13511,1299
10995,2087
26243,195402
5722,4344
11637,156322
9473,8421
2370,2106
11300,572
6844,1160
10649,177512
20616,1326
522,207716
10220,6433
8007,1662
10540,306
38219,2964
8468,167043
857,1956
26933,163037
343,2692
10728,34117
39503,582
43915,7984
36751,3307
31372,1462
9591,3490
10466,3198
3064,6155
26761,5707
1578,6075
1812,14512
17965,314
31064,3720
703,11508
547,5809
17642,4478
13524,11102
17360,13042
21972,6496
802,459
43340,9714
1648,5674
85247,2708
11209,1556
118121,163110
9611,6270
21849,2136
40969,206850
33345,9673
3600,10793
16539,657
3763,515
18905,183414
13416,6075
13567,12339
9086,378
43802,13008
12653,211635
65,900
26369,201834
12476,1812
50075,12988
91,5255
924,5369
5544,12999
12516,3347
27841,159313
9804,1852
33076,2974
58455,2911
16703,2708
5156,8438
58680,187056
9399,9748
33516,10092
28975,10857
23114,208570
804,588
12516,314
100975,178649
36647,168859
16136,14819
291731,1523
25944,1909
37144,9826
11282,167656
10859,6149
39844,154846
9886,4565
10426,9727
37662,5905
211,931
136,157912
14433,3644
39929,3752
5156,9727
36955,1930
11471,1585
4823,1326
28295,175514
11033,1552
11023,178444
1892,9831
4507,1715
36763,10093
302,2200
1369,1375
10559,10685
8072,155790
26425,1918
11503,157367
12717,191249
14506,9552
1418,2598
16938,206850
435,6086
3596,6091
9260,10051
11862,10707
9517,1196
27932,6027
10636,2389
5336,3603
16620,34079
28628,171636
14811,11701
36677,13130
863,209386
26408,6078
10047,254
2288,4262
31671,534
7096,11162
5336,570
22033,9748
20324,10325
44559,9672
1088,2971
19423,171183
8468,10183
91893,2908
9277,214548
19133,2776
31397,10053
36056,2792
24936,2820
11318,4152
29259,173974
5910,1794
36222,679
32685,229635
27549,234213
38987,33465
4886,184297
24965,160796
11967,417
31923,2613
11412,14768
4507,1849
64900,14676
9079,13072
55059,197472
26170,11860
25313,3201
42668,3720
48482,966
18502,1328
101,207268
19827,591
10954,380
14778,3230
28941,572
15119,18431
28571,177039
9909,897
928,5157
1945,936
714,470
28026,1721
10395,2499
987,4602
1913,5565
88,1343
8916,1402
36107,1436
19971,13092
10918,6083
36630,1422
2005,5708
38398,13130
11397,166229
42260,2109
9319,15167
28105,271
17421,2571
11215,1873
11030,15106
37135,11663
43915,198860
23160,214452
16372,156580
19931,13159
213,471
576,9812
9552,15001
26378,6149
31530,4118
8386,171244
11935,8086
6961,6739
7340,818
13938,779
14603,12371
24951,65
11949,6731
41730,192706
38560,5074
10652,33482
36599,10776
13853,10148
12491,12987
10635,187376
4488,14805
40364,14546
10028,10508
19259,1293
2841,155790
562,1441
36758,14638
48745,10183
3173,3432
3591,746
18927,3644
10938,13088
18502,1812
2978,3092
20423,3801
29723,2080
3062,15142
134368,796
42731,2438
24402,3432
13766,14626
10547,162467
320,12670
276635,828
34444,163726
38772,5876
15560,214549
13403,108
10314,10049
10212,11663
11037,494
867,11322
44465,2486
10858,840
15805,163455
26488,2793
30637,3262
12655,255
1277,1739
63945,6038
11054,165576
499,10163
2637,208397
1542,167507
33680,177995
11448,208349
31498,234748
42204,207887
152426,11162
32872,187844
234,179874
6382,7209
903,4487
62761,205624
17978,209476
602,1612
12,180574
23954,236908
47352,155841
7299,163049
2675,10235
11009,1808
16219,8636
56583,6025
11971,3927
15947,18266
422,886
1842,2597
62190,10183
33525,4100
9501,13141
16246,155712
10640,161891
11135,4725
10117,180172
74544,1326
288173,2483
40876,199364
42142,74
11710,4441
11821,1605
20334,9673
7219,10292
16161,162224
10209,10183
12079,187536
37627,13194
212,6255
574,441
11560,9826
9424,9678
31527,9920
40952,2583
11121,9748
26813,485
39844,14819
9394,798
907,3460
4011,9712
82283,167888
11901,9503
19067,175245
586,2954
70687,2964
16723,9673
11503,172590
42617,189399
379,1857
36947,181105
62956,187056
41828,14819
12520,34079
42986,33476
1075,6156
11401,11268
192,352
12520,14831
21915,4513
4967,10093
10720,572
9871,4115
40446,11798
18941,10183
10363,209096
13697,15118
267,596
29021,157768
88,1156
401,1942
33,160410
8961,18026
11847,5733
8388,5331
11230,155065
47890,9826
9716,13097
9423,188957
36536,6298
11702,18107
33324,187056
75892,2483
4886,2041
43485,1233
4970,14781
492,30
12102,216734
10174,1691
42814,180093
36349,14819
30923,12552
275,1442
939,242
25749,14828
9531,9717
70113,10202
5801,2232
14342,3930
12223,34117
14328,171486
46625,166329
21032,9880
914,407
11939,4344
345,460
9390,3658
32847,176793
72308,233
11507,9826
10895,131
18111,10292
686,226240
29514,9706
39844,9826
21159,3752
31117,10842
177,2796
43889,162776
1052,212
4031,3190
154,1613
2105,44447
6644,3591
28031,572
9041,41260
2502,188955
25431,159451
11662,2964
869,4379
111794,10328
19,4034
10164,931
163869,207583
11939,9016
28356,2673
18274,14660
3766,4617
18408,207972
19101,186797
19,1001
18690,41185
41651,187056
33472,162610
11093,68642
32233,10183
14537,233
9691,12355
27103,34333
10839,4302
39269,10683
12476,633
28501,220712
9699,642
811,9882
37347,4616
53879,13005
18172,15111
1429,378
6264,177128
8740,1014
1411,10150
9606,6318
105,4379
4952,33626
36349,9826
29239,1160
14557,3616
159,237
5651,570
1619,7638
13408,6027
53426,818
26899,15135
10426,14964
770,4020
571,170378
18030,155728
562,219404
3088,1582
5165,2853
30814,5306
11163,13027
3543,1197
9361,8519
17047,213102
48561,2199
9070,191474
51179,10131
11854,6564
64204,214549
9256,169977
34604,10793
1597,5601
9290,12670
3173,1635
1430,1849
10028,12094
3600,9748
6499,185200
4961,1706
25641,33505
1555,90
277073,6593
96167,10093
56934,5565
27414,65
11412,1562
17457,779
10135,2334
702,11209
6037,159951
1675,886
897,4549
14390,703
5121,6149
667,3289
6415,159859
8987,1621
9691,3979
26561,190084
15128,9673
37818,187056
17465,10079
11821,4585
856,2619
47957,161102
15037,197083
41653,159959
46978,6563
25264,10410
3063,4063
34584,155851
25392,305
39327,33626
1678,7671
10098,1252
23069,5608
630,616
25749,520
11860,9398
13633,1857
27429,10563
3875,187056
185987,7460
11858,193547
1541,5521
9586,577
31997,9937
513,1157
17414,5306
201,503
77074,13028
873,2393
36006,14744
24739,18139
860,3246
10220,395
895,437
10772,1909
826,1968
8056,2606
22657,187203
16941,10183
1369,3713
218,526
2463,6564
777,10685
20532,18454
30295,2041
805,8685
64,735
3061,6038
31696,34117
2752,6183
8078,9663
228,190475
44562,164193
17130,33455
13553,11053
93427,570
19133,189411
28966,234078
1583,934
46119,1523
193,34079
10371,6592
600,10084
11219,4908
29030,155488
41659,10183
7214,5833
10350,161176
10559,1480
9319,2095
10210,209192
86093,10391
797,232946
31682,818
52633,14857
19124,12413
11646,213299
26347,5907
12775,10093
10494,156761
141003,156321
11569,8378
2045,9937
223,3582
9576,12090
10514,6013
632,470
108312,2072
9264,4687
405,6059
8005,4147
25241,156091
28313,10131
988,1618
9962,931
42641,2905
65796,2490
916,6083
479,9748
57855,11338
18168,6167
22356,188922
10338,168550
316,11933
69014,33457
8851,234733
12235,33519
620,10064
90,6149
2860,6677
15171,169911
9667,4379
616,3078
61752,155761
10808,18165
9272,170749
30666,6669
42418,2526
9487,1721
37272,209065
32569,155582
605,221385
60672,3065
918,387
38970,1664
3766,242
36669,208633
12656,13027
9399,2905
11985,5768
20312,9887
54156,33451
9872,1566
32689,949
23160,3096
925,207009
809,4152
33408,207767
62327,2483
15198,6483
1722,174378
12655,3398
133115,10217
452,2425
27658,5305
8427,2792
784,3739
33472,162557
6488,223059
8834,13006
699,3278
2280,170722
475,828
8391,158718
12921,10183
11471,4541
9772,8986
13,157499
26246,2620
912,14604
9268,10410
41471,782
47643,10199
82432,3836
253,258
11463,6538
15573,5701
2105,215404
8326,10541
20465,12339
18392,2483
753,2483
24909,33699
11676,179430
31618,224540
880,10707
10141,3182
3090,1321
9403,187056
15842,12996
13580,295
24402,293
11307,34030
316,7879
16372,165468
1498,1852
43867,236891
36819,10842
29343,187056
15122,14791
39867,10093
36702,14629
2758,2341
1694,11581
18392,389
927,10005
31522,10183
14282,15001
2428,5565
318,612
1403,4616
269,34094
11667,41645
9716,162846
26976,496
60555,14783
9313,254
81310,214549
25636,164877
37650,12193
5187,3183
8416,131
8216,1803
10882,179411
63,278
1680,161791
18228,9799
30197,156028
49397,798
6396,10250
10587,4668
9454,236376
40508,9823
52654,10183
9833,157676
337,1847
8583,344
6414,1293
42048,3182
39504,2383
15121,165493
10632,14805
10046,10322
10112,10911
205,971
681,3376
11131,8044
11686,13129
2110,772
2469,378
27322,10183
9451,1326
167,180241
14580,9748
39916,15167
115,155291
571,11237
807,476
11831,6165
15136,10975
1373,4942
62697,10522
17905,782
124029,5890
35612,13130
1712,3739
12142,9855
77,33874
12521,12339
2300,176746
140,161207
9605,156390
895,10183
427,2384
10054,970
88863,9826
42033,4458
9208,1261
55616,10183
31023,6054
29140,567
9730,179422
307,1806
16427,225162
44925,14819
809,2676
13320,90
20644,155462
18446,199910
82432,3515
21252,6782
10428,9835
43002,10685
562,1953
13041,163674
33138,10183
32502,11221
10052,11612
36208,4048
783,6157
26648,174594
42997,155756
68822,186403
20815,2340
103,2231
10987,9826
49948,3537
9486,33705
41653,818
9473,11324
400,13142
12239,41153
24241,2940
10345,6648
11317,6464
853,1442
4497,165492
1375,4613
23949,931
13766,161289
9748,187056
24264,3070
8391,1992
48862,9736
1817,6259
29455,1499
39428,818
10855,782
963,195402
26531,208349
24749,3714
23160,10614
43516,18396
15873,1956
8326,159188
118098,212
578,1913
6917,15001
11191,169280
29794,11221
15944,15162
870,4341
5460,572
9486,470
30702,5992
8699,167241
18215,10048
16220,1576
681,174520
5994,184559
8422,3640
31701,11729
811,4165
816,4507
37650,918
12142,4862
13554,1480
2899,3998
31646,208053
9651,202723
3109,9673
14002,5890
39939,179430
668,160175
4789,1956
14571,10046
63617,9823
36094,7397
9037,4344
18228,234849
27346,1366
44925,9826
2054,5289
42006,478
20289,1556
65796,1632
20761,6075
51394,156764
11347,3851
898,1563
10754,1749
18892,197094
212,351
1551,314
8810,14736
178,6029
10395,596
17538,10183
42739,6625
698,3268
11542,162346
9545,159872
639,1946
36040,414
26560,192767
11772,10941
10611,1998
7341,6270
19827,40917
33734,166463
19053,14828
43452,6165
10992,1721
9748,5337
12653,2483
72277,6148
199,522
41417,378
10636,970
61049,4616
102,1335
21183,13063
29515,10601
12093,14819
1648,5678
11230,9992
2097,160189
553,2355
1492,213097
10536,15483
79615,10505
781,428
6068,191089
36536,196584
9319,782
10518,15009
21991,41393
2294,168039
548,15009
11046,160175
36536,4932
11316,175245
617,4812
9552,3649
10910,733
9953,12663
2593,236
12157,1900
4481,1649
45220,4709
44284,187056
11230,1482
30943,1930
8346,13027
2898,13028
11811,5600
6520,177129
20213,10909
17965,2546
51878,949
9090,1013
30666,14805
13791,3927
984,8181
8765,2157
18780,233957
24982,1963
10028,2539
43307,163976
583,186
968,15068
15849,238511
108267,178867
11529,1459
205,11872
11176,155356
620,162846
36947,1992
9667,4005
790,966
583,3569
37257,33519
11023,178448
21915,248
48992,14604
41801,10183
10739,2833
9989,157238
31923,2483
27271,12371
9945,9748
17352,10131
32082,11612
21734,13112
24650,173299
12579,4183
874,190285
9469,1849
15119,155242
9352,179431
43889,2777
216794,11578
873,409
11959,168049
916,582
166680,162328
9348,163481
26602,187844
15104,187056
10536,6168
1648,6162
22572,4456
11449,230191
12229,9859
124,3012
29778,6156
14811,11705
3064,4549
363,726
840,156091
19414,163110
12614,4344
11184,4434
507,974
11013,157800
34288,11616
41282,6270
10896,6054
856,769
2116,6309
10434,9713
10652,3366
30204,2676
8963,221092
9544,7923
26877,8015
31911,174916
20468,197361
348,1826
25749,5086
10213,3133
9299,154779
2321,11590
53714,9937
93,931
9799,179430
185,570
41670,1568
33016,9826
42466,3133
879,6187
11083,9071
11596,179878
15237,12396
14337,5455
10603,690
43522,5565
33762,18179
28276,208981
23051,10563
16,2488
31672,9748
2841,2504
32037,199076
1373,701
27367,33702
14703,6741
40952,4063
11300,2483
14689,6917
4232,3335
1619,10594
42525,207941
11123,12670
11076,15171
10940,6093
30237,187056
18587,14819
775,214549
18205,596
9941,15162
26522,187844
3172,378
27033,195402
9616,588
1677,5565
11601,1328
8879,18072
9824,420
2292,3090
40446,12339
9041,9826
41791,10183
10296,8773
17810,9663
1835,155860
85837,2708
1894,163239
14892,18525
613,3061
1890,3770
9280,8445
10130,155393
10215,3983
21143,10183
9962,236
94857,208916
39907,3077
252,730
29264,3020
27052,1956
1734,157894
10617,1701
10305,5164
54794,9673
22171,242
37227,228285
240177,10183
25473,9897
178675,199911
14140,208361
2200,3929
331,10084
594,1459
18387,2956
18681,164092
880,6145
29621,6110
20723,158390
2926,34094
45694,13006
7504,15060
9086,5672
8441,9826
9893,8783
42541,12094
831,4195
10610,4391
10860,5248
38724,159909
29267,478
51179,11343
1802,4034
320,1936
57834,10183
18311,3508
11974,176182
2191,3576
68773,14819
194,90
6970,34061
8839,3335
27197,9748
11229,6669
8961,7963
1600,6300
11360,3032
5486,10292
2788,2200
36536,15483
3604,9758
32041,11106
902,10103
2441,393
8441,8082
11412,3713
11054,165580
8545,3769
9678,167707
31646,11221
10534,167837
43390,209218
18587,9826
126996,187056
765,157468
12724,190116
14013,8508
772,207317
40772,162846
11706,6091
86889,9840
1680,196425
10972,15156
12206,14536
46989,10183
40156,14659
808,2596
17136,33514
26701,5783
11064,184238
133008,193009
9905,2635
6593,14742
20127,10232
27150,798
35119,3030
31634,11034
11162,8271
11041,163047
41003,818
1783,2448
10674,5600
5722,3490
667,3346
7348,4040
9713,2136
10609,1332
3309,34145
9719,171587
2161,6380
15927,188719
423,30
10023,172505
686,159961
49981,572
671,1441
42731,222097
30265,10183
963,582
23954,8642
24249,156104
21137,187056
9098,221412
11687,41406
9482,182706
9008,3664
1883,6149
1092,2449
9367,206558
7216,10770
10718,2231
11595,10950
1873,5855
6075,1228
42179,818
41670,33461
28941,2483
68822,6054
24229,417
23160,215074
9532,199686
52633,6270
11361,9215
14832,9855
2000,5968
9667,919
42135,10180
43232,34094
12103,1227
10697,6274
567,178649
24113,190816
802,894
123833,187056
475,1556
11077,2468
16636,521
594,3016
769,1228
47816,6075
42832,6483
16885,9672
6106,5861
9299,3664
25224,18023
12665,18320
8698,83
11564,10183
11042,494
7501,680
26564,14893
2453,14570
11545,4326
9263,170533
543,44449
4816,9849
228,214452
9016,6956
27260,720
35080,9673
10727,2122
872,164641
40446,10058
60994,164754
12664,10183
180,476
10016,166686
1965,2679
32613,186188
4032,170118
34106,5728
11284,179431
44800,11061
31681,3366
24266,155343
19403,2708
11399,10818
29794,155627
54302,9725
52633,10726
25944,3633
61807,818
7340,170356
26723,4048
29445,10326
17130,1566
41670,2804
6478,164658
21468,157768
51179,5679
2832,2217
15765,164414
24274,13092
12708,196682
154,1617
646,3269
34838,2683
25014,1327
2322,6129
9421,7851
74395,242
38096,9713
124029,1946
11448,2393
8536,179431
708,3529
36095,160059
10350,209073
9684,10183
9666,1293
7451,999
4464,643
16363,5744
31591,10085
9447,8082
22033,10183
49815,172971
10423,4613
5693,8635
10207,1596
8068,534
47951,3875
10133,186189
45139,222185
13187,207317
115,419
2604,2957
17692,158350
11485,378
12395,18525
25473,395
173,2768
9394,3864
42981,217987
3574,163128
12092,977
23954,160322
11718,10941
275,1930
39274,233
994,392
9300,190071
1583,3703
26949,155509
10824,2411
28476,179110
11576,6956
3597,12339
499,187056
2841,156091
10633,41385
45379,12090
8463,160335
31000,2134
11959,34117
37835,570
97,2157
9536,4459
3640,1946
11371,159434
40064,5545
9453,5049
853,4264
269,1721
10141,10594
9378,18029
2142,9786
290,776
11092,1808
24807,918
20737,3199
8428,186117
12239,591
11706,6038
104237,779
8438,215596
37103,1956
27983,428
11772,4769
29394,2779
9430,11733
2176,387
909,165503
13428,3094
48482,596
8916,3126
10601,2710
830,14544
3484,2968
400,1977
694,1981
16295,171662
640,231069
26973,11254
39929,11221
11859,572
11575,196401
60562,4344
55687,188957
178,179966
46910,8516
5638,458
41678,189435
32015,4402
891,4812
10216,6898
31589,494
175,560
10394,5319
24038,181375
41280,163810
124,6155
42245,34079
3043,255
269,916
29318,3363
23719,207317
12138,585
10569,8586
83,4210
9919,622
929,13149
153,1007
4613,10183
11934,203528
11890,4480
2925,15160
33710,156063
29173,11181
12106,75
3396,4434
26954,2588
117553,2398
28421,9826
17915,10104
26170,10685
11107,6496
30308,192266
3049,6732
149,6092
9475,9864
41670,1328
11527,177912
17810,779
1547,3133
9533,18525
39327,395
30197,3063
28650,14735
9362,1197
32076,242
568,10349
49299,14964
5143,14893
64,739
20457,6085
16380,3801
5917,15108
48706,189092
9566,157904
14268,11615
32613,161276
2115,2357
306,15483
18451,10183
33138,441
387,180178
43751,514
14390,157380
11430,9920
10782,8681
42617,2020
154,1430
54287,5565
32669,12670
8699,8531
52038,6054
29242,234740
23383,2123
16448,160512
16314,187710
36194,392
607,1568
79257,192763
11040,1721
14919,849
29627,3278
302,3737
8273,1156
55730,1419
9482,934
648,1299
2924,657
41578,198673
36606,156507
28571,6038
9989,9937
10338,168554
630,2043
9598,3020
22692,166329
26515,12198
26124,10476
118075,6054
820,8570
116844,40879
9671,736
340210,9774
995,10718
3075,155730
16642,520
29444,6562
9616,14819
269,155845
104,1546
62761,14541
34838,1691
36843,11935
42617,8570
32037,14673
31695,2679
17600,10183
23761,10024
61369,156764
638,4375
53027,10183
11033,155440
75490,2348
39867,187844
136,171826
2981,1992
1883,2392
608,174915
21380,12377
279,2276
210092,8181
25269,11612
26275,180085
10122,9963
11236,187056
1607,924
2160,3772
2655,3358
14595,173685
1653,2020
10670,9937
4935,15001
26606,2570
12241,416
4147,175016
20682,703
25627,4932
549,572
10619,780
44412,179431
29478,33556
26596,155493
14245,15234
1621,5642
12778,5332
12208,2011
15209,186810
6619,1233
42726,4129
49096,9748
45522,185005
51878,190430
5889,1583
604,780
1376,1525
14022,13028
14369,567
11016,2215
11375,897
15170,156037
13581,1566
22559,2769
15789,6562
8653,931
34582,3864
93457,11933
14578,207819
900,155457
861,848
26038,199327
18222,9840
2087,159601
11520,188608
9025,567
69850,9717
786,6029
17339,11400
5470,6110
1959,2580
33194,187056
25503,1415
586,840
42569,10123
9928,193305
13201,14512
2787,4803
11676,167541
16858,156507
49397,5340
49584,5657
30304,2692
26842,789
117553,8627
10157,208260
2767,5386
75386,177118
10585,6844
5991,612
13550,12663
33680,2456
2907,3133
9059,2849
12227,1454
1994,3185
108,90
26141,155790
19,1436
44373,8508
26953,6300
12665,163531
9343,156034
10697,6034
18394,2231
636,1972
2048,1701
819,6148
30159,17997
11509,1721
17962,188290
754,1568
24266,2752
28553,378
242,10909
192,41406
26670,4326
10342,166278
13416,6270
28165,9663
37165,207063
10559,218024
668,3372
337,2201
10514,1508
867,9826
8222,10707
23148,164593
13539,3551
287,1483
20616,156316
9739,33808
17994,9815
10836,3030
9827,33564
121,818
78,801
1613,233950
1162,207928
16703,2903
607,1381
34327,1936
58062,2606
70627,949
33214,18267
26275,187119
10216,1718
31941,13037
19133,9253
7451,234506
6878,9714
23101,207819
31685,14765
13132,531
628,4197
5000,216734
9845,14964
9667,9673
2108,13130
37218,1329
11284,9820
11336,33505
12723,165147
34044,1812
668,5600
55699,2334
9671,549
9062,10703
11354,2251
10557,494
14839,216620
13373,8627
46498,3182
19086,10174
5729,193261
44321,2148
27591,9663
44326,228403
197,930
5055,163755
11072,160583
1923,13059
1720,33457
16235,572
66566,2438
425,311
62001,168186
42048,236612
708,3289
39310,201820
41848,2483
9598,11477
11543,167562
22307,14818
1924,193544
2768,6739
918,554
34086,10539
15789,157303
55730,10226
845,2041
24546,3688
11878,3088
73247,9503
10376,5561
409,1961
10390,3754
99,3019
24739,1420
51230,1388
10591,5593
1408,5470
818,83
24929,12377
10149,3170
2105,156777
22171,9748
10246,2389
10715,209220
14430,190226
9600,228344
38695,4653
10482,4368
10127,233042
27450,13142
2926,1721
5503,227824
424,1631
9692,10183
18222,2887
2124,2726
197,4097
1592,6148
606,238239
8358,170319
13550,172853
9385,588
14868,458
47955,567
10536,177958
54860,797
31701,11733
31682,6380
31546,642
14365,1523
11834,1566
44414,9713
3635,437
42989,10183
11411,34125
829,3820
1573,14765
11027,10410
37936,12339
12613,41645
11489,900
27331,1508
600,720
1936,1415
4951,53994
29107,11221
13673,65
2760,3002
3085,169097
13446,11333
14484,3221
19143,4487
23378,193537
5204,1552
10878,179431
10342,10707
11449,159940
1619,1336
20684,2699
26522,9215
11479,10787
4232,10292
16539,187056
21338,8015
1715,33841
10637,222721
22688,14999
2990,215306
11099,3412
53021,5423
9062,3616
10354,2501
12545,4344
26451,189402
24229,207268
13820,14819
10345,720
10693,10336
12281,567
337,725
10354,3440
6947,5774
5483,6876
11366,210024
36355,1196
3086,1757
1380,33355
818,4539
9666,8303
13446,3762
10326,3366
988,18268
8224,2727
7984,494
40772,13130
1966,14704
42658,3265
12622,6149
17130,1005
251,210530
179798,10726
2054,4488
32326,12999
9261,4317
33324,6015
10623,9727
8452,9826
10592,160910
24405,572
8288,4183
1649,5540
900,2598
10808,2735
11510,14999
954,11134
691,15097
41316,187056
11401,5718
80677,34094
29904,2486
12633,934
3574,1706
9962,6038
24951,4932
62429,6733
39282,10229
850,170496
11452,171197
11044,1874
11414,7856
134368,33421
46326,191026
11282,167664
11220,14828
40694,8508
11468,207268
10029,2150
25641,10183
44662,9748
196,156234
3526,5565
5652,196288
9289,8908
32646,10183
42725,6951
36855,12405
27814,236943
16406,192099
1548,175492
12764,10950
5651,155263
783,4096
9871,6270
24919,12377
11023,178452
25848,5332
842,642
9021,2343
41843,128
11420,3720
16442,6112
29825,160190
90,12545
1816,33926
11416,18266
1927,1718
11112,5636
31679,10756
402,3152
15613,9720
903,34079
9533,10714
32302,1562
12311,1860
22289,158567
9331,1589
55058,10183
6974,12405
34070,493
14022,1566
9636,1706
62761,5657
9679,161636
11431,155725
18671,1419
17813,5091
9542,14783
11310,7508
6280,156810
439,658
12619,2389
39929,206850
9619,1415
41021,5155
11879,5606
2924,417
940,156091
10314,9789
43236,3692
3509,4565
23916,8442
16129,10183
8860,582
23033,10787
10796,851
10342,14708
26877,157203
8195,159688
2749,3023
10693,1155
9626,1400
52936,10183
77915,209090
9739,2964
6404,1909
118075,159909
11326,158987
24066,3202
36724,187056
11658,158534
43239,178523
1817,949
14271,229287
32015,11196
1712,1946
18158,14909
11313,11411
43516,254
39851,6782
27271,9826
22490,9749
7341,8181
10513,158729
77,3973
1480,1411
27549,197014
10592,1956
40952,14805
10843,1552
60555,642
10205,2793
18148,1820
25188,3687
10310,10180
43277,190122
4154,3341
11773,392
108055,12987
18333,2679
48750,90
2263,2852
17352,165064
11503,2020
11185,6054
30584,9714
1970,428
5425,156075
31217,13065
11368,155704
31217,233
22023,12423
6593,1430
8393,3800
9081,10183
6114,225470
18889,12193
11145,3524
46119,9826
281,187056
10874,2041
1891,161176
1607,15155
7305,199076
39327,208051
11526,41591
5000,198856
2058,9748
23967,187056
9699,703
105627,10937
25103,1992
25389,2106
9559,170865
11526,7067
11023,10049
18311,6895
35796,6054
1891,232452
17414,158039
55731,5657
9825,158182
8223,1003
11893,13008
10628,5090
9086,549
26635,159937
4993,180398
10324,10183
80350,13037
1088,2658
12223,9937
133919,219902
12277,9104
10719,9840
22023,18034
11556,2157
605,2812
7300,238239
11284,3030
19957,3966
19,3640
25848,10622
9798,3376
41968,2908
85673,9748
19155,4747
873,2320
620,3091
10676,159433
786,4045
10784,11183
7220,33595
5729,885
31592,41329
9529,10616
118,970
10534,18068
26520,207113
10637,3847
40507,14819
38295,10183
1619,12371
25473,7002
3509,2150
883,4433
1375,5398
77223,378
11566,161891
6917,2604
96,5340
27324,6104
18988,13084
1126,9986
9491,1721
44164,187056
18200,470
10028,156801
11684,164593
51179,34112
41280,9772
19383,422
5205,161338
405,3758
16358,204904
29514,3030
9333,947
12496,1938
54655,10738
25209,10991
759,4344
10023,172509
15421,10306
101,9826
13188,33969
39938,10683
554,2809
11935,226594
2470,13065
26593,1556
10355,158538
38884,5882
83761,3521
4551,4129
10637,6075
8737,536
12079,187544
78281,10092
275,9826
9566,178364
31388,1991
10416,6935
9348,235513
41280,2201
29444,11612
11042,10163
43148,174539
309,894
36243,233
18885,240
2897,13008
15655,8082
16161,3010
646,911
11697,3739
7520,5626
7090,13149
86458,14964
38718,5565
54541,10617
23160,189414
21355,156795
12658,2383
47886,2376
96712,5565
801,2959
11351,494
476,2656
8741,907
36851,5301
105627,189436
60951,1160
9445,222049
8842,6075
25749,8636
10671,189411
14603,192167
11859,10562
68822,931
10402,6876
125317,187056
641,3428
9599,237036
12637,242
11548,9831
10973,156317
1359,187056
6488,158126
5155,131
10609,18035
279,2199
20532,4528
26936,1480
10536,992
207,1992
24873,4470
10592,6091
306,167541
9470,236316
2457,5879
544,158502
9606,931
7219,157524
32613,186192
4032,170122
967,14704
122,11173
2770,34145
1911,5895
42525,6091
13580,33457
26408,201768
100894,657
11621,4375
947,487
1626,170710
10345,4668
58429,225466
24266,155347
10674,4344
26182,190797
764,189921
26889,10568
5503,11207
655,4580
62204,178645
22048,11494
41769,10093
80218,6038
10706,2766
122289,2884
69850,156030
18774,6075
9407,4480
47252,642
35638,3739
11601,184987
875,33683
5143,12990
54580,514
11527,572
11839,5090
87729,254
42994,9706
625,3106
43096,188583
35161,158718
1712,5626
16225,15085
38043,966
21484,1299
144982,3458
1885,3436
33364,6054
25853,10714
10246,161266
502,2297
11360,3199
11176,154986
10451,2875
25237,1327
18069,10183
11938,4630
9880,5987
297,314
1073,6078
43657,10183
10559,2964
16442,33846
846,258
13778,3090
842,4240
18988,3098
173,2772
4836,6502
114,12670
2619,1338
27841,1014
8689,6935
17813,395
39907,345
43905,187677
36536,11112
10783,3586
1563,10183
16515,199904
4507,215982
69234,3282
1591,4932
2103,14626
11482,236
38880,192736
71940,6015
680,11423
13155,209649
884,625
44297,9673
11936,131
3574,10326
508,2571
1555,1253
605,187056
948,6149
14373,703
3173,41644
14112,4697
27273,12554
2211,9833
9659,6951
1365,6325
9356,1009
53049,10180
4929,9656
8512,5823
891,155744
9824,9715
10423,779
9574,10125
125052,6212
8440,378
8069,11239
11022,155799
31624,2483
18148,2251
10836,10308
36819,1454
11870,171067
9716,3335
16619,172291
233,704
29702,189921
11560,3581
39113,9828
31938,15248
764,4014
6552,178261
909,167951
11562,13005
9589,231344
638,378
11569,6024
12632,9600
19460,6437
61416,392
18274,5703
31592,159319
34584,10624
16077,1925
24066,10183
33020,155730
46785,1357
11522,202540
41280,3303
11546,186450
17917,13014
31642,2957
6075,155490
9702,2679
33525,9882
11856,8810
11477,156479
705,156866
14347,14669
30588,193021
686,162356
924,4682
4935,616
32430,745
31526,11322
9737,1666
22490,515
29161,10873
19760,167868
18513,10183
9896,8666
11892,9826
9397,177280
911,191845
10613,197619
42193,9812
1277,13132
1791,33513
988,3586
26725,9937
7303,188755
10787,160130
698,2711
32489,15290
24518,6038
10407,2301
2654,6018
9599,11612
28026,6027
16129,494
668,11134
19184,4565
22842,10322
7341,236
1701,14819
98,1405
11062,5340
25430,14548
49920,187056
38985,181322
141,10629
10530,1463
9605,13094
27452,233450
11503,5968
9716,10235
51044,9673
11985,10180
9717,160223
2099,520
4923,2964
10152,2393
2502,2251
14621,165154
42466,9663
2897,189092
96,155544
9651,849
22561,3307
11481,160059
10636,14534
14908,6417
11234,169570
11228,207317
30973,5950
50073,236288
21135,14534
21500,207844
337,2392
20339,10123
10567,10336
11507,3581
9764,6536
10997,33683
905,212
630,13001
23223,9826
10178,1860
9619,720
11983,1562
53048,10183
914,928
744,3737
32600,10911
11222,3152
8690,10183
15143,12392
29973,6165
48311,4565
11465,13008
1879,15478
9285,6946
43103,1936
469,1317
42668,5127
3175,3998
6593,176038
25232,5905
403,12532
11285,160945
49815,10183
13439,10183
16619,159138
11485,13027
28503,41171
10872,65
11042,10594
11361,15127
10540,211487
679,2345
10862,5327
54003,164296
43779,188294
5143,2199
14035,161137
876,6193
16328,259
10699,1284
11335,223172
4762,6680
36652,478
9398,167195
18569,1009
25473,10950
9409,4171
18555,10768
4929,155859
10147,1441
26398,572
52633,1228
26690,703
11090,179430
47942,612
10072,161207
30497,12339
28288,246
11143,3996
5879,4115
29047,9673
36759,14544
10680,18068
18212,571
15096,237590
13907,178423
784,2808
9359,185589
526,2639
10215,848
2759,5657
627,2671
15969,4344
27593,497
161,11362
118,730
6643,12425
11828,1191
11811,8910
38148,18071
9654,1201
627,6054
571,5500
11568,33624
13496,222784
17132,6149
104,745
69035,208108
8488,9799
26038,226500
14615,170450
11114,193521
11657,6149
8356,10229
18,162365
12799,1950
12653,226037
11594,3776
9636,1279
646,1826
11141,3012
1999,10183
9495,11363
18205,2483
10882,2343
29204,161919
1786,2428
10801,2587
1493,5496
18113,3616
10410,6346
1373,494
31427,1956
11216,5091
34760,11767
8818,165728
11018,5964
2899,1160
8043,1563
11134,6149
9679,14819
47608,3616
12660,10685
41070,1366
2164,163338
9716,3282
5889,782
38987,9826
47199,174534
74689,207317
43089,205624
10934,894
10296,2150
408,616
28005,496
29056,166484
15655,4809
203119,2136
621,165154
424,1956
5925,11246
53712,13149
28,2959
33477,612
39269,10183
9556,185736
11506,9935
11797,11441
41951,409
1891,10842
10630,10685
40810,10911
8675,188947
8737,5907
778,966
9702,12425
50066,154856
13787,2486
11892,5801
1772,2957
22642,2679
42695,1532
10685,2250
8741,1956
30421,10996
13704,8680
9598,4931
11859,1812
10897,6054
490,208313
13698,1463
9538,10292
10499,836
8068,187844
5503,3262
33324,4112
11099,3737
37969,10468
33214,5439
14832,2398
2767,1552
1375,4487
87774,10250
8512,12670
2142,156022
10722,530
682,12965
29927,189102
15371,585
43013,1192
29242,2904
12524,1522
29353,1010
24711,9937
11335,1936
29471,10180
42193,157788
17685,3562
11907,530
12614,2311
10126,183637
11362,220265
17467,157583
10625,189964
24559,9951
2142,772
1859,6099
10895,2343
842,833
9208,208547
10480,168659
36536,10738
24248,6917
32458,11800
10673,6118
1941,536
8698,5458
10386,167310
19973,9716
2046,663
13783,4406
2323,802
11940,1299
22597,10198
31767,33447
18212,9833
10656,1761
17906,10183
11606,295
29235,156081
42861,918
12102,33494
94260,15136
12186,4116
9039,1930
10785,6417
43786,11106
11775,782
15855,15032
26142,11612
40961,3125
11067,1480
624,5498
21513,233
10710,159496
1677,5626
26626,2964
409,1965
12093,572
40732,189092
18550,10718
3597,10225
21168,6158
21915,6054
3547,6038
870,9826
24808,1566
25749,188989
10510,4896
13821,3094
20726,6075
11058,3030
15762,1299
9360,10787
15080,548
31701,999
2662,3335
20713,4410
37144,166109
11626,2660
5889,1400
7453,803
41890,6075
249,10909
1551,6954
42113,10183
13920,6054
3635,5918
19143,3202
71805,3799
118991,1936
13853,178645
28209,197508
1626,177370
979,2754
31701,11737
19209,13088
28448,14687
44247,2483
5725,2496
927,7948
20408,184759
32613,2139
23051,160881
843,918
31674,229299
36647,202322
161495,4459
9769,14794
9501,13072
597,14514
1791,10508
409,1160
10576,9748
201581,1680
36616,12988
13503,3508
10742,1157
24548,704
40064,4720
14844,218182
245,1338
11326,10694
23160,3401
20325,10106
1487,179431
692,2843
10283,10714
1702,6259
31427,6091
17113,10183
61828,2673
851,2983
9549,3203
881,240
17667,1974
25670,15300
9451,15134
439,1333
8838,1812
4203,14534
992,175683
9849,10988
18941,187056
43774,14586
11240,3679
16198,188850
168,155212
34778,2081
16448,11524
42623,10776
241,1584
18998,9663
14245,162275
38219,293
176,13125
9444,158628
38732,3591
24382,2792
27062,10198
16113,10185
11133,6625
776,964
17409,3458
12662,6259
26156,6270
831,3801
830,1826
21539,2409
5991,154874
8764,1563
1958,5600
21539,187056
11114,12554
18551,2781
36222,14544
47724,3182
31602,170450
35796,178649
10072,225209
2275,236
26857,12999
38904,187056
20343,4344
1959,1942
19997,1326
10497,1664
13704,155233
3577,2934
10065,9398
784,2300
10436,4320
783,6194
27052,1346
132641,6038
18690,18001
9919,736
50173,15001
25768,5490
530,2534
8487,10988
20640,9799
9797,228357
50183,2111
10328,163513
26884,10048
9466,10183
174,455
995,549
9509,1930
13950,8430
1944,13088
46686,2231
21525,898
783,4100
31510,234155
43141,10132
8871,65
18183,14768
32015,13160
2900,3801
18274,2564
10133,11134
47957,10292
1632,1366
26441,9963
11639,10364
20815,7638
124963,10594
942,167316
198,128
7299,9503
379,5305
464,240
11107,2072
49806,10183
911,15363
11825,208335
10229,6034
75,843
10907,4147
24808,3473
9719,194413
769,214983
9028,1621
238,166462
955,33705
389,1417
47957,11581
4539,41410
42178,9937
10563,237
1725,2124
21596,10353
106143,15300
10999,5600
17744,10141
12611,2051
5618,4438
44203,162846
19971,9937
2657,4565
13581,9706
11443,159640
34595,3297
117553,196742
957,803
10613,10183
9886,6566
27444,9673
22614,193511
1049,2122
7514,14964
13823,2479
24152,818
597,156395
14698,1899
9555,10230
68440,196273
8953,10591
9619,14601
9318,4418
27545,14760
7451,1865
2669,168683
14621,7920
10009,179431
711,3556
37550,1721
14537,187844
25330,167043
1572,192707
21612,5571
9772,174019
31217,188722
10630,378
9333,9193
3529,11869
11658,158538
2517,3743
949,167104
782,6017
11031,4044
28519,3012
71943,180443
42538,154802
253,242
9027,572
249882,178611
22256,6075
784,2568
5920,10037
11533,9316
90974,4079
13528,131
6404,13001
1936,1582
15136,157215
62,3801
469,622
18250,10770
36222,9685
10105,11064
22,1319
25952,156039
623,159818
13245,10114
1923,1817
884,5809
24405,2483
8428,11196
18775,1576
9482,4565
12237,160517
45220,2652
43532,9444
302579,10322
23990,12670
47007,3248
9716,199232
11164,6075
8961,156805
9352,13130
25237,190353
18734,10183
9098,162842
31393,1299
14522,2673
2161,168859
41253,9016
657,179431
21666,392
25985,10183
10329,33461
11823,1605
11610,207449
9405,949
9098,237
867,3979
574,165368
14112,166770
14864,919
1591,1956
10536,378
17614,10198
11929,212644
805,172376
46498,1523
12476,14819
35080,5091
542,161207
1371,4610
10729,15363
11025,6876
19855,422
13700,5543
73,378
46681,162756
7341,15085
9357,6844
4488,13073
10145,3800
2017,703
16,13129
41021,12193
686,11001
4978,3560
180,3249
259557,185454
10466,155724
1891,803
10623,1384
40087,293
18892,162875
26291,165580
2210,572
9430,171366
38874,634
47340,3094
1375,5402
11832,173162
34044,238706
11469,13084
16314,1701
504,233021
27277,11004
2990,3202
10571,14534
3062,163533
9103,3434
45928,9937
13132,2389
8587,18136
9719,171595
16214,5956
52741,214778
25033,163053
11482,10226
60994,10183
11851,5340
7305,7912
196,10950
35612,158699
18990,2904
88893,4560
708,3269
30069,6075
9591,6027
9566,178368
52036,10551
9407,2122
39875,10714
2438,188991
10206,15479
11531,8087
14774,15016
25447,5699
48217,5420
11143,2280
608,3243
69321,387
11576,40870
10740,9736
54541,822
11549,14781
9285,33472
553,160488
312,936
12761,41402
33680,238090
7341,293
253,2149
922,2013
2088,10978
784,3536
43236,1415
24998,211473
22572,12332
10496,2766
9819,5923
55177,10183
10249,208289
26701,235834
10995,10235
19997,175316
1884,970
13531,169152
8765,2812
41590,10291
35227,660
11787,11857
10990,9826
17661,10093
8675,572
1627,13005
95963,10787
36107,10121
40446,11221
16314,15017
15394,10530
11881,11268
10696,162262
16082,10685
665,5744
37835,13142
18857,1930
11050,10163
12537,207583
984,10714
71881,41509
30973,2974
6488,158130
16703,207046
20637,10123
33278,13130
10882,3071
11336,10183
796,622
24711,5859
5137,486
14578,8039
11847,14955
41828,255
20723,10532
1941,5907
2469,4952
5925,10685
57825,958
172,505
12237,173162
9772,1562
563,2051
9675,13028
11507,2483
14794,11196
23919,13130
11703,6091
18919,3530
36914,163277
10670,167342
39844,2483
39916,10292
12232,5894
44190,10562
4437,3222
21041,14536
11054,6984
25512,215059
273,222
43742,208280
3640,3914
41050,13028
27726,3754
29146,1706
18079,168152
12122,4862
70345,1706
41828,2483
9967,422
24038,15127
994,11004
22621,10183
9573,9937
10786,2868
8216,445
18856,1295
1966,347
13373,10164
661,1956
23855,9713
38724,1447
31995,236553
102,12996
9443,2070
10882,3205
10156,4344
19200,10714
31606,1563
121,611
40087,213450
52654,187056
13476,6562
4244,1599
21612,14512
9686,242
37025,100
82838,158534
31701,4276
32308,1480
1713,3691
3053,3133
11577,5672
600,14955
47070,6799
11469,3098
24070,171770
2759,237
115,12670
14742,13059
1816,33556
43430,818
9382,1926
984,9104
2502,14819
36349,2483
107743,187056
55106,10226
1716,6034
9652,18034
11219,3713
42469,11221
9556,170383
31220,818
18148,966
39578,10183
9458,12565
13963,6027
24645,8232
11911,2652
40947,187056
11856,3203
12622,3230
24153,5608
11542,158276
10711,5340
6277,520
14334,186830
9486,2011
1632,5664
27102,7368
2108,6291
10127,14819
2264,1411
607,1308
37431,160334
13899,15211
19119,5970
826,907
19094,1556
48035,11001
20024,11501
10448,930
4551,10712
8961,18067
2546,5768
12106,9748
8052,549
45509,157204
22642,233450
1574,165676
23160,612
62488,10051
6552,178265
41670,11001
63945,226457
9070,201635
23518,41249
32015,9887
23101,818
14873,10787
11368,15226
617,3186
11062,6149
46978,1664
1639,2799
4011,9887
1705,4565
13936,165826
14924,164359
655,18034
988,15483
795,12670
11216,157499
10409,1706
10685,5340
11834,5331
10436,242
9619,3623
8393,155297
10223,380
1927,18047
913,159531
6404,10183
18317,162846
265,4344
17494,6149
20813,90
37698,13142
22478,221686
10987,13140
18420,2483
1842,9672
14484,570
12227,162726
9474,156212
35412,339
43532,186951
14807,9950
163,159491
823,321
6476,2492
34093,158142
48482,3182
25237,10809
401,2467
20334,10332
16161,9727
11796,9736
10728,5810
25364,195402
1687,4392
10843,9826
9362,11004
27973,12371
23330,187253
218473,187056
18892,3734
35861,4320
41003,168750
204,6059
4836,3152
12775,14643
242,716
65203,162487
9674,223036
29723,172594
9820,10132
25627,12377
17487,155877
1281,5373
27475,187056
24679,164881
7131,162729
6075,378
34106,182625
31526,2011
196,1582
43889,220106
10246,572
867,572
14919,9717
15660,168196
14022,184017
32872,188987
3086,395
18274,4097
12086,159289
12589,14643
414,10525
1365,531
12647,6220
29959,7994
8208,441
11385,2857
120,611
26635,345
9424,6149
9953,567
343,11487
10560,733
60608,187056
13768,10809
11596,9820
11846,13027
9631,14677
11072,5744
28971,4118
21515,208953
218,83
10494,11322
19382,10075
24735,6148
9073,2526
8078,158993
15394,9672
667,2041
22572,2964
10831,6023
8810,3713
1909,9673
11008,11138
32600,162327
23239,10183
400,34094
10028,242
923,4630
9538,9678
44247,12339
830,5721
10849,242
1433,9826
1277,572
9545,162031
4176,3279
9871,1525
9822,690
15209,293
314,11738
49640,163127
24065,187056
11589,3072
43128,4748
934,10712
19140,156099
63054,168346
24808,818
8818,549
41801,187056
11033,6025
12657,4630
12715,15111
9623,1936
12079,187524
4970,1453
4174,9937
27430,9823
2460,14527
813,567
11827,5540
31923,222174
45129,156196
14136,179110
4327,5248
9728,1889
575,378
10494,202519
66946,162739
10604,8011
678,155436
13950,167925
39907,6712
2182,2766
54860,3436
36372,212
149,210024
36222,1419
25944,3133
423,11102
37684,15271
65,30
5549,184213
9919,5920
18113,237
6415,5939
3117,4005
3131,10084
19433,215268
18190,2301
9612,1603
10149,1621
4639,41019
5923,440
345,314
24662,11477
10402,3473
102933,570
36648,9259
10547,2212
28430,10150
1968,1463
23102,33384
1954,2583
101,233083
111,947
10366,40850
425,990
15209,10226
24808,952
3293,5565
634,5600
763,157624
8325,572
75,1705
12262,198492
26626,204151
2760,163119
29067,1852
3176,2041
2667,5147
928,6247
6072,242
19819,6496
925,577
996,155436
9770,736
1725,542
69848,6092
10054,848
1957,9937
9519,3149
88930,4620
19971,1939
37557,6464
1051,916
12159,6155
34604,170085
13702,9835
29884,10229
36915,5385
32872,12663
16306,207569
31923,165503
29461,208693
779,3133
1712,934
20009,3878
838,2016
8840,8087
88224,1566
13777,10183
13820,9887
41791,187056
9716,190161
31503,12377
681,206694
36648,40884
8467,5303
10314,165100
4592,14751
27429,12377
29005,156018
3586,12193
32082,194230
25392,162630
45609,157258
11879,235226
864,3777
28156,2438
11861,33694
532,6139
2142,11730
424,3599
10339,2580
14873,44453
16184,4344
105045,187056
992,181485
10452,8846
9461,780
2163,6876
7501,798
1547,5532
12150,242
8922,4528
12520,9826
10548,155392
88,5600
19426,34265
88174,3182
1918,549
2640,6270
3079,10125
43143,1262
11673,5330
16428,160815
14040,6075
9889,236373
846,3271
18148,6069
12278,6278
26643,7376
28162,3012
64568,2564
20640,1480
27016,11053
6415,8651
10776,8183
23942,10685
15239,157675
42612,158584
9791,5643
30718,184984
1643,90
9092,41406
522,886
9611,197081
19933,10683
16328,10814
9374,14752
19426,35554
17689,168590
32646,1279
34152,11093
9619,188351
2149,3182
10803,10685
9459,6027
2246,4617
37036,6845
18871,33725
11543,167570
14664,108
14168,612
39578,1299
603,310
3110,12371
15875,207592
33994,13078
409,1969
421,2045
42695,2020
46989,187056
679,3801
9873,417
955,18031
25066,9707
99006,226543
31509,5739
10728,14751
110643,14765
10831,9003
8851,167149
11162,497
6646,2041
41653,155275
32076,6158
10375,15090
10342,11870
10057,14577
9406,13001
36709,1956
18620,10180
577,6018
17745,2630
9519,10183
31225,155419
18555,331
25364,798
1734,5153
9680,15087
39929,10266
686,15246
16171,34161
1398,4896
44932,3593
11974,6876
26255,1605
32636,10183
914,74
296,310
19381,187056
16888,10337
11422,9240
43423,191647
8843,18525
36048,10183
9343,165870
11489,10707
29318,6380
10592,4595
1483,156596
34379,915
10608,191600
10646,5887
42518,189099
527,2300
37943,2041
691,2139
40440,113
564,1499
494,6277
15371,9717
2928,12193
18047,10163
37722,34079
13580,470
17182,204959
18923,818
14881,155291
35073,11100
9691,167861
14615,9890
900,378
4488,13130
11252,8627
14676,188154
11308,572
250,642
23160,159944
1555,12105
23160,188991
35343,15009
40508,14536
1586,3598
14819,2064
2787,14773
605,6256
36536,7038
11123,202188
47821,33485
201,1430
3089,9748
31703,4078
64963,226376
9340,12371
311,625
192936,6193
22,1860
13703,1824
40156,158431
41857,7150
550,851
18856,10183
40364,1328
829,207268
14929,570
52470,1307
26842,197284
9610,14665
37266,215590
37992,155436
8879,198141
14709,1415
26889,1501
60645,6029
13950,169161
6440,12193
3596,40847
54007,208870
2362,1582
28503,160588
10855,12366
404,380
31685,157943
8741,14955
22733,33611
11713,155065
695,1332
11596,3030
45793,10965
9424,13130
522,2793
11470,10089
44559,9904
10394,13142
783,4104
3586,6879
110428,160174
27099,14714
1791,2486
11864,192639
13765,33966
8388,5616
34760,3558
31583,6259
20287,1556
16769,164745
34093,11512
21168,10163
30192,4528
13376,14964
9277,167424
1816,33934
9103,242
26954,612
18776,6165
20532,5744
86182,10181
12093,2483
13533,4432
186705,187056
57351,3289
20787,161176
12121,1874
22561,977
10351,14819
821,4172
27115,157351
2636,159358
9255,1400
15506,187056
9956,900
10952,2231
61337,745
47007,231388
9294,13005
34376,2343
17692,9663
2604,1010
744,3851
11236,14636
28177,10292
22293,2858
16131,6464
12623,1417
2024,10292
5917,11038
10868,570
10209,4320
387,321
11059,6110
32067,879
11831,3441
17915,9767
51144,180486
468,588
17047,188178
430,2107
31918,41393
2157,168603
11418,164889
1621,5626
2280,170710
32489,612
48862,6878
11469,577
8744,1419
19610,9840
12143,1803
9382,1849
9403,6935
23383,497
33680,9661
11521,2051
34528,907
2264,6461
234,183944
11985,4951
38,1566
24188,2168
46814,2807
23160,15111
29993,179575
49225,2087
2114,12413
14337,162356
10735,15300
20980,570
5143,6635
6404,13005
59201,168889
41828,12339
978,1201
5336,131
18,679
8810,205624
796,9673
18392,9826
273,33648
15209,10791
26774,5331
4480,10226
10557,5471
3080,6415
10344,181304
52794,818
7008,7856
30923,15199
7227,7890
336,570
938,207592
19933,9825
31465,159607
2666,2964
9208,13008
141,11011
9675,387
11570,12988
1653,6460
17037,65
10867,15184
28571,9673
4233,10089
586,6085
703,11687
54655,9673
32569,7570
9276,206364
52782,6415
2260,739
70113,195402
3040,1552
10342,166262
43774,9276
830,14825
19094,10123
922,9454
713,1664
687,378
18,9673
14554,9826
9312,10292
78177,9833
40718,818
15050,4563
38135,10183
145,240
12251,10452
9298,2569
42569,10241
38772,5303
9457,196917
962,1691
32767,161207
28963,33673
10141,271
16790,2551
11428,4553
240,10909
10776,3487
41428,4375
18111,15167
10234,10714
35170,9390
9739,15483
11497,2411
10223,33672
1430,1329
11511,190536
37112,13008
15805,230775
20009,255
21210,738
8991,12377
4824,2708
207,6054
10320,9714
18193,2957
5769,5626
17589,2011
9759,6110
23916,156158
1893,1399
620,6832
3396,5654
9509,3036
26725,161276
35712,3182
6183,10041
12618,208397
14267,259
1637,2776
11467,1907
18193,3307
169,1601
20545,7606
15515,10685
33155,3290
94666,217409
10009,2522
9566,178372
9574,6348
1018,3183
10575,949
996,4618
22387,2504
10081,14819
5729,9887
78,10718
10675,4183
11121,18035
660,3179
12524,697
469,1244
15673,824
66,833
9271,4286
35712,1438
42848,10183
31835,1674
38560,797
18871,159688
11123,10617
10276,2415
638,3017
9905,1253
860,282
23160,163758
16876,258
24924,9712
16780,4426
36243,224673
11028,9826
11506,10183
851,156924
20238,33601
78146,207268
48217,13129
2056,5290
10372,2486
962,9880
16288,1889
2005,4009
1092,4100
4909,9937
31378,128
39176,10541
9877,3616
23148,189920
19819,8029
27405,17972
17136,155436
9063,10183
28774,12553
35233,1484
199,49960
12777,10685
10144,11017
42541,242
2593,90
687,3440
1103,1543
708,374
47542,271
6619,3258
7216,10327
2637,2669
12698,181566
7219,157532
23832,10473
5729,572
36647,162301
13785,158228
15647,2606
389,6040
248,14512
20287,14819
37135,2393
32613,170335
177,1873
13665,210692
16820,1576
12160,6165
47951,7486
15413,196549
15660,10909
1694,6255
26665,10909
8346,160910
809,2343
40087,10714
48709,90
9092,6187
10890,1595
838,33885
113,1532
377,1468
345,826
2275,9665
18417,1646
121,6092
8764,11931
31357,15160
14282,10614
1092,1201
42569,255
2786,90
10547,14967
25300,157367
397,5011
11008,162257
23325,6092
11524,9031
3023,156033
6264,5895
13466,233604
2767,10794
751,3878
10585,3392
4789,2428
2614,6380
233,578
16347,9673
8009,1400
667,1293
51363,242
3526,228692
5187,158718
10743,159607
28761,886
342,271
11571,3130
19728,168615
15300,174245
11247,221039
29735,1583
10692,9826
71881,14828
11698,192519
8649,6795
12635,164698
6974,11100
680,4076
41205,1956
34614,1253
49842,4480
36068,2020
28289,428
48750,745
10371,5401
118098,818
11844,13042
29938,9831
32569,4484
9414,6034
10823,1415
51104,10617
9471,4289
820,6086
1994,183225
940,154786
53198,1388
11051,2052
11224,2283
26488,1228
553,2827
16889,160159
28124,155457
19174,10601
11850,17995
26291,7464
29787,209152
41280,33513
27503,154802
11104,185265
13965,2753
33016,180340
962,180808
9739,2598
493,158741
830,162801
387,226473
76,233055
47886,212508
14905,393
192,161258
6552,178269
817,803
16220,9887
10877,4918
826,1261
1389,3303
1368,5386
14805,156121
562,949
10549,41410
617,3190
165,956
840,4212
2321,11578
14052,572
20287,1666
29402,2968
32646,852
1591,156702
27549,164218
9549,3801
11657,9727
10856,395
84116,2483
994,9748
2023,643
18555,10508
10774,203289
873,531
9740,18525
38939,233237
6593,161791
9098,6149
11601,9826
11429,13005
8447,182662
470,3927
407992,10183
605,1373
43802,10235
14258,836
303693,207901
21055,9673
9479,5570
11446,970
13373,3431
5879,1411
9409,8233
10587,2993
9692,187056
11700,3752
1878,167812
948,10024
11158,3256
14013,10456
9741,5451
6961,187056
56156,154123
10693,334
8374,15321
31656,156766
55058,11590
10180,5707
8386,171236
16233,497
32689,5369
9261,10180
103,422
1040,163048
842,894
10989,4115
33506,14882
31083,10683
12212,886
242,720
280,14946
10635,187368
9411,11001
319,1666
9103,486
20465,14531
10173,18035
9423,1806
43089,5657
237,1422
22033,14546
1377,4034
47955,1437
42622,10310
16508,9791
10299,3306
10987,12339
8467,18326
8983,703
8741,4595
12223,171587
43079,733
12086,2754
49397,1701
34528,1956
2661,849
16314,193549
4380,1342
11197,1756
10575,441
11354,572
21131,10217
10547,162459
32041,1295
51049,208321
12185,579
10608,1399
10780,5153
15170,187056
2887,740
334,163976
42201,10590
18764,14743
9675,6563
9308,11931
59051,187056
9096,3664
11942,7172
17295,789
14035,161145
220,30
31498,234740
2191,187056
708,1610
10490,7293
47866,173490
2749,242
840,1447
37288,2679
490,2869
40694,10183
13667,159558
32284,14766
2118,703
8740,254
10028,246
7093,3071
11429,2885
50677,387
2071,9937
2149,207268
10849,162262
14664,9748
29778,155730
303,33626
1713,5736
54003,6021
25641,187056
16934,10714
319,2150
31498,156243
3515,9748
13820,13006
12530,1872
15028,14751
6415,10131
37144,161982
12774,549
16938,175514
31225,234107
1588,179431
9414,720
5689,566
5966,3582
45335,9799
39927,534
10065,172280
11474,3149
9279,1991
2546,108
60672,4720
9624,5175
26710,162225
66194,1227
34376,3071
9470,780
65889,10483
22561,6027
30497,11542
22692,837
832,1752
29204,1416
11800,10818
10981,12392
49397,9890
788,2341
2527,9937
42424,630
13936,9454
18355,949
30666,187844
19740,10238
40810,1336
10909,3306
192,344
11937,14760
38618,7347
19383,10339
12716,1649
29142,10880
39930,14819
41777,206210
843,7879
17810,14941
628,3136
15080,2382
11306,6731
4593,236316
12205,4237
9429,10254
625,2956
11601,227655
2118,11925
11850,14909
11820,171459
17208,5521
32622,10183
16780,9663
19463,3098
26517,157799
40685,172112
9263,170521
948,10776
31640,33461
31868,6278
24236,642
404,787
34223,14819
5921,183528
19997,2676
28498,191194
20197,975
4984,417
3526,12396
11221,6092
10246,2483
40028,428
942,167377
843,3691
310,542
10345,33699
29021,3799
13199,206319
20375,40847
14831,11697
10331,7246
1277,255
14271,6075
11,155336
43103,818
9366,11578
1936,4542
10560,6027
66918,210614
5765,4926
17771,155375
11040,957
595,3011
29064,10870
37094,3612
50627,2693
10490,2784
1734,163306
9654,9748
11300,10123
108059,4458
36488,176227
11836,270
508,916
46592,1956
7514,4637
19426,34269
500,233072
541,2694
39907,11872
18771,6895
22828,8015
8216,167352
66,9937
2463,12354
1374,396
1578,14687
425,158017
29173,2041
39930,9826
1939,5918
5486,1583
24816,246
34288,5619
4973,10941
30890,158071
9027,2727
2666,2887
100167,3688
26954,9663
53113,163599
940,4289
10132,3851
24924,3335
12090,3455
144,211431
118452,9789
11891,217324
41670,14819
4896,6987
35712,12420
32872,187999
33339,34333
745,1452
34223,9826
14881,163671
5185,205971
574,2340
26291,10123
1583,4630
8068,18026
33357,378
3063,220648
11190,1571
5001,1756
29242,4551
10699,12193
12160,798
11560,15108
344,378
26626,40879
13783,1731
28528,187292
12707,5359
9276,13130
29852,209474
11371,159422
38006,161279
1927,13005
1092,4694
9261,9322
31442,4551
7214,6496
43150,1530
4415,1563
16307,6158
21168,3133
11329,219605
19133,41240
30497,1556
11023,187056
41480,4344
18671,187554
6414,3432
9472,2283
29343,2804
14370,3290
10590,14601
707,156095
7975,4653
36536,3875
9942,6075
15007,236523
31923,5614
53157,9826
96713,15160
17204,1468
10573,5331
36630,3134
3043,155493
8467,167591
18,2964
9778,7597
616,2802
279,160279
13791,5903
1712,1556
707,3289
429,6092
5549,6149
29161,179878
80218,9673
39907,1402
19204,164092
6075,9673
19094,10180
60672,345
17058,1667
16296,191327
11397,6275
14664,192248
201,12388
41938,6149
23114,10388
41670,9826
76330,3282
22682,209346
11929,12193
3001,14789
13581,3030
754,188134
9942,167875
20298,195402
14369,11830
52794,1009
2605,14544
13791,776
18587,12339
31417,33498
11329,3012
57684,520
2292,179430
11052,1299
21032,15162
12702,12670
9667,3298
867,15128
85689,6377
3309,10644
53198,226869
9806,6110
5822,10601
1802,13097
139,206118
11546,208260
24248,3571
11054,236336
12589,9951
24382,159339
11313,1356
10246,156391
1537,4056
13199,164253
4464,5571
34778,2439
98,18543
3089,7658
17614,3038
303,1627
814,4375
9930,3012
462,14768
2020,10911
15559,3801
37900,14536
26124,187056
19405,65
8413,188989
938,11004
16889,10280
11071,1812
1727,2172
45578,4183
21159,166512
34377,10181
40760,3616
13795,4676
27331,1415
4133,3391
4551,3605
11852,6054
11675,14819
12775,10085
2440,158538
10110,1485
17590,10965
676,6091
10921,9021
13553,5918
881,10181
441,3675
20127,33632
9299,207844
19124,2956
783,4108
22828,11211
10072,3363
74122,2393
34595,9937
585,1299
14022,12532
274,8087
6974,10539
16938,233450
661,209966
2604,18034
13,818
9357,170344
88,5767
96,1567
17263,3134
10158,6054
9277,167428
7506,6377
16635,4106
13380,65
14551,168547
15171,169903
14390,9823
44414,40895
15647,178316
31217,13159
8468,1909
13912,4129
37517,11454
3088,9897
29778,15032
10648,5439
9494,641
9591,4344
11558,7658
39578,6593
9909,6610
337,1571
62,12185
38939,175387
883,1010
42222,10965
8224,155790
11637,1926
30237,14534
221,830
10696,2751
18274,6305
2019,4323
9582,9713
9837,4152
38884,2109
8386,162836
42758,14687
9352,10776
9086,293
26949,2504
3079,11581
11979,2011
38880,187056
10137,7714
26973,2411
7007,4530
16184,1262
10122,9951
11702,1376
46973,14742
12653,11038
935,1402
23928,14643
11364,3321
13373,642
902,402
9453,1817
452,2417
11429,1706
40841,395
4012,10144
1430,5037
40374,14669
5071,394
39907,9725
11601,14742
8422,226023
17897,10107
1040,3720
10047,190532
25473,3713
303,195402
12615,1189
24662,208586
69069,5657
9730,10714
279444,236
11615,208647
102933,6027
702,1565
861,836
10992,6088
63,4458
11308,2483
9458,156788
28466,642
3040,11221
15417,155262
5333,2708
1957,2801
34082,4344
3117,4924
18573,233450
20298,769
65550,1326
26278,5404
10525,5720
425,166958
3059,154802
425,970
24662,12396
9716,197362
21210,258
19324,1900
4244,1660
1572,258
29904,191146
838,3740
12485,5493
21512,11221
9769,201490
47939,187056
31916,11612
31602,15237
12253,10726
1884,6187
7340,10048
691,212
8068,953
27601,9663
44289,1566
39209,163674
77936,9673
11943,2805
867,184312
50627,9890
2749,162502
5506,642
2362,6876
32020,567
24008,14749
42040,3036
15121,165485
26946,11034
9285,11870
12521,41594
13899,10950
339,1786
38360,10141
26484,966
88174,11322
947,1975
43117,9826
37214,6092
302579,18035
10843,202560
105,830
13199,2400
12665,18068
105,189449
22727,220011
55441,8570
33642,5283
11081,5422
1701,1568
11121,154846
11327,5034
48677,11134
22189,7937
2788,2566
1894,13027
10591,222174
1538,1812
11862,2246
1599,10183
627,2334
41426,9826
505,4585
9876,12670
10246,15075
41070,209701
82545,1556
9317,5310
31527,160279
4043,2793
11647,3149
63115,2658
8963,4410
26258,10103
5549,15090
9095,156033
3640,271
10586,158215
18398,782
10480,168643
6499,387
35694,10183
19158,158072
40718,191080
2546,4674
19101,15300
79319,15001
109,2039
26522,227890
18172,164852
9344,2201
56235,11103
9028,1442
9306,1706
1594,159550
1373,3190
10180,7508
11791,10541
39907,227420
27495,155024
9598,8082
39154,3888
47350,680
6439,3394
29444,10685
11257,5832
11712,6211
12509,3836
28124,2492
65137,3306
26973,8640
14698,189400
33324,3291
10133,206690
71138,233
11543,167550
11859,1930
27099,894
8046,10768
995,156104
10559,14601
48211,5879
36536,3151
108266,1502
42254,4320
19236,291
10601,4418
41780,13142
13685,14604
17795,833
24226,10498
10347,90
20334,169965
943,167309
15813,2624
11033,188960
9476,12965
33324,11935
13550,172841
48385,12572
30331,168346
1701,15234
4927,10683
93,10909
4484,1228
9471,642
30331,9713
473,6255
12590,18031
15596,171445
17941,2673
492,616
69014,5638
8072,155518
11033,193282
15647,10181
841,2280
42469,5484
8869,158188
12208,3101
33020,6506
1573,11720
38921,2619
289,2652
2383,2805
11121,4402
30718,801
89591,161257
43130,33673
9555,210108
29450,166512
3179,585
708,378
49370,33519
954,10988
7340,173971
26593,2052
18168,5301
45219,160742
43461,195402
11228,4776
41848,206850
2212,3703
30159,10093
9343,157929
32030,4948
18408,9790
29161,14805
1945,11268
35861,155793
31962,3637
22033,616
601,3243
41671,162846
39462,161791
17687,13142
99,108
1682,210614
5333,10226
40374,10644
18555,2539
14022,169152
3529,1436
40876,2150
43522,154123
26198,15001
11606,164657
280,1366
10098,41005
594,1638
11074,5446
3077,6737
112969,745
5121,5901
9702,206318
22797,4924
16296,177316
9082,3063
113,1536
52038,4729
9896,167043
8219,34038
77448,12396
192,229826
12611,612
11418,166129
9840,5248
1281,2535
17663,1329
26352,1812
11624,2376
44326,2483
1816,165244
3682,14964
1052,3026
44098,9758
36647,14760
16399,18171
20213,236488
21137,173919
5521,3715
928,1852
30379,4565
1832,179430
18588,155552
11615,174420
1059,201864
269,1014
19610,2570
113271,6075
9667,6091
47697,215255
9679,5301
13203,4932
18892,171556
241,207691
10497,2587
5729,166109
57100,1812
159,823
15121,7954
29514,977
4476,380
40562,10183
16077,198343
20075,176546
3547,9673
30996,13160
11549,200054
18929,222805
9654,10476
42193,180216
14293,10499
45379,779
53117,10180
851,3451
926,179781
9493,168213
28963,255
2164,11402
18197,18028
4507,11510
41495,40898
23160,1775
10622,1650
9426,4753
28257,9016
39833,393
23739,779
265,835
1411,6548
2024,5600
1573,5572
7305,11116
13995,173775
2263,1417
553,2831
9666,9714
3782,1759
1433,572
29437,207819
32302,193552
1415,9713
14444,3725
1610,212
10364,2532
1654,13065
884,1926
330,1718
68347,9663
12105,2178
16958,10562
436,13149
34327,8637
2163,387
15371,6932
3484,186692
345,1664
85778,187056
14578,33740
10385,1156
698,156095
31593,159909
9257,12670
12228,279
42424,5359
41280,155532
9021,1526
25944,2389
692,3445
26964,5824
2383,1329
23942,9673
41426,10123
8221,549
1807,1583
180,521
11553,9322
52263,161750
8428,4630
244,3799
106230,237
2990,155724
923,3431
12775,161257
10882,7430
73621,6149
643,208568
497,2881
429,9503
26522,11110
16888,331
7007,907
9442,5609
68569,11508
11065,9713
913,159539
12724,3099
13497,171260
14589,173685
5332,14735
13815,14964
17711,10267
796,2887
11377,179430
39907,11579
15018,222769
15037,5801
23319,9716
51230,10183
20379,10039
9827,221663
42622,161242
76464,4344
36606,12093
635,11221
19850,6593
238,10391
10697,1326
13245,9748
41464,236
13428,8132
5257,5657
3033,237
18784,1956
9691,1666
28313,3012
32015,6057
27958,12420
887,1956
12702,3249
27332,572
187,175593
28377,188552
902,4484
623,159802
18113,11870
65203,215678
657,3278
33506,14886
11338,596
51515,10148
31682,187579
12237,7345
11336,14676
704,704
19738,13092
11088,1321
21056,10322
11639,188847
22688,9673
12502,955
60966,190283
36599,10183
72613,4263
32872,9825
11121,9826
95015,34100
249,15162
9319,160159
24679,164889
22318,200784
17113,187056
44490,170179
12721,160488
16249,8338
10772,3568
1672,9748
10676,1004
22998,186376
962,1321
8851,9732
11011,175670
10547,162463
37797,33910
49981,10229
43612,187056
3063,11333
28216,41596
10279,13088
76002,173186
845,199939
764,10121
12262,170124
402,1664
47957,5767
20640,736
15028,3667
12520,572
9377,179431
33251,2401
10632,7202
85255,167124
9459,4344
4499,570
583,236316
43488,131
4241,5809
28171,187
11797,4769
22627,1019
6878,818
17707,3434
45874,5627
23160,164193
12615,494
18513,210386
955,12965
22543,15016
11469,13068
29507,9935
400,2022
11463,229917
3596,14760
10072,179878
1680,5704
14615,155402
147882,14577
8989,11220
195,642
613,1443
29884,1459
10972,222
4547,1437
8698,232533
11008,9052
15849,224329
29471,155375
31945,155539
766,10327
10495,4480
11380,2231
11249,41230
859,2045
25673,41185
20539,10541
510,6334
40446,171582
149,1815
27104,10183
22230,10183
964,90
10216,11265
10223,3800
5503,226499
1815,1402
69234,11162
49397,5572
37658,11061
751,1735
11468,6691
45145,9468
10714,6731
5155,924
11373,3051
13908,179430
776,90
13376,11508
2042,11872
2124,2340
8095,194576
9599,162365
86483,208806
363,18035
342,572
11574,160583
11826,14819
1058,9937
575,736
62124,254
120328,9721
35068,9748
39578,3133
16,14536
6414,1529
23531,33451
36095,15271
43693,5565
8741,4278
18172,2007
877,520
10141,2613
334,3737
21253,441
2323,7312
927,2081
22842,2792
90974,10292
10780,1453
9684,242
23330,549
34093,186071
20794,33780
615,1405
625,2960
27397,193650
52841,4525
9378,33618
21059,12396
32488,2367
28580,171567
11633,2964
36344,9880
541,2564
422,161288
34760,236
1369,2957
2899,14704
30194,13130
16406,9376
26,5907
12101,40847
259557,470
4886,5420
429,2095
11854,815
10385,1453
1880,1008
544,155457
2022,3452
8696,392
11817,160133
57946,187056
11008,4409
40430,9882
30315,195026
19893,1422
488,2517
10601,2434
10882,4344
11804,172812
17185,14852
31603,193006
9396,179430
8428,2483
954,949
21734,703
12655,11018
11417,3407
11482,90
1907,10776
18674,6149
6404,3133
8696,8097
562,5572
60285,15225
11826,9826
10575,258
11335,1009
600,818
16539,7984
7984,11196
28916,231769
22994,907
38096,13088
11072,8009
46625,208904
41913,237
13817,187056
11973,156661
54979,41579
655,380
17057,195402
310,6157
36647,9259
777,6091
1792,10624
42658,14906
24,780
49410,9887
27090,1653
910,395
27098,193547
10153,1826
37347,10089
14245,162019
3482,5918
12503,1228
36677,4458
10653,1157
9607,83
26393,6038
1126,3371
30114,10322
31498,2904
279444,293
42218,158091
402,6149
14924,11053
10631,8616
15802,549
14136,15037
10747,3591
9806,1308
978,1262
5486,6259
79319,41393
21159,13092
9825,14760
23847,10601
395,1297
2,378
21513,3628
644,803
10173,9826
23160,246
9605,155955
19204,210163
14398,9826
237,3012
303,2652
2094,5694
36647,40884
509,2566
163869,13028
31498,1160
32646,6898
8697,4289
216794,10391
11712,1462
24750,4379
60994,187056
33738,4344
975,1627
21915,9799
869,1826
5879,5579
20075,8224
39939,2135
81,2964
9768,578
979,6149
9604,10175
451,888
2086,477
19049,7028
24481,5728
24951,3875
9824,11931
14729,222784
11244,542
44379,187056
30159,6149
10496,176256
18900,154846
24873,9748
20075,169085
47449,187551
32023,157185
377,225209
407992,10163
941,180668
1923,9937
1630,158558
507,726
2771,175340
18910,11001
11831,2831
792,10787
302,212
8012,159608
527,2658
11797,10327
1365,970
18079,6149
9509,10668
1577,779
40913,2334
11042,41589
71140,199221
37232,33500
1277,1227
36536,169062
195,11677
6439,7639
42218,9741
133919,6038
2330,3330
4587,9991
17102,41380
5185,229440
32600,5288
12649,242
2123,179431
616,2001
8810,5657
25066,160322
10867,34038
112,110
8672,7281
23941,2483
2098,14570
47643,128
115,163045
4909,3098
24382,159343
10513,4382
34857,497
10692,625
10553,2547
29095,3358
24062,171036
242,700
10137,818
47452,207716
60951,4478
704,164224
20246,195402
13368,1156
25237,6255
5822,2095
11236,1328
916,818
84214,15162
30197,4344
37920,18035
13703,156277
201,6110
37218,213913
14537,214891
23941,1328
11825,4668
46798,242
10794,887
9798,2051
32208,207254
8963,3312
26475,1326
5503,3437
11519,1956
10573,3725
32044,293
14283,4721
98,588
47653,1946
17962,10938
9027,1605
14904,33768
82432,187056
40423,1161
11855,10183
9411,9826
69716,5657
11615,12193
85673,502
18941,33457
9605,9833
10557,6150
40219,2766
11959,3586
8872,2571
10547,10222
1370,5389
39927,10768
27331,2708
489,2462
11951,582
68,4565
28288,15160
35161,236
33320,194424
42514,612
9826,10787
17813,13028
15717,14735
9021,5153
16618,4344
451,567
15992,3030
638,9844
3482,254
11373,449
1719,15160
3766,2682
18311,13059
11610,3298
11370,2011
10511,182794
24066,4373
44018,187056
55613,3307
10656,1936
775,9951
253,470
4486,741
11357,9826
14873,18155
43739,225878
23943,11870
9705,159401
9674,4333
10975,2652
9595,4671
166680,3476
42122,163110
955,14819
8293,818
14626,214647
36606,50244
70,3737
18561,9937
28055,11040
21159,183215
452,2421
4929,157136
11660,212
9909,155582
1412,2874
11543,6075
1018,1284
11042,13160
9637,3392
1678,161791
32284,4142
16442,1701
15849,5484
631,11004
11005,33977
3604,195446
4911,10183
841,4565
2721,9665
8467,1420
1580,4942
9487,4295
29371,158718
4241,5919
502,9937
38965,4896
8386,2463
11302,2020
14429,10266
10169,169110
41280,156260
10654,460
19259,3977
11708,7313
10363,851
2164,11325
10625,12392
16973,366
6278,173914
48797,197365
48787,3713
42048,3983
18331,10508
83562,178643
11503,167085
11654,4978
9499,5159
4482,4580
39907,157758
11659,155294
151489,5933
8818,165716
12104,292
191874,11728
32569,15149
9995,4344
9902,4959
11572,156243
45169,4458
769,1196
6007,791
2759,193459
35080,1936
19,5966
13188,11436
10212,193167
44373,10594
43643,4414
821,1631
2502,10562
11429,157444
251,1553
49565,254
10052,3769
10881,198158
11688,9360
16093,34117
7984,6150
433,2246
571,2589
1541,155803
43897,3136
698,3801
983,9713
346,5330
11873,2276
19155,1946
293,1495
9318,215575
125413,159315
86404,549
11570,514
9395,591
780,234115
4464,2355
11971,13027
170430,6259
9268,502
22112,195402
4958,271
47697,9673
39929,11510
11646,4302
38800,184975
25319,3098
10676,1382
833,172971
3529,197362
11864,2902
23949,6270
10909,387
10802,1663
11178,1552
35080,11869
11706,2139
8273,3405
178,155530
9481,5340
24742,14714
36210,6069
65448,378
50374,221083
32689,974
14,10532
1835,2619
21989,195732
9506,18047
8769,11500
12684,2673
8009,4978
43004,41599
52782,154802
11562,242
1573,502
26103,212606
912,4480
9077,177275
29444,158584
14578,12105
10632,10024
3112,2872
35717,224663
8074,2957
10586,158219
9426,4005
2182,6401
56235,10168
68822,9673
28794,3358
863,3800
11465,164810
12100,9525
29473,10594
178,11018
183,5301
43143,3124
16220,11237
22727,2483
20815,11196
31640,207268
9654,2157
25670,4066
11942,161999
8463,10180
29987,10939
30159,187844
10683,10183
11543,167554
10544,5657
78208,10180
11033,15271
6072,14831
10020,3259
9605,8841
27591,221255
9472,974
54003,159909
9382,10180
31696,13068
9833,210184
18674,782
15136,157256
32284,572
3062,165184
20482,14512
8043,5552
2832,2669
46702,164296
11326,11487
13945,3571
16081,156507
10179,196377
22994,1956
10973,1299
800,2981
30890,221756
18900,9826
3132,160364
634,725
967,187340
204,6124
9472,8679
291,2006
40810,779
66588,187056
37135,5650
41038,5703
10868,1680
1648,5540
37607,1968
10996,2639
41801,156651
55207,191476
10137,13142
1649,10875
37146,9864
28026,10768
66588,18035
40775,10909
600,169144
10330,10707
38722,18035
337,1872
21386,4344
634,34094
13815,15155
9061,9748
20472,155619
687,3448
2832,4897
14778,10183
11969,5074
1923,703
1090,2423
6187,3183
11026,9714
9429,6664
15278,12532
39907,11181
14168,208008
2788,2249
27117,9401
44190,155436
6644,798
23685,33465
10729,159700
17130,184355
12237,208048
619,12670
24106,195858
11694,5600
12548,13149
40772,5767
5558,33841
25719,10329
783,7926
10349,1936
11337,2677
125052,14604
592,2340
1585,290
9506,2800
11067,169229
10029,9713
31563,2215
900,1651
8741,818
38978,9672
31608,9714
2102,1826
10858,5565
46727,9825
753,5809
387,1915
41792,7312
35031,514
7227,160062
26347,7973
8427,1930
75552,9454
10342,445
964,171612
8677,1453
4241,739
14703,992
10776,165324
33253,10714
12120,177406
9101,339
31685,208666
15121,160175
11712,417
34326,10085
4816,156154
10865,2768
106,1291
10490,156322
3640,2182
14746,14736
39907,14698
9411,3036
31618,154846
159,827
51179,6399
19448,1415
40507,188907
23160,490
31835,234303
575,2887
15136,1335
11702,18026
83,5251
8834,6078
11176,155352
24099,2860
80351,11020
26038,238812
957,4040
55699,2139
165,830
27723,1524
564,2906
275,1361
18621,9937
45145,4048
592,4918
57946,11192
30159,238046
18193,184392
55731,10508
1994,156630
11519,12670
11365,1862
171,13027
47144,165364
35119,5657
10083,1849
5511,6149
11881,4543
11112,5628
11527,12965
11684,7644
71524,6075
306,41249
2924,11363
49806,188991
9391,3497
34689,733
1774,822
23160,11578
624,10776
78146,9826
28463,9829
9771,1482
396,165580
60855,15300
30666,10024
9443,1627
13446,11004
54087,238239
5503,187844
45042,7344
626,166862
5917,13116
20676,199399
38509,10103
14365,2483
72987,10818
6183,14534
1939,1523
9045,716
12276,4480
85247,208376
10855,591
3537,1346
13376,4344
23101,162846
20443,6075
135,5286
15122,171757
42424,15162
11238,9392
4147,174984
10449,40952
476,1896
962,2346
48482,9826
67809,187056
804,1422
5842,233
1370,3055
1994,156764
25473,13142
43417,1157
7453,221653
40810,10391
833,6125
81,13141
26347,886
8197,3392
21736,8624
4961,14673
10929,7717
6520,10466
10929,198780
70709,10880
170767,2983
14430,6084
4689,9748
9276,161891
813,15237
21,1524
40213,1400
166680,18512
497,791
15486,184783
122,6091
10133,6129
10264,13153
41394,10103
5548,184213
17657,9937
23730,195331
47555,8676
15371,3098
1909,180077
15136,157203
10676,11612
18168,155241
64382,188991
10127,2483
9300,212
1907,2323
1277,1605
603,4563
8393,409
11597,6129
15121,11020
16427,6984
9741,5809
623,159806
11571,12616
657,3282
28047,395
16410,178448
11478,10329
2923,9727
1807,7548
9730,6506
13373,11494
8913,6350
118075,9673
842,1252
480,187056
79474,2483
43516,178611
11023,10041
46498,572
11837,14819
29021,4344
28288,6894
70,6075
809,3453
15,2110
10677,9736
57946,9716
39929,2626
11133,1299
31465,186894
156,892
28198,293
153,922
6593,160189
10493,2580
9285,7312
414,33518
11418,4630
9062,189141
522,6562
1939,33632
25221,1491
21183,11478
1685,14626
105,9104
113,548
700,1815
13373,1829
817,840
48385,238594
27725,155462
1433,2483
9394,75
20197,176502
35638,158713
125548,187056
1408,3799
10823,7063
24124,9786
10212,41410
30718,5774
36912,156768
9890,803
5503,14903
667,41249
25319,2858
15394,585
9737,772
8840,4798
11355,5091
55015,8029
23928,6731
14347,14714
43002,1797
11943,208692
10877,417
19171,13028
105763,18293
11520,163180
15785,14544
27098,931
5879,4481
2046,1566
11713,174244
12583,8695
17185,6078
632,207317
10176,6086
29353,3202
193,162429
14671,10873
11858,5920
11041,14559
11814,6951
439,813
654,9826
31618,14819
13105,3451
13912,190797
625,736
17264,4613
7219,11581
42048,2483
11975,8097
279444,6095
2577,4565
2841,8729
154,6017
9390,178372
12772,4769
12777,2964
11706,220265
768,4007
3087,733
9276,14964
10205,8075
9619,2859
100894,7281
16284,1546
36536,33467
109264,6029
25430,6083
18538,212
8216,9748
710,769
55475,242
24212,3243
13785,10183
20,457
16227,1023
200,162399
14683,1228
10916,3386
364,15481
975,74
36599,15127
23601,3691
10494,3658
20075,255
31943,34139
9893,13130
137,181324
25848,494
2460,1252
26425,5948
24212,10009
579,1919
20770,10180
32600,1507
46910,539
14,10776
3055,165580
11184,161266
12,494
20246,2652
26173,10291
20067,13043
10468,187056
77010,3098
23805,156296
1619,5626
9279,207317
19204,10326
27223,8201
11950,15483
488,2521
11005,187056
11713,185466
36349,177185
38809,10183
818,4507
56135,41351
831,9831
14778,34079
26225,155244
11583,159865
775,3242
31618,9826
35685,14905
9271,3249
547,2752
634,1774
441,1992
9876,1375
22279,207883
2149,9826
32044,165533
8348,6054
19053,9673
1965,931
18998,1706
30177,3352
30304,1668
8069,10158
15096,11109
56715,4379
12262,570
10644,1797
36773,187056
10477,795
18111,11581
63945,1879
527,2394
2000,1321
38244,10183
10515,3098
18317,1489
46059,156236
14801,310
609,3737
43774,192565
12535,155440
842,260
342,255
4592,9986
17991,14629
21060,237
687,11263
2097,12616
871,311
8357,161217
20861,187056
10981,9046
47237,208584
316,6054
41090,642
36947,2903
15668,155490
22233,194780
15482,6388
984,582
10072,18029
11209,187252
16227,7118
26525,195719
84214,6038
483,2709
8987,5809
470,1333
41828,206850
11071,158091
20532,13059
22160,4414
500,6099
63437,208930
11083,1338
12501,5572
31908,163116
8068,75
73,191726
980,15108
24962,10103
17339,15182
1374,9748
3784,1591
9487,9963
11293,6054
6552,178253
29456,612
6499,3347
34683,548
9045,1631
25473,157064
10428,155555
11577,6144
5491,159314
61416,10183
64900,187056
185,542
1073,9937
9422,6145
124839,215603
31602,188991
31023,156096
15239,4426
435,2224
699,782
56156,6078
11219,189421
40876,10103
12281,8508
2161,3290
36915,9748
18148,1438
11134,6328
1725,18087
10881,2964
962,186403
12722,12193
380,30
32850,10562
31503,166513
11374,7271
67794,818
27017,2504
11426,2539
18420,9826
20620,4585
27814,3298
280,160381
982,2106
1050,3131
31225,187056
27845,1010
4780,3864
75145,8629
30017,2559
13203,171518
15037,3687
8092,1756
9745,65
11414,12414
27932,10809
9607,41645
31598,9730
638,3298
808,2434
42218,11034
700,3185
1831,4056
21219,6165
44408,187056
30636,164296
916,822
9606,2964
27475,8224
28171,972
759,1384
30237,4959
3133,1583
35868,10183
50797,10786
17600,596
26936,1419
704,2562
821,1956
35797,155845
11598,1004
109478,186117
69014,9887
12228,12420
13703,163047
66,41249
10668,155939
8584,207928
1725,2356
36648,163074
7303,612
92381,5605
42245,2479
11202,4299
11178,164698
705,8508
49299,10183
2637,9955
11966,6149
27945,9503
10218,33887
29787,5859
11773,211744
43897,5905
11143,9115
37266,514
15392,2636
116690,231045
20067,9957
39872,233
161495,13014
8512,195402
12281,1421
4482,128
11974,12394
201581,10235
10515,188847
10727,13153
10137,6783
10105,2652
608,1568
1498,779
13888,11823
10219,11038
183,15291
10629,18026
16299,179430
30309,10183
9545,162019
13950,156825
9085,9713
36647,14687
29204,158744
36915,567
402,207767
9059,11221
22614,4319
9452,41156
781,195732
9277,643
9023,3714
8286,4029
9778,3096
18080,11095
26798,238179
9080,591
9581,17997
246,1936
26889,5730
17343,293
26319,13005
624,6027
24518,2676
4823,13142
29380,9921
792,1960
320,13130
104433,156378
40815,157186
691,3469
40156,14765
10653,4491
8916,2346
614,1566
600,15240
668,15127
30666,161814
3035,6737
36040,214511
10169,169114
25284,14964
5511,155845
492,3255
2246,6431
33344,833
40508,240
9394,13017
9889,230616
754,208708
30062,10250
11040,194553
9034,2570
11481,9957
9941,8181
10537,14964
11897,5867
583,1394
28941,226887
10110,233
11423,5340
17731,10183
9480,40869
2118,167159
245,578
11599,2682
25389,200760
10357,1552
10742,1336
433,4344
10396,2231
82432,8508
26725,293
42149,184924
85255,41385
36536,162463
64802,237
2749,34079
11327,14707
11547,9720
1723,194595
513,10180
8016,2349
9837,183814
205,33617
23981,14956
47684,229759
12143,10809
15762,1612
825,612
43739,9639
3023,848
4241,11534
26522,9748
10855,514
19405,224534
11508,1307
42569,4992
42222,9713
21588,162810
14534,6075
407992,187056
55616,3633
5549,14964
21433,202399
293,1499
10608,11800
9605,9866
10632,10833
39867,14765
9662,5202
9941,960
710,3562
14342,10322
644,2393
17813,818
3103,3633
53426,13142
30285,10235
402,3201
47340,293
69069,15009
12488,1328
261,1157
12684,1388
9272,170778
247,10856
3110,158615
348,226177
1487,156174
14022,161187
12656,9673
54655,586
37833,2231
65326,187056
115,33626
224,564
28758,7376
47886,10183
34388,392
17915,6075
55561,10183
11891,4769
12703,12420
17352,11823
42040,231209
823,6083
11012,963
11081,6719
1398,6844
11456,3851
47890,487
9930,33519
11977,3508
9825,269
10447,4565
18148,6057
513,14636
11884,900
17814,9937
5143,222114
641,2375
3082,5386
14269,171636
36446,10768
9716,725
42458,10793
45862,3269
15096,131
11562,596
10708,271
11506,612
10339,7240
782,6062
16227,9777
75,83
125052,1508
608,1381
1623,207691
10890,11138
1831,970
21828,10791
1857,10542
21052,11436
10872,10958
38360,201696
11698,2355
40775,11718
221,1001
36234,15246
17810,11221
26593,10786
2172,41406
476,798
28368,521
20324,128
39929,165154
15940,5927
889,1486
9298,3065
22913,10587
681,3271
40694,187056
10862,4327
5001,2679
34530,2808
3640,1918
44465,187056
20289,14604
11860,380
24236,3338
43345,13028
2832,197708
2109,167352
14778,1543
1850,5970
27824,10150
5769,18015
14112,2571
35612,173186
10599,158726
3525,12094
979,203258
26149,154842
817,3796
12767,10183
25504,4924
8221,744
2300,177230
9778,815
14585,9673
2899,5503
755,2492
8870,156810
24940,10333
12253,14735
125123,9673
887,2367
37094,11435
6037,156544
9964,2658
16642,9673
52122,165913
2654,188994
406,14819
196,10511
43905,225686
13787,14989
12527,9395
42260,156961
2789,378
23685,175887
63076,12396
36536,8181
54860,155238
35031,10183
100894,237568
42229,8077
21484,596
25504,736
321,1605
1073,1992
13416,818
18889,1638
9516,2231
8970,9935
111,34117
502,2533
24264,209893
10957,4931
38191,9524
603,1721
11595,1420
11285,18011
14906,162710
11598,8201
9444,158620
2789,12405
95015,189895
22595,176788
11560,11038
171,65
14239,202399
939,970
1088,963
2654,10308
11224,2161
2749,657
32622,187056
12521,156075
10283,2546
38939,207317
11299,9748
49806,10041
891,4918
11162,11707
10428,9864
8649,1546
26933,11524
10467,271
422,3737
11131,8207
21887,6270
4816,156158
10855,12354
12724,745
10368,1704
10692,2483
2749,14778
31993,155457
11560,188114
910,12670
1994,5572
377,6152
11815,181304
27327,3284
9268,2547
10876,6212
8953,207928
1550,4543
783,4092
25935,14744
39434,14893
14709,6075
27932,159753
10607,4438
16,1415
153,1463
43779,2676
47502,11322
25355,236316
6620,168346
816,803
41659,34079
47796,13059
192,18129
8840,10466
1448,2858
26333,13014
55015,7281
36955,2284
949,974
28940,1946
6522,7856
12599,6211
38244,18266
13920,6075
11878,34038
42599,212
8221,11161
35806,5565
11854,7508
23160,164738
2832,1197
8665,2111
9953,187056
16410,3686
31220,10983
19731,15483
1879,1459
11057,3437
12233,14512
32825,13005
11284,11268
11355,33740
11897,165870
8288,4663
27277,2673
145,549
961,3450
29778,6506
38606,187056
18978,3966
10948,15162
32850,3451
9480,175208
327,9016
117553,196734
1088,2386
13787,6158
781,1262
3309,12990
247,14536
39868,10216
5261,1721
11104,9840
18721,15225
12651,2532
30330,156321
830,13040
3782,5500
23330,960
4584,10911
13794,156395
3175,4100
40446,10111
711,3548
11457,156052
36955,167467
576,13065
622,3098
8327,9887
4551,8045
39940,1415
12658,2566
11591,13027
1624,1421
29394,2564
12625,6092
26291,5732
9486,6110
707,2736
31633,2336
12142,703
25473,188933
244,774
8852,10093
667,2139
9989,4566
1725,4344
26648,4581
11713,13119
406,14632
624,526
13497,171268
778,163405
42525,74
10995,965
28,10148
5187,931
11864,2398
23724,191029
10133,6133
34053,207125
1040,1610
12142,1992
45929,14785
10333,579
2100,1402
8852,14765
31923,209090
18513,2043
22586,10407
1672,2051
24203,1438
30636,10229
43596,233707
1727,3713
150523,14643
9276,579
8452,196376
14919,163455
23518,2314
84084,6165
8699,179431
10623,33672
45862,6733
18299,9673
45069,187056
27378,3363
8067,642
8078,226179
2655,11169
69069,193455
170767,5565
9665,14643
897,4472
42724,212
10569,4183
5879,197508
9454,208244
14874,3616
870,1605
10623,15363
8467,11333
62422,156204
32546,172971
20539,616
60994,10041
452,791
9604,167580
36914,18005
9654,12391
704,11800
11826,572
40160,5404
554,6054
33762,232707
10371,904
11542,14964
43802,218009
1483,3725
468,2349
11282,7312
52856,187056
9322,1308
10656,90
64,11612
25508,238613
9616,483
95682,187056
33251,187056
11034,33626
18993,385
10751,160488
11287,168316
2897,191101
11888,9880
32330,163096
23160,657
9481,6259
4927,10183
32569,157465
10859,169271
20197,176506
59051,6154
134368,15271
7227,5918
1093,1779
14337,2101
13945,10772
31527,10490
11587,14676
37136,236316
21128,15009
57834,3312
11429,9663
11826,159339
17612,9673
5842,1794
11592,10183
21468,4344
26205,177771
18148,4528
46924,3836
9619,10084
9728,9826
25538,10499
9943,4725
27841,2486
9737,167114
280,162532
31546,1419
3536,339
1576,10410
9619,7051
3767,155707
170767,572
9717,5827
12493,54612
994,5251
47502,3914
1891,3373
1812,237
12150,207268
39867,9748
24621,187056
11313,165531
50247,160224
17015,33386
11675,5301
39927,7312
3870,6916
4133,1228
47957,6259
16323,18001
220,526
2118,13092
16980,6782
41777,449
7227,2080
12490,18035
10881,10726
10243,2322
32872,3096
31995,155336
42193,1701
37917,159845
15401,12988
604,10364
13514,779
24807,12193
10548,240
13982,6876
10339,1523
797,1566
12241,1490
12146,4725
842,1874
12519,2587
45145,5288
68822,10726
6524,10508
48150,9673
312,5600
15556,209022
21588,11187
20156,2334
9582,13027
11078,41180
9331,5265
1630,2564
9465,787
77469,34094
22797,236
26933,2506
954,2112
17057,13073
12698,181554
26636,11308
28501,33468
10568,8250
22383,1930
17218,4487
9064,157791
10530,4090
8293,234626
19051,181036
8741,9897
17443,33519
11544,4939
45938,2679
47555,3366
13697,3929
630,1507
73,160910
11892,1849
12660,1956
11891,156075
26899,10683
312,1412
11429,14819
11546,10391
11197,642
11692,1010
11583,159869
509,212
261,596
948,11488
2891,293
10642,187056
18118,1502
66894,2776
2118,208611
35712,2849
27658,155701
158,3737
125548,15274
531,212412
574,1629
2322,2157
72847,15127
11418,166113
42257,206793
86369,10267
9619,3347
27475,11798
12229,9701
2755,182656
26618,1415
28198,110
40913,11523
23160,44443
4486,208080
2457,10897
121,603
12724,3754
948,10333
171,14751
676,9673
124839,490
244,223059
2202,15162
24167,1956
26661,9253
510,3927
655,165787
10022,14760
25166,3879
29425,1415
643,3234
808,187056
170,17995
104,794
49314,232235
37557,2992
145,1330
34223,2483
11617,1556
10514,9937
4176,5552
8357,161221
9504,13001
9348,9951
20075,11481
855,10174
33518,41414
28580,201456
22318,2671
18220,14893
699,41592
15209,155722
9686,1523
9405,9748
43341,14626
11184,5565
27745,11700
11576,3923
10133,193305
74122,848
25970,40929
11469,4379
16973,10226
11130,4263
467,11268
59196,187056
11571,1963
801,3923
927,5151
751,198096
11060,4654
16858,165420
1888,155816
10136,161279
2017,642
29621,1280
21972,1483
26933,34265
3396,6744
27378,1566
11240,12425
11630,1459
29794,272
9797,14765
17339,15186
280,679
3784,8011
31526,6057
2487,233
14,1599
764,4010
890,572
3766,4516
9045,161207
33710,90
20024,2983
1632,529
687,1952
41843,9094
76330,1416
11077,4725
20678,9253
10428,41249
1567,224663
29371,34215
2275,12365
9267,12197
11072,236316
18773,1879
41578,8631
8440,2013
11870,887
20357,9950
648,3259
913,159523
22597,1253
26290,185443
10387,8754
12509,10183
1682,7671
19200,7002
104,5600
668,392
42837,195729
4639,258
95136,187056
136,172497
15765,164443
158,1322
14583,1328
11184,572
5894,919
15080,222667
9748,4776
11282,10776
27094,11508
40752,5650
32077,8015
14778,10915
11411,10124
11287,187056
11054,15299
1362,604
1429,1566
187,159362
17689,209225
11572,10987
122289,10614
9456,14767
10861,8045
22595,4412
11796,5756
1089,4690
10618,12337
1091,1826
1586,931
2212,1406
22,11086
100975,10226
638,3302
21970,2642
25508,178856
57953,2522
39927,14964
70881,6038
17205,10950
14195,10183
1936,395
11379,5376
32600,184816
9535,242
10843,3752
11511,242
928,1299
1375,2792
12545,2974
43759,12096
2103,11268
10229,6270
16620,164263
16388,12392
43003,10073
795,314
10576,9663
3043,3183
4823,15106
47555,11823
85472,187056
34082,167043
15413,2604
6643,4932
12477,233
29071,9016
11978,269
10466,4630
120,603
632,159457
47947,170827
24128,6029
6038,212
8007,1589
24229,155509
11002,392
40213,184656
3117,155730
18764,14731
2323,158679
40718,1721
13554,6075
11411,160381
817,470
1933,166591
10650,4188
11884,9951
9081,490
14035,161133
38951,8798
1685,157963
19,234110
1630,3800
2202,178869
11902,2251
30352,10183
13820,164861
35569,8029
74340,162739
508,1441
43149,1860
29244,1009
3526,9672
15096,10121
30874,242
890,4573
10880,9937
10320,818
635,3179
44864,7881
1610,6075
29076,293
16395,616
9694,1583
40752,166995
32872,494
40760,194236
557,8828
1939,9826
14873,5331
30814,10950
61048,7376
47620,10886
36807,6496
10731,4009
17281,10683
61536,10183
11423,6149
7131,3633
7227,3800
309,516
36056,154802
9355,1395
18978,4344
10178,2340
10943,14765
1677,2776
1052,3307
11356,238410
13403,165621
22694,11660
28679,197619
14181,179018
32040,3688
49803,208316
2160,227615
34604,572
31916,2041
28501,235350
13403,572
216,7204
29592,5565
38985,15009
16723,6270
2749,2808
14342,9253
201,1475
11564,173919
8007,11872
16980,931
18573,203476
31938,131
124633,2355
22244,6158
65203,193649
61934,2356
561,10139
3035,10124
6312,14819
44162,478
36586,11795
31672,10476
57834,9838
43117,162271
41394,6513
261,33457
33250,10328
1497,1852
24548,13130
140,566
764,156174
40739,1956
56724,828
531,9887
10083,3065
18193,4344
9208,9052
10731,10909
19753,4319
52841,186712
613,2850
161795,47024
85328,9673
979,14964
22522,190285
10692,5923
30707,161275
36243,339
29778,952
16281,11321
10634,970
504,187056
8468,4044
483,160488
14412,9016
42814,167241
5255,33678
10401,8818
859,3452
178,3537
43889,238220
19317,9725
26774,570
19326,8881
19258,10039
8839,15017
584,830
2161,12101
39875,12105
47869,13006
32261,9672
33344,10181
23194,156234
13,215492
2978,5918
10327,7682
424,2652
7863,5561
27088,2483
38922,187056
26356,7019
11864,162482
9366,177554
23102,1430
8388,534
9960,170333
26278,14760
12793,158718
4762,1228
19666,6075
163907,54016
27526,6440
10973,223377
702,2411
6312,9826
9340,14778
18919,2343
10786,392
646,212
69014,255
46785,40846
6466,13130
36759,155482
10987,217324
16220,12400
42994,10617
37636,6782
9276,9951
492,2588
3482,5552
11004,6149
11129,15479
3177,18211
943,179430
39256,11100
60645,2020
11230,190992
33364,549
233,542
51363,10594
3132,4049
15393,181083
35685,163853
10734,5643
32308,157987
25994,10183
22435,155879
31624,13059
11446,2544
31220,10235
39907,13149
37550,6092
27090,14819
107,6075
41521,6095
14638,10051
11969,4948
90974,12988
18477,2776
12659,14828
41204,4344
28026,14964
36222,15211
36614,5656
77223,2041
6173,9727
3111,3658
15283,11500
594,6054
31546,1797
17667,897
18274,1003
25239,34117
11371,159410
103488,10183
5966,9799
1712,5732
26175,190802
14615,9748
23638,3593
651,3263
10881,6782
1550,7312
37598,9503
10065,3649
2320,258
500,10051
10571,13160
19157,2136
16288,9826
30950,9468
31583,9016
10363,6149
29743,10930
11549,161891
33660,194088
5156,158651
88224,13130
11236,210200
11223,9937
23160,4552
9333,156116
100,1366
127602,10963
43342,189401
658,3286
11531,5774
10135,8730
42122,183818
9576,160420
8583,208244
273,458
6217,179416
667,3269
9652,9276
18030,11546
13437,2708
25749,190624
750,1735
22910,15375
36536,17984
13776,158938
291,270
41857,187117
226,10984
17058,11454
44373,9826
49007,187056
10685,12663
12540,271
14443,6054
41225,6092
73,12670
881,236
808,4158
41280,164136
32767,11479
249,651
632,316
1770,4355
10163,11372
1956,3306
7090,236
50116,155544
7220,1568
46767,428
1924,179102
12619,9826
47886,15127
2625,207592
22256,2070
2924,1438
20312,33519
2297,2346
85689,9748
16858,157959
466,242
11153,33694
5925,1956
2098,5694
29453,2343
26936,188729
10992,8841
12707,4676
17198,10333
43002,10718
10644,173644
65994,12965
10174,34264
23567,4653
33454,4319
11072,160612
27845,15111
41659,10163
497,531
11064,188028
18113,10325
47060,4344
9475,14512
44289,3030
27655,9826
38006,1963
43455,231151
37718,888
2182,4344
54804,10183
45153,15300
667,720
20115,15127
32689,10594
8834,6086
10212,187056
9065,1956
9312,10821
9686,612
28942,10092
13041,18256
41651,166662
10663,171556
14347,162804
40507,11034
408,169341
12092,2860
18905,178645
179,407
21707,6038
584,12670
44069,187056
5511,15017
37557,41277
14136,166701
9085,164593
9880,223438
6037,11931
670,5600
41714,10183
17657,2106
18387,6075
18890,183414
27029,159845
9476,13006
1448,159401
8416,782
754,1865
16958,155436
1587,380
10673,15137
11700,2695
31589,156338
18502,10412
49584,201689
75,839
9602,167808
21060,10768
11896,9826
24405,163072
1727,33785
11516,5698
2898,159317
9604,167316
6974,210234
33441,9706
17994,10112
10952,5606
58372,207317
14677,163180
10249,175103
21887,210653
20213,1009
9423,156938
11859,18320
343,1790
13437,293
28696,14736
2210,9749
11660,13028
15855,9714
31378,1462
13282,4565
69069,10183
43739,236600
12146,9454
78208,14673
1408,12988
751,2284
891,279
2017,11169
13795,18330
10623,2051
8961,12371
11676,41180
13909,1316
34479,3633
66194,11579
35265,9719
6187,2065
1413,478
31442,187844
641,6059
4911,4690
1040,4647
9378,188478
2163,18253
714,3272
11507,207716
642,6165
150,168593
27104,128
43485,193996
993,1326
37835,10292
36107,214549
11703,1013
40732,3799
10047,198225
11064,226553
148478,6517
54003,642
10349,818
31911,11510
32458,6966
839,18034
20682,9673
2163,9743
6020,171646
7506,5694
31510,9748
679,4090
1213,4952
7091,224875
818,380
1369,197602
10072,3030
32303,14536
796,1155
11077,10714
16129,233221
47199,2102
11423,782
42045,208611
24016,596
11637,10103
10562,9937
10548,6042
13820,2150
2161,14760
29884,398
39113,13130
24214,4289
88174,572
41963,207268
10137,10064
8922,5301
11123,158020
261,787
1626,18091
12143,15111
33475,14915
31225,108
36647,4197
19957,8504
9716,4543
790,1938
4415,6170
31546,10738
66473,14514
22784,894
16229,41329
1777,238240
78,12670
26352,14819
8764,5694
10014,2913
9816,4118
409,1453
1480,195402
36647,14935
2149,572
636,3237
468,2353
9626,6556
3597,9713
28571,1505
9491,6259
13945,3071
1550,10776
115,5498
29572,394
1632,236
39916,5698
36912,11541
28774,10183
819,5319
3133,185457
30839,6075
9540,15016
15785,10230
27429,11190
5925,14735
4951,8224
28580,13028
3989,218032
21661,15162
334,6059
27381,10291
343,314
46592,207693
288,14643
11090,9844
6964,2336
9103,397
2280,170731
29047,2692
13817,6691
46286,33624
408,2011
1213,3342
9391,10084
32499,9856
30054,188014
21629,10325
983,1321
4967,3901
105,952
16288,11546
14289,798
15992,733
14337,3394
16307,2389
10774,10177
27452,155811
12527,10180
9482,9717
18775,312
6116,1740
43742,158558
13374,13130
784,12392
865,4565
40687,416
36583,2349
10555,1701
11659,3679
22479,11016
692,237
15992,8438
23160,10594
981,9929
306,14601
9619,14760
11366,34079
17768,6089
11306,158025
8357,33465
24212,1373
14698,11857
11300,772
63443,175357
37335,4344
149,83
11861,6038
553,1262
561,718
13550,172829
10052,10787
9028,625
42260,5879
8688,585
52745,161302
33575,2702
2661,2988
58062,972
11884,234895
47955,1482
194,5600
19433,196390
47866,14768
19324,10211
9093,14905
2972,4037
17731,6593
955,1568
42260,10201
605,1552
29074,9826
8333,1930
624,1632
139,548
10955,6706
44662,18100
45139,204312
11357,13140
16136,898
105,1436
39462,160840
12698,181558
40427,1321
3472,549
102933,33720
152,1612
38765,166552
34530,478
9686,3487
5185,191143
1835,12670
5902,11102
24016,409
10393,4112
19137,7118
23160,188959
9825,162533
11942,801
28032,179411
10778,1415
16448,14529
10502,3868
11953,13129
23160,1279
10690,3851
4909,2708
26928,3202
1018,1565
11356,9713
11826,2483
10930,155294
4722,9714
39916,839
30204,9743
1213,6054
43915,18117
30017,185307
10530,173815
482,242
1894,14922
500,177438
9824,8642
9529,161707
18646,1346
28180,10292
16993,396
24951,10385
2348,5083
33020,212
31995,236549
9647,65
839,4210
5333,6026
38800,172879
8840,5774
850,170472
11594,14783
51515,2163
19975,9963
37291,10183
19997,8653
58648,187056
1103,2019
33660,15162
705,14530
29067,8183
13715,14964
838,642
8068,9748
9348,9016
337,835
34530,3995
41653,157955
11675,5923
6522,195166
988,4607
10414,156115
507,1759
3059,5314
10865,658
39844,2024
33665,567
10978,2356
22828,2315
12212,179430
9267,161840
13321,736
30586,898
4954,3800
8077,378
11187,6300
11844,6618
137,902
621,9823
170767,2483
32023,2968
43867,5515
13428,9730
554,171054
708,2139
125953,187056
11223,732
41463,934
32047,1228
5550,679
185,766
29161,192942
707,3521
44041,156097
9461,345
34376,10821
9340,169951
52122,10911
13698,1382
8438,378
10880,1618
19259,5331
1807,282
29355,8338
10117,4906
19171,195402
10859,15127
24749,2568
837,2571
451,15237
23160,9468
43049,818
37748,514
9395,18026
980,2284
8992,8181
9558,14819
1619,1930
6399,5572
9869,14552
3073,3633
28050,12339
8077,12405
16297,9798
2841,33625
617,3182
58416,6027
28216,376
9501,2708
288,11207
41959,163128
9086,155291
2984,279
11361,162538
3110,208476
27197,18104
15516,12339
1618,18001
31701,11522
30708,11207
14258,6305
11123,11711
123277,2636
11143,345
25241,931
608,1308
2675,9951
976,3017
42345,206311
22004,9826
2118,1366
10575,9748
74340,160381
10112,4906
21484,41329
25783,7936
4561,1664
39891,155730
17614,237
12501,14574
71881,378
10559,14536
54569,3692
10331,18029
29805,258
11137,13072
10573,570
11457,155816
2133,168669
9739,14967
40156,10183
11463,1956
988,903
40969,166862
28028,10183
10363,155845
10632,10089
52745,166726
3640,2784
25736,9016
5955,13151
12659,3797
9298,898
1480,2676
27554,187544
24909,182273
638,3306
9714,6566
13006,15167
16129,4227
16124,7312
9942,191222
64167,11523
58770,2187
10169,422
11075,7690
1281,5369
3525,128
23210,155795
14580,34079
13373,2618
24679,164877
25678,6092
11571,10506
10518,33461
9260,9714
199,161176
10414,1483
10943,1453
441,2163
20723,15363
35712,572
42541,207459
19204,14819
18892,170418
11284,225210
21539,172504
10991,6054
74122,187056
18690,190190
10747,179419
5693,1447
24005,2604
333,13027
18841,4062
9374,3258
29723,15246
864,4310
11355,2847
838,455
39867,10183
5757,10183
1092,155451
19933,44451
16129,207317
52794,202371
9871,158276
18172,572
1369,13065
3083,11937
26973,549
12089,34094
16441,9725
10437,4344
135890,596
40723,224663
6114,231407
21355,9897
37288,6054
11547,1889
116014,11508
11504,1599
15876,339
29393,456
28519,232222
521,596
10728,9673
20024,572
76083,1454
72277,3392
10029,13027
755,459
801,3740
23981,10508
18387,387
10474,14964
8587,5276
10604,41592
441,12096
18205,255
1811,3183
39780,5657
11306,13005
1050,1879
4639,9740
891,1812
5955,187328
8840,9104
10065,172272
2056,586
1701,1666
16288,163173
10836,10471
18919,156174
345,2404
20482,15061
11497,34004
23160,215054
9393,8498
11085,3188
129,4652
9877,15127
47676,10183
22004,11733
36040,236
53565,4344
9606,14544
33644,11322
12600,11451
50541,6075
14537,9748
14770,1329
11602,2041
11162,33460
241,14819
17130,189092
3484,2546
671,616
10680,7814
40885,818
19893,2215
9886,6135
32872,157171
17205,14955
3293,161161
553,6149
31682,3888
12088,2587
33831,9672
41588,1873
38884,2020
23518,818
60670,166512
34053,579
34322,15160
865,4325
48385,167570
11852,6099
13,2957
427,730
31655,3098
11509,3230
4825,165556
24731,8015
2841,10941
19209,6054
125548,10582
27997,12100
502,2139
30718,161276
9506,2060
4961,189102
391,5332
6264,13084
9659,4565
10142,10787
55,5600
32569,585
9800,207968
2088,4668
6623,720
500,10726
15992,14964
760,2020
16606,7080
36606,166339
43777,14964
18913,13142
4961,11221
19267,520
1103,217083
172545,10199
11462,13112
8866,4049
11353,887
5925,2147
64,13149
1059,6093
31767,10093
28153,10721
26332,34117
88,226861
9688,2587
26175,4147
30054,222782
615,3032
9960,170337
161495,1158
396,596
10636,5248
72277,1566
40913,14536
9401,782
40507,233429
95963,11243
804,6025
92769,3301
10396,5167
1792,9673
41059,208747
10373,6027
9823,14643
28198,3473
10206,6270
10349,14512
11773,4637
16375,158120
9716,733
9538,14964
22590,6104
30308,10714
10056,160488
16723,2920
337,811
9611,197077
10657,818
12159,210530
46691,460
1586,10092
26261,193171
10608,180724
33324,222478
437,194341
10399,1610
37722,572
273,13160
671,223438
243,633
15158,162333
36702,223688
214735,10133
39890,40929
12633,6147
38772,7312
29959,582
11503,172603
11519,387
12661,33705
846,1523
46119,11038
288,5572
48862,14632
11597,1872
34604,2483
14462,10410
567,10226
696,10183
16407,478
1954,187844
194,367
565,13209
9571,1556
139,792
36670,10503
860,2157
66115,10183
15800,1740
10559,2135
1430,4277
480,596
7501,7694
38867,1328
11,160134
12606,13027
31944,1523
9045,11064
40815,818
21468,156138
784,3321
12584,4129
3175,11061
16771,107
10658,14909
12611,494
15762,2588
1954,1453
883,10183
9576,160424
26347,496
638,3737
19155,14819
150523,6194
9302,238241
11932,9707
38171,7376
11953,10340
9737,703
58455,1261
3526,171989
19698,161267
10339,1316
309,18187
934,159839
29235,13073
41070,3623
109264,162954
9962,1936
9944,934
2251,1326
24152,6027
32961,1746
880,490
9433,9937
2546,1552
20239,11800
50073,12987
18148,1422
4722,1448
3526,10323
876,11162
11959,3090
10320,11857
17985,6054
25853,570
31995,818
39934,9766
1598,516
9256,7490
10801,172471
842,2956
12509,5625
1923,1415
605,3219
6444,2200
10725,161982
26173,1228
20126,197619
22727,11034
25392,14760
10167,3859
8689,13006
10971,4388
64945,14857
12489,6149
12506,4106
861,560
14645,207317
693,1196
4043,744
33155,9755
29698,228064
1994,33688
29204,6027
11372,2652
23160,200425
926,11931
764,2380
26719,3202
4552,1453
16850,6845
74719,4344
830,210393
947,2504
44772,293
16535,4388
11137,9799
11131,2149
16550,10183
32847,15274
29084,351
769,14687
36647,175048
22171,191045
1682,9663
11859,181145
10824,10714
567,160967
327,380
20701,10988
136134,14985
29263,41525
21027,160977
414,14819
29478,164866
43739,164039
18256,3098
10333,1608
29444,15402
4011,6155
48482,255
34584,189099
36678,6375
21060,9833
30017,232586
801,3366
9631,6139
699,3478
33468,10292
1587,10183
2759,4344
43445,629
41516,195394
10540,1502
12498,170633
10170,2695
42791,181087
37530,6095
5333,2566
11634,1192
11091,1803
4421,159315
562,33965
9584,828
62694,2884
10724,6093
10249,175107
48482,2483
36243,12667
33468,11581
4970,33505
935,160377
21159,183203
9424,6255
1645,204173
30814,11869
302,818
29787,14837
10591,2727
26774,3099
1412,178649
31591,1502
41791,958
36446,3718
81,2765
479,417
427,2100
21183,238687
8843,4563
9011,4715
578,1495
18192,10183
78,12190
45145,572
1715,12532
10136,345
98505,178210
39844,5919
24062,192395
49365,1415
34723,170466
23470,5349
839,10333
245,212
12158,3133
14262,17971
18402,18035
2212,12392
43089,9276
13372,162340
36867,2708
10671,1333
34760,1944
11088,2492
15347,9898
24740,12565
9559,208992
9312,41645
12281,1889
220,1421
387,1956
210092,1879
55912,187056
18420,5301
10839,4933
19957,15140
20139,9833
19209,33788
1162,198914
40961,2833
271304,184167
33,798
11586,4793
10765,2273
32562,158718
838,699
21588,6255
9336,1482
49397,41133
41227,187056
21849,10232
627,3131
11313,3605
29723,226151
10537,4344
20676,6149
37498,4530
9802,1812
9385,6716
5137,1373
16934,212
10328,14708
22621,3015
55309,437
23949,1936
10227,188478
23160,187056
27932,1157
28696,13130
11713,779
35196,44448
7007,818
25284,9016
13852,3012
554,6062
3309,181109
2758,931
5544,184989
11886,4147
10498,3442
44373,13160
11718,18118
21202,4344
8592,33699
16225,14687
11547,2483
11560,162271
16980,2334
1643,14638
16980,155490
11673,4952
34530,9663
47796,184345
171,1525
28761,3513
20067,40895
2770,170822
20334,156052
9092,33673
43864,195729
10972,161315
793,9937
46767,3762
12093,1353
1103,3149
23160,4048
10160,13006
9584,216079
31997,769
16723,2546
11331,5420
10640,803
9680,8159
15613,5565
17126,157211
9366,10391
10997,237
8056,5331
24961,155462
20067,894
50271,15234
949,10594
668,2547
30719,4908
10730,196425
884,3260
14439,2952
11675,6464
11042,1873
27029,440
32872,9736
30949,11732
10217,188974
765,14819
5165,208802
944,188944
41084,8072
17074,6969
42418,2673
16399,14512
1936,1261
110428,12438
3001,195537
9889,8664
9956,10508
1921,1022
1375,3658
120360,6346
54396,579
31868,8608
11159,1952
36758,34143
301,222782
12764,2957
10222,10514
12560,3739
13969,218182
50474,10596
18519,9713
18203,10183
2057,7412
20689,10183
8963,226740
9549,6078
178,5879
19855,6733
3062,165172
804,3691
21968,242
925,3261
141,13130
9331,3045
33253,162085
949,207268
17281,14798
2105,160140
2575,2407
1627,5650
30309,187056
10322,4003
10411,4480
21168,657
11571,178645
8689,255
19259,395
1883,441
1994,207678
601,1007
8346,1200
53939,188991
10419,236
881,4404
26973,1411
8922,5923
11009,4159
10320,745
6435,5147
699,392
17689,2708
995,155291
16248,157955
10562,10909
35233,1480
430,6588
15196,10092
11222,8097
17906,9704
71140,417
102,30
1669,339
10342,166287
33245,9766
85160,13130
143,235080
23954,11578
36652,154846
10368,2143
31681,907
9023,6089
8968,3030
9772,207901
9488,14760
11633,12190
31083,128
13343,33468
11655,4978
1619,1666
8854,849
11516,3905
20682,9840
12154,215320
33020,227897
25678,4405
10242,193263
10152,10855
12576,2504
14475,1721
17689,14735
9300,7153
18892,9748
48864,15479
602,4097
9275,179431
438108,9951
41801,156773
929,4595
452,6089
1391,966
2149,2483
281,14819
9873,1812
1669,155723
28940,33876
9092,177998
5552,4062
9507,2964
24152,12203
8677,502
13514,234213
3087,157768
3016,156033
9499,14893
1600,21747
33253,227429
10925,4470
601,2430
6643,1155
18333,2041
52782,236483
377,18029
11091,8650
1213,931
10881,6091
9524,5565
57855,3593
12093,13059
11860,9492
288173,11734
705,14534
35796,12987
9825,5543
802,2086
29507,187056
27117,74
17768,2389
215993,5340
11455,14964
10636,12392
8656,10222
12150,9826
10634,897
13,10235
54580,186804
16769,164717
9285,33501
634,392
76397,164253
9458,15009
36040,293
12102,188533
50627,380
21717,1930
26319,195623
58770,14755
22,33457
10452,9920
8326,159201
310,457
55561,187056
8764,8089
204,314
52440,212
55309,10183
10559,10084
39939,3306
9081,33465
15944,2343
42260,220195
687,6148
13787,187056
707,3525
12502,1618
1956,215020
553,2823
9340,169955
11284,1453
10133,9016
4823,34094
11455,10776
1712,5175
20246,230963
36915,6593
32302,193544
11824,13130
657,1847
47060,4458
281,9826
8968,3298
13549,1909
9442,207268
1487,9715
31618,1812
3049,155790
32221,199093
5511,1010
25768,238542
1547,5451
68,236316
10577,4197
24356,736
10406,10506
251053,14512
19433,9682
853,1589
9448,161994
8584,8099
165,952
33564,11827
20701,1299
221,6059
10227,2384
36955,167451
13580,10859
25943,290
179798,7002
79,1014
32850,155436
6524,10329
16539,324
29912,3571
854,6348
22434,15267
37257,234849
1375,6049
17074,163455
10776,165580
9342,9748
23160,2251
14444,10267
11507,178649
12476,4862
5689,9743
47481,10809
802,1415
48791,174653
1878,167808
10715,166329
174787,191317
9631,7188
16642,4932
14664,9826
10368,1956
117553,8233
27367,1956
32227,966
660,2533
2133,168673
36657,8828
9499,2679
43867,10325
11948,13065
11948,233
31361,7312
1843,2671
12622,7097
1701,33482
5503,10085
12537,818
12716,5565
1883,5865
22621,4735
49980,9673
34376,196895
10349,798
343,1904
4241,4728
604,2964
12508,2570
6317,220
42193,4100
149445,159343
43739,189008
11162,3799
13762,41185
4497,7140
3598,10349
10720,2386
22023,18230
117,177359
20197,10957
17169,14736
19931,179485
11067,6075
17820,165870
8996,208079
310,725
9285,11488
1893,4270
165,1436
62143,10123
643,4210
699,339
1859,90
10061,378
1857,10607
2142,10978
35139,13130
32430,10093
39504,2343
16229,2463
22913,9713
11549,9951
441,2167
37650,156799
16314,193545
27130,167861
10995,33513
543,1936
22733,966
8374,1680
23638,271
15319,1462
10987,232795
48750,11508
68,6086
9278,4565
638,1566
21619,207697
10003,5138
1632,18525
11592,4556
34444,198588
50001,163070
27260,3469
30636,2992
23160,291
2926,254
4193,703
9837,157894
8871,5331
29959,14760
18776,8044
22023,2149
32430,14765
9441,15164
2654,41380
3526,2325
15849,155489
4233,6812
9263,1228
11949,8708
5923,14643
15762,1706
9504,207268
33665,10183
1375,5378
19108,934
49671,158718
8357,187056
35588,15126
18555,10183
42193,193203
44736,9995
8741,160325
596,4932
12500,1938
11852,11096
1689,5722
18148,9989
5257,7422
802,4127
12310,254
876,481
1600,2446
20337,9825
118872,3259
9267,236316
13950,159631
10995,7983
43875,13129
61225,156099
46688,1956
24488,224663
43445,1357
1927,2800
136,162735
1555,14602
14633,33625
10439,616
6646,11088
17113,156391
9079,33626
10632,226499
845,14829
708,212
32250,41411
10419,1956
36141,10183
11285,10721
790,3341
13550,3088
861,187008
21148,13130
11624,571
9012,200234
80047,223106
395,1826
49397,15363
2892,1009
899,4476
26899,10183
52734,6027
26689,4820
10944,9937
1894,163252
16435,894
6466,10776
10130,2250
14242,3734
10440,10123
33441,14760
55207,9826
25239,9937
25750,41002
9079,9840
9319,258
766,3098
3558,5565
40440,18020
10531,13006
8916,6091
2722,155790
10660,828
490,316
605,4565
10385,2600
415,849
26618,10714
24919,10560
4911,5422
16219,6075
40480,591
14664,779
18072,1803
9358,1546
88224,14964
29267,1430
16559,155619
44373,572
8367,2951
11401,5540
31361,10508
948,10183
409,2051
10396,12392
1783,233
35638,14673
74585,13008
28893,9951
11,4270
48797,4924
422,2058
9426,9714
291861,191889
16437,679
55731,175976
19258,6075
12619,572
10858,4240
9731,2546
488,2509
3418,4565
1891,11196
11244,9715
615,3036
43742,189008
66566,11522
12149,1556
11224,2710
11697,33600
108266,230358
2161,226153
15170,690
18172,2483
1485,155453
1587,791
12658,7169
2210,177303
4104,1646
14638,1415
41670,162710
10426,5369
11023,1332
40423,220511
25641,9789
137,34117
9003,191564
579,2041
13005,917
18148,2097
5854,663
10495,5440
3063,46951
19460,2900
31681,1956
11863,9826
884,2699
984,177512
243,637
73351,2831
36362,2974
9692,211269
19738,10937
1894,18069
31000,10978
949,1523
10412,379
10728,9840
2721,1200
28105,2195
34328,10181
71881,9673
9445,2887
1783,188181
1365,828
32044,6433
339428,596
4816,3096
9445,6270
13997,187056
41521,237301
51391,9826
5925,1480
23051,6790
20912,10183
52873,9824
36724,10875
473,2303
2742,1731
58372,11322
497,2499
33468,3262
10117,2792
31611,4565
1429,2355
19169,3202
11467,887
207,496
10586,158130
32261,2943
11085,911
7270,818
87078,12999
34106,9713
13997,169097
307,2652
27859,5565
5506,154786
34045,18233
27007,33490
435,2212
9771,4613
634,1441
47161,186782
8340,972
36194,5719
10428,293
12521,703
195,931
1406,5692
9532,13092
10692,11221
11336,13005
828,231277
31278,9715
36372,1664
16131,9229
4639,242
405,1002
10651,207268
10081,10766
2251,14512
10168,156800
3089,15225
8047,7965
133919,162219
17689,992
11556,8045
539,14604
13995,8828
20108,33489
8860,6149
16,3737
770,1459
9479,65
19157,196724
11542,225690
45335,10092
11113,155697
605,3223
11452,155556
14709,2920
9647,161174
14239,9820
690,3431
2142,182069
37244,9963
11879,169590
11347,1530
9447,11478
15856,4062
11465,4344
5552,3501
13321,163000
9556,208534
1058,12670
33472,162627
10423,5565
311,975
30874,3125
13580,2109
3989,1366
22013,178870
8619,182664
11702,9748
6917,156171
44662,1462
2057,6180
3777,11121
11177,8379
37230,10183
2017,197434
289,1628
41280,10183
9362,158070
7131,3133
16619,33720
27591,176038
2320,5422
9679,11148
803,1968
2675,11004
10823,190624
10515,1960
1277,3797
14900,155354
9319,170865
10988,1157
11516,3478
11639,5457
20544,5565
47237,3201
14703,33788
35685,162735
47735,165100
37722,2483
28758,14906
682,13132
11411,163398
439,293
5689,10792
10545,1523
9694,232281
11702,177964
5558,167310
10654,2412
43390,4344
2067,3801
11474,2987
15927,14636
118075,6038
9516,6110
26842,173259
31161,1794
4339,11064
29794,166862
9685,10183
1894,10527
8358,157524
11787,7942
14,2201
8468,5288
11368,6021
1555,107
100894,934
12146,818
14522,187056
309,1655
14369,3800
9283,155808
10061,3521
27958,1568
9400,641
11076,5600
13595,1224
30996,14819
11576,179507
27448,2679
10668,33457
8005,5774
27451,395
11516,2673
10808,216921
10998,34094
11004,14964
11131,33778
163549,7002
23916,1445
10126,796
9349,13065
935,160381
40739,14638
11285,163503
53426,10768
23303,3202
19415,2483
8288,1992
165,391
5955,6044
62677,4344
11198,949
22004,11363
36536,12544
44281,11336
8438,10909
11898,378
303693,1563
35073,14512
43039,549
10320,3030
2900,13149
2457,9673
10805,156028
268,855
9319,6300
24748,15158
9350,1262
750,198096
8973,6333
70113,233
20439,10183
12627,1664
1368,6110
43494,13097
11004,10776
11787,158199
31581,13142
70881,9673
9683,8653
1586,1533
94996,2483
10970,9253
13552,2652
32308,6075
15347,9902
36040,1155
17365,2944
9812,10776
33343,1227
38772,1197
42193,156345
16139,162335
43525,10644
8859,179431
27745,5565
1576,41645
21159,169570
11423,15127
35119,9890
766,4013
44793,9935
2665,3801
861,4565
33,802
26710,187056
16407,779
12590,255
14908,949
9475,12105
18904,191206
14684,6075
10863,388
10722,376
2749,14819
30996,9826
11974,18127
1847,9937
6106,6760
26860,12377
568,184994
31532,90
9021,1441
31587,6054
2463,9748
88863,168663
27191,291
8077,2883
616,2156
402,2250
14873,1261
22004,2987
10338,168567
10905,591
21380,189921
12312,3436
13861,167043
10345,33671
36763,3133
3472,5416
29394,9826
12590,2483
955,1308
29493,13008
9341,5178
23160,2763
3482,10663
9051,293
33364,33768
62847,188683
427,494
1600,2690
61934,159952
42193,159862
10216,10562
30331,931
19123,10941
880,791
58416,14598
4925,12670
16198,34117
38096,9673
41951,158217
924,1926
15515,2041
2567,2336
35200,818
10688,2123
1900,6782
695,1495
43595,194846
135890,2483
11023,11696
9749,1809
12149,9826
10127,12193
27545,14793
36599,9748
1648,10875
11135,5657
28384,41354
9454,2967
12278,12670
301,798
11528,170053
813,4544
14696,6977
252,987
9964,15344
884,13063
10657,798
74544,187844
38582,14544
8439,1809
2616,2604
12715,779
120,46951
6463,33672
7227,9663
11975,2852
71940,34079
37227,206850
8340,10852
9077,10124
42124,886
21309,9826
931,167008
25264,441
10668,11578
3078,11184
521,1328
2501,185702
12238,12193
2636,9748
31939,10181
4031,255
28940,9826
45145,2483
10312,11612
11826,201930
5889,441
9873,226919
11457,14964
13466,208611
36915,718
21142,14819
984,1485
15209,33451
34746,14818
11775,10911
9348,2340
27973,14872
10747,1465
11064,1003
45153,6156
620,9410
1955,170383
400,1587
2164,163347
2300,177218
238,33421
10995,156390
6470,334
10534,168683
9725,10292
12151,1336
11159,212
28963,6399
881,4408
1583,414
9051,6038
11986,5091
759,3897
687,2501
9429,2334
312,1640
4816,4950
9962,1566
28503,233450
406,1975
34614,221445
986,6140
9531,163455
6217,10968
12664,11700
24584,237
15969,9748
984,3713
36245,4426
42618,10703
41521,3180
11282,587
7454,13065
43390,41393
400,6259
39891,6152
11509,2673
11418,4325
15653,390
1368,796
24405,772
10331,1420
995,184692
14444,1009
47957,14676
50549,14768
605,2849
15516,1930
2383,6534
35614,11173
9473,161919
12493,1336
241,625
8056,1631
16636,161155
1277,5167
85673,156525
1924,9715
1089,4300
10497,2799
37498,195410
47288,13084
18989,175421
11878,1462
778,3203
5121,11724
11427,5385
10530,173823
12223,189494
627,3298
380,1872
825,14534
27945,189092
8688,9937
1499,233
10243,12617
29161,201676
1677,963
890,1605
11431,1480
37550,9727
5966,165301
19997,195402
666,158642
18172,8338
11429,226431
5544,34094
17078,10103
36709,3355
100975,1326
38348,5202
1654,5572
28,1008
171,10791
8408,6255
12120,177398
6038,11715
22733,1157
309,156181
8989,18035
2074,5498
27461,4593
11065,931
37410,14964
575,2879
583,2618
10035,167768
9051,33475
2887,188957
29723,174424
881,3737
65889,12980
11317,65
65889,6564
20457,1857
1363,158615
43002,3131
661,2660
1412,3297
19490,65
16874,3094
12230,8841
30529,9672
26648,233055
21736,192779
10728,4957
10130,8723
1371,6066
10559,2733
9323,11322
1052,4661
1405,10614
29723,165914
5622,6091
786,157722
9716,10325
8439,8038
6283,6095
2457,207583
1363,3365
16703,195402
5994,231932
11429,2483
2172,11221
988,209799
26,10144
12484,3133
9739,720
12780,158513
28580,195402
3059,13027
148478,11494
36912,3202
274,9937
30702,12425
9713,10582
621,10181
41225,33513
10731,236
1599,18047
1694,10122
66946,1480
9323,2812
9314,162331
828,1612
5255,41314
10872,157499
2493,160359
13701,164186
12599,12965
1713,2301
27007,5626
76857,8044
29884,1992
178,222423
3101,1326
32048,15106
28377,171260
79,6145
12548,6054
42797,10181
25719,12094
11005,3609
52745,10061
18603,271
63617,9840
522,18179
5842,235261
11249,6300
33253,164346
8868,1701
32044,395
10381,8250
9448,161998
10978,970
18256,178649
9663,1471
488,1627
36599,246
3063,155707
14844,206298
14462,46955
11592,6170
389,6069
9685,494
1719,2080
8810,9276
17006,4553
608,3760
12520,208517
11159,9824
21635,11322
52748,9937
42729,9401
36643,6731
12771,15160
16780,1556
18988,157096
63076,2398
3114,10322
8374,179431
839,227040
464,3737
32221,9673
31681,12617
29933,166451
1050,4652
29263,228164
19383,9937
764,161261
25562,2571
10988,207390
2360,4168
19957,1938
42245,11221
531,210009
10281,5086
40729,15001
17450,4159
36040,215414
10676,1805
53117,2150
10881,12190
31767,161216
5689,13130
11659,6078
27090,232766
16227,4585
122,606
978,4560
16437,2964
303,5600
28448,10292
34376,196899
35188,11612
10209,458
255546,187056
26933,237
766,1545
1847,703
10856,18249
9416,3543
11832,254
10943,9032
33676,255
47886,11541
1089,1669
36243,9748
48150,4721
87078,15016
25014,14900
123,611
12634,1668
549,1605
242,131
11516,8044
28200,15111
46932,1815
26331,207046
42418,18034
9980,169658
2109,11448
25319,190396
41588,10123
33468,741
31685,254
10970,12396
96196,209003
13441,1721
99008,14559
441,2171
9583,2908
16246,8241
11018,2671
13321,167700
15992,3616
618,154802
158,879
33676,2483
14441,15111
1435,570
11974,10532
16306,4565
28124,15162
11365,378
3112,33631
9529,12105
29084,18453
17889,209220
1809,171366
59820,9673
19555,10123
11976,230843
16072,14643
27430,9104
13193,186
9821,170783
13555,14819
11821,11612
18190,10092
20713,7265
48385,238586
12477,4917
539,155790
220,380
19157,155707
53113,10041
21430,209172
141,10532
45129,13059
507,1930
9208,10085
4507,931
16235,2626
5928,787
4929,2122
48706,380
1644,7172
10320,10629
11198,11931
11169,4289
9947,779
664,3338
10014,8508
19405,210295
10531,6460
23728,209778
9373,12394
10786,222340
23160,14766
13553,173919
11658,158547
9873,156208
4281,207046
2891,4924
43439,1328
955,1418
16093,9844
240177,1556
16420,497
11937,155300
17538,9663
4192,1160
28774,9951
17362,190178
11456,155816
14675,155457
20815,165259
13416,13130
15961,736
12121,159141
24226,6148
4929,378
12142,2598
38721,188994
540,11524
195,5310
13776,169152
12634,1936
13199,10211
2637,3450
10380,798
11929,703
36536,3473
2502,33779
3116,1879
10329,690
11257,8032
196,10125
1374,3861
10219,4183
5709,155493
99006,10707
1277,2565
9319,10061
10246,255
10394,1522
41820,10183
839,156866
15943,10909
56715,9714
31112,190003
36758,14659
415,853
29959,10121
25719,193305
42701,172879
16154,2340
150,15234
21991,9732
18190,6038
5558,90
1368,422
10585,15127
29107,11181
4031,3398
535,165445
10987,156075
1610,6921
16161,5572
9637,223067
81,15174
17443,9937
11676,1326
2084,11014
1677,5716
9548,2570
11000,824
36211,209987
11372,3063
8388,1701
42695,6078
11411,163455
43532,14714
26319,156273
327,441
10433,7558
11516,4474
16642,6038
15239,417
7514,2409
38219,2343
17169,1721
406,796
32023,15300
10567,181033
10564,208476
2617,12392
11446,2422
11202,11110
21413,5923
9542,9937
1978,769
10629,917
11583,159857
74395,161307
11307,572
4507,7965
6020,13160
862,165503
15158,12434
4961,17995
676,1956
6312,2483
90,12371
163676,209987
10711,1803
9943,1009
9540,184989
10576,2483
2102,14626
2665,236316
2,13072
605,1670
17664,33482
12160,75
2,240
37094,190703
9472,271
1892,10015
9739,10950
10895,6300
81048,12999
531,3028
1892,1155
11929,11925
468,2150
175,630
1834,1808
603,530
38775,41599
140207,2106
9932,2726
12236,208476
27845,10183
19760,5918
2750,2334
832,10291
12102,178364
8052,395
31911,1992
7364,168302
14583,14819
25560,11707
20197,520
5822,534
9422,8097
8810,5385
27332,7281
34106,11677
9581,6149
20980,14964
44800,10594
55,209987
53027,222174
816,3800
11586,2626
105,206738
36536,708
12227,189391
10937,10183
11861,9673
34152,10508
6878,977
8077,13194
9267,161824
54003,209140
9350,4702
10168,5608
335,6255
58102,212739
34106,191786
2762,9937
11901,75
20324,12387
35685,1610
37917,185526
21968,11578
39939,9702
33542,179431
13531,169161
571,172225
44326,187236
17832,1938
803,14536
9542,4944
1958,213
29084,171556
28504,200148
8698,3133
10047,222
18644,10229
33157,220265
1621,160478
1719,3800
29095,4375
11615,2122
1937,818
509,2562
1039,2850
26039,9748
4917,1475
5052,6212
964,10048
1091,4713
32646,6305
28528,156501
120,1262
178,13027
10671,3622
3870,173644
59189,18034
48448,5301
10297,2863
11929,516
30020,789
25389,227169
896,33485
39916,9951
12715,352
13466,209339
10428,12190
4032,170135
9360,158235
12634,184302
10772,156212
44373,2483
435,2216
14583,9826
756,3537
1374,4613
31592,233023
10490,5496
12629,2944
10687,169143
2771,175336
702,2102
2749,10688
9739,14601
678,703
42597,33632
55604,6281
21619,3298
10168,156804
5994,207317
15765,164431
854,851
9299,6259
140207,14617
11221,4966
32023,4375
31546,14536
38772,14570
44585,11034
309,236
46027,33518
9824,10183
10494,10229
91,5252
11474,9273
24918,2139
11633,679
11074,180668
35680,187056
37191,155727
43028,1936
34376,158968
8327,186
630,1308
125582,187056
29343,9704
47869,15275
10333,1482
24065,9826
36095,11242
3173,1522
53157,206850
70498,13028
5925,1968
29723,3203
505,2544
11576,15483
1213,155624
13580,2113
8386,168179
11533,1701
1994,156866
12582,7464
6917,156175
16347,818
11485,4367
9728,12339
1618,5287
9877,9955
17030,10738
38251,6092
8427,7188
10803,10718
36288,10909
10952,7928
1911,10364
9414,212
17962,9995
19425,12096
70,2660
9669,10541
11423,2620
680,11436
2978,162632
136,235601
9662,254
6317,2428
1893,6128
14181,6118
24831,4595
631,128
44326,13006
26723,164121
9464,5887
33257,4458
5175,179431
10214,5895
10218,33879
46918,9673
500,10092
32872,5609
600,5299
11220,2708
1835,3152
568,9882
13122,234403
100894,188618
10442,9826
261,531
1634,179430
11481,6432
9574,8044
14362,703
8587,11326
4993,383
9825,798
579,204009
4967,128
42795,10809
11479,90
46027,417
175,6054
25719,10594
2832,1563
34093,9772
192,186
877,947
10610,1456
9300,11402
32617,160934
938,11488
11313,170622
11153,5493
62204,4428
2841,4025
9081,6089
46932,770
1024,9713
16885,642
20379,830
132,5282
9282,200460
814,12564
2655,10112
9386,833
16198,9717
21734,2285
2841,10791
41848,3358
14709,191222
36955,4289
3780,907
11773,970
377,3030
18990,157894
15247,11134
469,1196
2172,10794
24909,6149
8388,11931
22828,2246
634,10707
19742,160198
28966,185454
36372,156731
27970,9826
3131,6092
11134,18026
9696,157714
61461,6139
12281,1897
8340,789
108,1233
11527,232990
902,2041
18647,502
44289,14964
38688,10229
12715,1454
10776,5801
23160,209911
12107,10125
27378,1501
13321,1956
12628,18179
9731,13130
8427,5362
12276,9872
11069,158279
9769,2483
2275,4595
4507,194921
16448,160529
26635,188623
4825,165540
1653,14735
10246,180340
2045,163114
10314,166235
2176,12565
9559,9777
25381,168093
19545,160198
31773,13027
28789,13140
32430,18396
12235,10909
5917,18292
10497,6373
9769,1328
27191,41585
39868,1617
36606,166323
4174,4924
16295,14819
36208,15210
24452,210234
26291,3199
52654,12969
28162,3797
7454,2652
696,15160
532,1797
364,173866
10693,1412
35583,18543
16703,180183
37722,208289
37112,11134
40156,187056
11361,9663
1073,10226
66194,34117
9358,10170
10137,977
6950,6092
11463,10397
10921,4862
10537,187844
21193,2199
17467,15365
23160,6150
2990,1332
42232,14641
15401,196228
9208,18034
10719,6230
13320,4620
42086,4433
1245,2652
63076,13059
1719,848
2501,188955
12900,2652
144982,159607
321,1329
10179,4237
18279,10889
12501,187259
397,2519
2024,526
2024,1465
3043,1829
12778,33457
20334,810
27342,591
12150,572
36536,334
430,2140
27549,208009
9844,3737
910,195402
36536,188953
11528,170057
94996,11615
813,4548
26,536
15,736
5333,1448
86404,90
8852,10138
15301,190326
13950,5918
39503,1010
12262,2766
23730,9794
51352,11728
89861,131
24099,1299
28368,2957
48864,293
13533,1566
31579,14512
40810,1930
2160,2984
43739,193607
303,11134
15875,10093
117553,10738
13122,41409
14584,155844
65015,187056
10727,1415
19827,160912
1672,1157
11564,9826
16225,161919
3082,33620
2990,1816
18972,2940
38939,1991
36658,9717
14365,572
23160,1157
25128,10183
18990,4551
144,291
18764,15016
10285,6259
10860,10181
35068,159306
47692,14676
1968,13149
6280,228611
4488,33513
27346,2863
16514,1956
9680,8651
41115,33501
31773,9673
11959,8201
2649,3883
14892,10410
10571,1605
110428,235134
35170,779
564,6956
17465,6075
9423,2213
42204,1224
16780,11546
13950,3019
2587,11001
288,18522
37094,15160
47653,10294
2604,188991
11634,190116
13821,5656
84735,10909
11236,2105
41280,10968
8838,10656
795,4116
181083,409
22033,9826
580,15098
135,2570
34086,177349
49803,10183
984,14805
1480,2286
47653,177571
344,1777
841,1475
2246,168386
22033,208244
13552,1664
100975,9840
127973,188717
11503,155701
52633,41644
31510,182677
507,14819
557,3986
26331,3342
30159,14765
14675,9929
3396,2304
1643,201200
9837,6088
2657,156282
701,15162
2669,13149
9691,178929
23916,156191
9825,195325
23160,11440
3981,168750
9366,1568
18835,6158
657,782
23303,2348
1281,5918
11481,447
2322,4967
32221,549
28026,33879
39934,158718
156235,157799
44289,156174
1891,210346
21779,11931
1770,3538
583,5066
9679,15100
2383,13088
4460,9886
575,2883
32825,4353
1398,13065
20676,14964
43340,4344
464,2318
568,226235
47474,9937
535,6735
43117,4862
62761,10183
311,739
18,14512
11597,380
70801,13014
27331,236
9716,10329
3574,12193
47724,14604
4291,233
10577,225470
32332,10183
30702,2041
10728,2867
40952,9748
15842,8508
43307,2652
14874,7312
38244,2393
10619,14731
2091,3134
4267,1228
4247,14964
1892,10527
507,9826
441,5290
8840,5331
68427,570
11228,189102
30159,3356
17130,14659
10110,170027
8867,9717
15873,13065
8691,18450
43417,9663
10249,175091
18992,2673
8413,14601
47350,11581
4507,13149
1547,155582
8913,157490
876,1965
11282,157748
43143,10988
20992,2808
1911,1964
1909,11857
928,242
50677,5600
26884,128
9507,14544
26899,9789
14677,1502
9411,483
33667,10144
12659,642
22288,1556
11634,6437
18212,187056
951,2231
1926,1418
32961,254
1591,192519
50627,173276
10176,10941
45145,4528
43029,10965
5001,740
12308,5091
401,9457
76499,582
5486,225938
9558,255
34723,170450
43802,12094
16933,11546
27029,745
769,818
34996,12105
8587,11436
12633,3045
760,236316
94996,6435
11351,4402
26983,1653
14709,155169
5608,189093
11951,1977
4480,2851
11836,204222
10147,33965
25935,10093
46978,9727
29263,1992
38985,166974
8447,7579
1924,15009
13950,738
1485,2708
11284,15127
36349,642
1682,159099
48958,6731
25166,207819
21538,10688
50173,6154
15940,739
396,5333
896,978
11357,11221
1924,83
27461,5565
11282,11492
174787,166950
20545,6163
2438,33457
53157,12193
10895,5202
37257,10909
9064,17996
39939,2993
20663,9937
11979,3760
564,487
17811,9663
9873,12371
2788,1253
3782,1438
27098,6270
808,6187
10178,160855
12159,634
2115,11933
31592,10392
15961,6083
1373,588
1923,232999
21970,3358
662,2598
13853,4428
27932,2080
33542,4640
31773,10909
705,1523
9450,6383
464,1192
22642,12438
9769,3182
6593,172428
5486,13078
11235,388
1391,2426
17487,396
10502,6271
11470,9882
39770,9673
4997,14819
1723,6078
4917,4565
27346,14837
10323,10863
25955,2106
24808,230951
16980,9673
10389,2480
43485,4344
25253,13142
8689,184402
48385,238590
201,768
70,4327
1480,5616
4780,1335
11306,177127
2321,1812
492,108
10557,458
45862,6270
1722,174375
42160,5956
2900,10364
24518,818
754,1666
12501,494
7340,10508
26936,9844
315,1930
10559,456
10461,4720
191874,208508
813,2080
23160,1938
11787,15090
29393,818
402,3303
161,3430
40683,1956
11452,3616
47951,1721
9994,212
4244,965
7096,3966
234,183953
9967,9937
145,3737
30666,10183
18995,13124
11393,1480
11347,41592
271304,165171
25430,818
152,155211
985,1852
12619,12339
26246,10322
10131,170383
10401,4728
10206,197077
138,155489
11590,6483
47955,155781
24662,12990
346,4631
56724,33490
364,417
39274,1462
21039,195537
80849,181226
1727,351
44695,9571
1577,4565
11950,168501
2501,15156
700,2295
10972,2800
664,12336
26560,14720
26246,1812
10478,6075
4997,9826
9827,12670
10635,187401
29239,9748
914,3063
759,494
21989,8508
1283,5964
8744,1562
1842,5521
527,10766
24546,1908
170,162365
2110,3452
941,234038
39872,10886
17965,208369
10882,2116
11702,159932
1923,6152
3780,2574
109,21747
850,207883
38965,212898
15370,3713
95,164889
14328,3616
11298,155818
665,6078
20213,198423
805,156174
26204,818
8961,1568
34574,242
27103,237
6114,169621
11782,374
9342,470
25858,33457
95627,207716
10213,2483
1567,3927
34282,198678
579,15097
44297,1233
1585,184559
9825,223059
118,987
9424,10508
12280,3664
33994,33705
3600,9826
12277,179431
9454,13014
29154,164253
56428,703
11475,41591
35612,10683
9280,90
9455,242
2665,2439
22178,3539
623,1332
26602,8508
18274,6362
1598,1415
9716,4344
67772,1556
925,4668
36915,6093
9570,1373
98,2280
43802,12980
28973,13084
38884,1577
11558,11448
11113,4375
21874,17972
37257,207046
115,10776
31526,5565
52959,4344
9820,18008
31592,14527
33408,9748
479,14819
15647,154937
11615,1992
38775,663
24073,10453
29904,3389
914,1453
16636,11146
94666,4663
49842,9937
20375,10410
20545,6110
967,1405
14902,1705
32456,9748
831,12405
2661,155461
47252,14512
55699,2111
363,1849
41462,195402
11562,9826
1677,727
10654,2957
10802,293
52770,612
16973,2863
670,18396
12123,3288
8051,4480
11365,8250
1725,160367
31947,196425
769,13142
17965,770
3766,155436
31592,3923
158,830
11688,4152
20815,4565
979,9748
8649,10508
14832,211677
1415,2334
10651,9663
9624,9880
23928,182677
342,1890
4437,4040
14433,18087
38621,207928
27042,2334
3586,15479
85689,1336
41020,9826
613,1956
29723,177571
10207,544
29161,5600
22073,11578
11206,1003
10215,3817
17130,13130
11004,3616
8866,3740
58372,4325
8869,162515
41940,1329
986,2200
9367,162740
479,9826
39867,4426
14433,4100
16417,165583
10803,3822
32221,206782
16314,10842
14980,3358
26535,13008
2527,207583
962,9673
80243,13130
435,2220
15263,11732
29778,5319
4547,10594
1883,208455
8536,179102
9552,9712
10989,33358
12499,6054
6038,228690
18923,237
156,380
21484,9826
27092,15363
28902,1252
13768,9720
11062,417
36536,196581
19423,1329
2118,14536
38222,3363
8649,14964
22727,12551
975,13065
211,6059
29039,11715
10014,166287
11307,2483
18801,184130
14,224279
8834,6318
2134,5455
2182,11931
859,2692
43143,1299
11237,2052
3177,2041
30996,572
502,2314
11206,164092
11319,5344
9271,4563
20540,2433
32499,11430
56724,206191
74395,1552
44004,853
22958,9713
10988,2320
28026,9748
27932,3800
42148,13059
39929,188989
11412,1453
63,222
17130,173186
11775,15160
122,14707
9087,840
54569,1936
11469,10466
1970,10541
28628,14748
1580,11440
31767,157008
10312,173339
10651,14819
46691,7856
987,736
10205,8368
10547,14760
10126,6147
23916,380
16620,164255
31064,822
12229,3090
19742,11100
699,1262
10009,167982
31923,9835
14621,6270
99006,190178
1480,7336
19155,6805
25283,1252
101,796
44465,4902
12123,1812
24066,1556
36606,11614
177,3305
32689,572
82432,18035
9552,179567
70581,9673
2074,6230
19258,161630
914,11065
36855,14626
813,3800
10102,550
22711,6593
65012,34139
41588,9887
27342,782
883,3458
27429,176792
72277,3030
39462,2492
364,848
13403,10229
5971,378
34288,11613
21544,2669
26690,5579
71140,14819
28169,8201
210092,818
9440,2946
5917,2752
12144,6854
10261,15184
19545,11100
14,2559
9003,8377
6341,3016
5765,316
26843,8077
11006,798
18690,179574
10536,41412
11360,4639
978,486
2770,13088
1587,4129
981,18053
1847,3045
8009,388
21309,572
8195,14819
14013,6732
37247,13027
22178,189422
1966,3072
11606,13063
755,797
2288,1014
36843,10183
69716,5202
2978,9964
18988,1505
14275,3616
11051,162706
521,33364
1946,4565
9456,4639
532,378
10651,9826
14621,10726
4296,206850
1716,7470
9739,12190
12490,3882
1927,184987
9835,10685
25508,238715
11030,164880
25627,189921
691,3465
1430,1419
880,187056
10599,2720
41843,2483
935,2106
18069,1019
5925,5034
9607,380
8337,174244
28026,567
21041,221290
9403,3321
98,11221
8288,13088
11521,187056
10537,4572
11123,5096
606,238179
2453,417
28046,212436
11902,6110
530,195732
36133,1252
857,6092
36536,4392
9062,171288
29723,189411
45878,12339
872,3748
31674,9714
81048,10051
43786,4410
42617,2041
27814,186815
191874,155435
71140,9826
9336,2999
1688,5726
782,1252
10239,6054
19108,155497
27609,6075
113777,10873
37636,9673
830,5600
1039,2801
3016,848
3010,10093
29107,5334
9586,736
37144,11734
12143,417
42623,213
41971,179874
507,13132
3022,155489
12308,3725
54156,2201
6471,160736
10136,156091
13787,596
9393,11064
3577,292
29450,1415
9652,1295
31442,5202
10609,11933
1727,156650
52778,90
22356,188947
483,10707
16227,155440
24066,236055
27857,818
38867,14819
9516,6147
43226,12667
6878,189092
83718,11677
44154,779
31498,234749
9453,6038
150823,185461
11815,3822
315,11034
73,11105
9458,6564
804,1691
3682,10594
1052,11488
16563,4344
14136,171068
9398,167212
26124,14819
12311,1316
666,34139
9960,170325
1373,9826
10105,13065
11185,1643
25313,437
8961,167316
4507,15300
422,887
769,14512
143750,214549
31225,824
2100,378
31682,977
9057,3278
16246,155713
633,1199
9654,9728
8067,14544
26282,195402
10014,246
12613,779
11090,1566
7227,4410
8077,193149
8413,1826
954,33705
11942,549
16328,2504
8068,502
18690,5694
10098,209173
1791,155813
23160,9887
70345,191574
51179,197999
11229,10183
16161,162225
7011,14544
57283,3099
9346,8508
9737,15483
20067,13149
1412,459
9507,14601
10019,1605
10685,3877
8869,195026
2662,9955
11516,33635
542,2697
814,3737
25300,156168
890,10794
544,194413
13201,41352
4507,208591
12540,11672
18983,223059
5255,34154
23916,41267
12528,11060
9821,2494
11137,206298
3509,2866
28121,9748
895,4463
2841,184167
1411,6150
9066,1545
29904,234213
8741,10349
1994,224121
16858,18298
43417,1560
954,470
8859,13130
24662,1691
27271,422
3023,12416
4012,2606
30330,187056
42013,6071
784,2020
42668,6917
140,237
12142,2041
17689,10291
12627,6023
20213,10048
1628,155518
11658,41586
13697,15119
594,3013
15765,164866
9699,18118
11471,378
18555,187056
47608,10049
31944,572
49981,703
11594,2638
475,2492
8386,1337
10156,1405
8198,321
8688,3045
4202,4319
47252,1440
691,3278
144,295
9476,12380
70881,2139
9317,1826
61416,194452
306,14967
1627,14872
10212,2483
146599,6984
16129,10123
7216,2041
14442,231403
3600,271
204,181322
5927,9276
23378,6415
26635,4948
26488,197508
12778,11314
12665,163552
11561,4565
11374,2571
46688,10397
36536,822
19997,13073
1843,992
34778,2285
9771,3658
11082,221385
8386,34117
36243,1299
99318,1627
402,6259
27625,5155
7008,6149
780,11001
24248,211634
2769,4344
11397,2283
25750,798
18392,6025
9373,6844
10687,169123
4499,14964
11462,18040
11314,11004
1049,1842
4806,14534
23730,11221
35073,4079
14258,10591
2251,1664
18972,156234
34327,5340
646,3266
11906,156075
8438,3859
26275,14736
344,1781
11845,3458
33,157512
29267,180397
1978,212
50031,5565
12684,258
4232,212435
2148,3017
60555,15292
23916,156195
13945,10821
22293,1419
10632,164148
17991,15219
880,6089
3064,439
18603,155395
195,110
14460,402
4307,1252
15239,157688
11878,18035
12611,966
3065,14544
17965,1014
980,160799
18674,12354
148478,14751
670,3364
34746,10183
11306,242
616,13065
43445,1422
4043,4115
8699,18298
12150,2483
23739,1938
466,1523
11132,9823
11884,6186
62422,6964
31696,9714
10242,818
8835,171176
11589,2898
9318,6716
38729,18060
9077,11100
9400,4813
770,4021
380,9935
10653,596
9705,179430
10878,157626
36647,175036
20444,14512
451,155793
8007,7973
9929,6715
20681,190150
10683,14534
23949,367
125052,378
12310,34038
18862,9866
11377,2574
26606,13142
276635,215409
196,387
112969,10093
1597,5602
783,33485
19850,4585
40353,226790
71940,187056
77223,907
84586,6054
14874,3344
2912,422
26535,191483
11610,162846
28295,10226
24559,8008
10894,209027
27352,422
33468,157959
12762,5490
25905,197951
880,4129
44373,166625
22307,33632
9267,3923
1812,2864
2436,3521
3090,4542
26378,4487
10545,160274
15037,197084
61892,195687
10937,15237
32042,207268
976,1155
43522,207928
1653,158527
10651,10391
2321,208476
11088,10051
18988,11869
1541,5522
8738,4379
153,1004
41768,10183
9942,167884
10987,10685
12153,201554
8469,3616
701,2013
9798,417
16211,9748
70709,10291
539,13112
22,167861
17352,163178
41020,174448
69903,5565
161,159355
105,10125
21252,4042
25471,478
11979,10985
14412,207268
13823,4106
10696,2276
64,736
31701,2439
14534,10235
27367,1968
25466,2964
24662,208916
9504,201885
27723,9713
7091,6262
10632,238136
51426,188114
619,1156
467,2323
470,1252
18671,195402
2182,4015
20468,928
15556,33768
9422,3836
23592,339
55613,10183
10673,3720
10907,157186
27322,572
12520,156042
7450,4565
8007,10685
46691,12422
10740,5484
14980,1992
40064,5810
988,1269
33441,173137
9037,187056
9619,208580
754,156786
29756,10183
10916,4862
1075,977
4497,6563
12257,4129
21168,9826
11503,228888
5879,5502
15244,11001
992,3430
14506,181046
692,900
29461,10235
9771,3605
9873,14819
29514,5332
49964,1842
10261,5629
9023,158265
10338,168551
14292,169220
9450,2065
244,234196
27945,4616
2293,171329
11610,175357
25221,6029
47620,10183
632,2349
8129,11061
10513,14909
22527,4048
11633,1761
1624,2251
9093,1797
74585,34094
18148,1357
881,2619
11016,236548
13132,12392
37198,170319
10872,1936
9686,2861
11091,187056
597,210184
14854,14964
3111,7464
11845,3405
26441,187056
18573,10771
9276,10508
12160,1559
14736,14534
37606,10183
10711,254
29723,6163
26723,11697
9024,612
31965,616
20348,33979
14839,15137
11356,6054
1722,174379
8691,13006
12720,190527
43786,3365
634,567
1039,1756
793,1415
142132,187056
6619,5202
27029,428
10326,4005
22023,417
29987,163132
278,4779
16437,14544
2898,167982
1712,4411
63617,219972
20482,195402
29756,12545
10020,190915
1607,3149
102,15160
1277,10144
11823,1488
1630,2426
10856,1721
9691,11148
39434,201927
5608,2035
11974,193227
44203,192044
527,11925
85255,162701
47908,163484
31948,203113
9104,818
11601,180523
37797,9673
11974,15346
5051,1009
68445,167043
927,10006
16323,14964
27973,14856
223,818
813,1279
12518,1668
43739,10229
10714,10468
12519,161216
9282,3713
609,10235
5551,172971
31911,6054
24197,1438
438,33465
9208,214472
713,388
10592,13065
14578,6149
8007,162365
562,1470
567,2619
9669,9663
1710,4668
10134,41665
678,9758
11703,818
25468,170071
10035,188960
14603,198336
10655,6092
668,159558
26643,2343
1926,5907
18900,33722
20444,822
15919,4452
863,18031
115,1786
35073,10121
5801,3737
40913,14768
205,972
27352,11107
20197,41334
29425,188957
94771,187056
9772,10410
10855,9748
18783,11117
152,161176
84116,910
287,1480
8056,11064
13476,9799
12776,13142
69014,207769
1281,163242
9458,8097
11635,171150
21362,13153
38805,11332
22267,9713
6038,179431
14874,2486
1040,6091
15136,10976
2625,2726
783,3930
11970,4344
10545,1938
30304,159362
2608,208705
983,642
10323,2036
10954,5565
12142,9856
77469,156455
439,1647
20640,5091
10229,165086
10035,3508
9473,237
1040,3997
163907,14601
71138,5369
23160,167609
10723,8015
2457,163110
16771,3588
40952,10183
1091,9714
22584,155797
9045,2652
8587,18153
19382,1956
638,189421
45220,10508
177,113
38348,14985
124821,3451
21612,4112
2667,8087
542,1786
40634,2801
9871,10776
28448,3242
8970,242
20712,211082
4482,187056
24,13027
306,10889
2721,33858
11456,6669
9294,163543
11974,18058
9473,11325
192936,1965
464,5331
32087,185454
12635,164682
379,947
10098,183887
42814,176016
29376,33681
509,184989
10734,2041
17810,9717
754,3927
24674,8650
5001,236
638,3030
12772,1415
39844,206850
10416,4862
13702,293
1281,215404
2026,159710
9491,4320
1777,238179
10625,11860
9051,9673
16211,380
1374,4487
25719,4373
21299,3593
9569,8015
88,246
981,208368
825,18035
10829,158135
11141,9823
692,4580
25155,34117
10694,1366
3062,164623
14671,13130
25690,10768
11104,5490
811,4166
8467,15009
15787,6147
1621,160486
8447,208526
42094,6977
306,10084
12634,818
18885,193552
2460,931
6970,5657
603,83
574,165064
54156,10768
18773,3030
711,5614
11244,1701
223,155881
39939,179431
11297,9951
18446,197951
10110,170007
18975,494
10437,6162
13528,3344
8422,11935
8068,3458
488,1261
10337,10594
9746,4558
9725,5767
74948,188
166680,9844
10684,11110
9354,3126
18002,10291
50085,207819
17685,2884
9367,5616
18513,18096
10548,8909
1883,242
4032,170143
9619,158272
91,3032
393,2784
12485,12670
9082,2722
877,3720
55852,10183
114,207592
2923,10508
6646,41599
30159,18396
296,83
874,2122
12608,10818
196,1436
14551,188235
1648,5679
26488,160329
11411,9181
35233,170652
12279,10364
9405,779
10218,10183
1050,33683
10995,4320
6440,40879
14242,11614
9325,10787
5767,1295
2294,168040
2275,818
10105,10089
39964,189093
10471,10685
39867,242
1572,9663
47955,14819
53151,14604
9702,10726
26725,162846
26719,4373
1371,5379
638,2359
6317,2652
24962,13031
13156,10594
134368,167915
874,4350
9062,10163
2662,213
3577,189102
65015,10041
21764,10873
832,1468
10743,159620
12493,2072
43117,14909
20465,163699
6964,187056
11427,202661
10922,3746
42142,33501
10371,8447
10515,163049
7090,202407
11443,11254
19483,4862
9599,3444
15708,1862
32042,15160
25188,11710
3577,1772
31638,155530
332,1683
43739,11465
11944,254
1394,4237
145,9649
10433,12990
5227,187301
241,206545
11454,4550
32325,41334
10872,1562
8698,191439
17689,549
19460,1786
988,226616
54979,232459
43438,236907
69848,215184
27088,572
26038,15108
20701,616
14811,11706
140,10093
9519,1930
20980,11402
4593,4029
39927,10183
2097,2041
109,3739
2323,158086
18550,208592
32250,3358
1126,1660
41577,10183
42787,12545
9797,34038
37347,172272
117269,1691
7270,175357
16859,977
13850,170633
468,13059
226,191008
67307,165533
49225,437
12723,11935
14136,208361
54845,10391
2636,1653
15035,161919
47955,9826
196,13008
12611,539
4886,184302
14578,187844
898,5565
662,155518
9455,2987
42994,206535
319,33625
95,1430
2362,10349
20334,186941
11597,10911
16,2489
11860,2072
21210,14819
16235,516
2046,163558
841,6074
14742,1667
9705,13015
11861,1334
46614,736
679,3387
23160,162429
5801,13028
10847,2429
895,41406
62677,10183
52841,1338
9281,236294
37209,10183
36629,5451
42418,4515
535,246
16003,191820
9584,2483
11576,6310
2260,6444
16028,9937
56156,1919
49762,156799
36647,156650
10940,4939
46732,936
21052,10229
28377,188561
7095,3758
28055,15127
2110,187729
754,170212
763,12377
14578,13130
276635,187224
10881,189868
31102,14659
1049,4127
18892,718
20565,15061
26291,3423
28031,11718
11895,1919
389,3772
36208,12990
831,4196
22244,9887
11316,41151
11938,12974
21866,156622
9902,5313
11184,10180
38978,11018
9438,10244
3640,1650
8078,4565
25392,818
11531,10629
316,1224
7443,10685
253,1308
792,1505
10229,818
7984,5565
744,725
165,13130
928,13001
9417,2122
2161,208637
423,836
40365,3582
1772,208349
37230,193716
11450,10909
13899,570
36647,10044
4482,3190
1924,163420
14170,9253
12516,208349
9093,10685
2320,188955
9739,162801
25495,156095
2832,3694
12625,534
35280,7375
25313,5918
17263,9937
11595,5340
11576,378
12702,230857
32689,2483
3767,10712
34584,190083
10991,11336
883,4430
884,459
43438,395
98,235791
696,242
9089,155294
25503,195402
10734,378
19673,10568
43896,154787
12107,191881
9404,779
11687,177998
40156,6150
11516,270
961,470
22130,293
53287,100
15764,242
7216,4005
245,1412
10021,851
47555,2533
46732,13097
42637,197521
281,796
9523,6192
18773,6844
11492,478
11531,4697
842,236
4911,417
5550,12190
755,14601
25099,2043
473,2157
9422,49960
957,4581
20850,33977
12238,10327
26843,539
1647,34094
33253,12544
9896,795
2067,160515
6488,9744
45862,236
3085,237418
11634,163037
250,1651
9462,13142
10765,90
817,1568
43307,11707
6106,7606
11796,572
43777,187844
6499,12988
26162,2800
32166,10183
11778,225061
10040,1336
56724,12396
1723,208611
167,9826
1714,2137
11062,2946
6488,217961
43443,254
2927,14544
15856,33768
11535,155720
37257,2326
10110,13094
9445,1936
11081,1942
10952,8233
18886,18543
19555,255
1712,5728
3082,7025
41059,3450
594,3017
26014,10631
34276,158091
1607,494
24739,4210
101,9957
11414,4551
988,387
401,1947
475,2496
38720,922
17795,3635
694,3458
408,166625
564,2642
64,6054
11601,10941
11143,5440
16003,570
31342,3452
5925,11267
797,166989
38,802
11657,15164
1882,11612
784,208147
11040,183978
11315,13142
143,10075
29264,2834
51182,18321
47352,180250
9448,159514
11026,161935
21143,164092
3082,9253
32613,186189
436,2151
10668,1336
5923,194687
13997,169085
10670,1936
11234,162988
813,2007
10981,3090
8333,7188
15028,158389
18890,12616
109264,166329
19259,10910
10729,34067
12632,4441
1722,3776
11306,207390
96,12371
41171,238179
143,2504
18228,1668
9093,162365
178,2407
154,1618
646,3270
15497,1956
17908,787
10569,2492
15139,33491
4879,1201
41791,10131
38617,1568
27854,393
11566,840
29343,6305
12122,13149
9415,591
28503,3098
132,155710
337,208349
35796,1326
10784,5166
9662,33473
10537,4523
846,3288
10126,2394
5503,10988
8741,13065
24585,6876
9011,10855
28055,161814
8764,966
10955,5332
11532,170865
11042,225061
115,420
10158,12670
15969,18165
8052,1936
11895,10726
14112,3405
1587,10041
12579,10226
12086,1775
544,9799
11081,4654
220,10594
21734,3879
40427,3330
16437,14601
11638,577
51878,2804
598,542
11258,2217
803,1956
43777,782
16284,18034
15943,15162
6414,14988
23333,9840
1535,470
21635,41402
764,232281
11051,186
21052,2016
43806,5565
10618,1705
28476,5202
98491,9180
42701,2284
857,4299
2925,18060
2110,4668
28501,215590
11780,5565
31935,907
797,3713
2024,697
4248,33468
53150,13092
11797,4375
42469,13092
36245,210106
1680,10787
32302,187710
26525,8044
18,234630
17949,10183
605,312
11121,177998
52778,9840
12239,13424
47796,6054
23941,12396
10685,4633
44326,170468
11527,12380
41653,11935
39844,12193
104237,780
9479,10336
2302,3901
29735,15127
11861,9470
490,2829
47951,977
15371,10889
62637,10183
176841,156105
133008,199373
17130,7312
18129,155544
766,12377
26933,4653
121703,680
11475,578
41936,165431
846,1328
4837,3190
34084,1227
12519,6023
32569,11612
27591,12616
10178,4406
10180,160246
11898,5493
8765,13006
34857,4344
34314,2080
29239,1299
10550,33705
26946,11100
23160,2483
26606,11402
3086,185140
15037,197088
17058,14512
11862,4995
24634,156580
8333,5362
31510,207089
269,917
11285,163491
9264,236
638,1664
9614,6128
580,14785
1573,9663
11356,238382
387,41599
11697,13132
10560,242
16311,18035
899,154802
9942,167888
10342,4666
1723,166329
24735,15106
17801,207431
3132,7375
994,2755
303,351
11905,33633
11644,6151
36349,33885
2320,3800
23160,1328
24005,612
2110,2708
18252,156810
86182,9714
28124,10718
11519,2770
11236,6464
31908,11038
9801,5347
8092,2350
11414,13008
9994,9401
15644,10183
9318,8493
19933,209386
28774,2340
1051,238010
687,6059
12662,9663
9085,9823
17058,11263
207625,234307
818,1881
11064,226549
975,6092
8452,402
11596,47020
11797,12564
37135,690
846,1812
8494,169603
651,13005
922,798
11357,3874
25430,6974
51391,207240
9705,293
42254,179823
9516,2394
11477,5332
18444,209317
604,12190
1643,34094
50247,10183
24525,10183
571,11429
79257,192764
31174,497
10719,603
11975,1417
16780,13006
30874,14819
1792,208514
28026,331
48385,15321
54580,8029
11236,13014
25473,798
18762,1691
5503,180172
10895,5560
50073,5571
33660,10084
10560,8081
11023,156196
43915,15267
48259,9824
995,1859
9071,11614
99,225061
14114,4344
10232,6389
179,18525
29884,11482
42245,1329
4951,156115
807,5340
9090,237
984,9849
421,936
1075,13008
265,1222
69014,3260
62,305
5966,12670
9350,159212
10323,483
48408,12994
18862,15160
9737,11730
17589,9920
18,10950
68924,1228
11443,159661
1550,10183
931,11612
14902,4344
11621,131
30295,436
869,10158
12212,6270
315,999
135890,9826
4147,175017
44297,14744
9063,1743
874,1829
404,18035
521,9826
29456,10818
23160,1946
18910,10123
9451,6324
66918,158091
28026,10614
62,155689
1487,5572
11366,6183
10590,2534
14844,9799
27545,188474
11503,7172
29193,2246
490,548
1705,14759
7270,11036
2528,596
8392,11612
403,11508
278939,10594
19971,293
2087,159602
62,156039
989,74
1955,207928
11508,612
12500,3593
1018,9937
469,643
23954,14819
10742,1930
1394,225209
25237,166454
240177,5301
640,3202
11774,236343
10052,9844
36797,157972
9662,6951
51036,157634
623,156456
19545,9738
23223,642
31511,158950
8845,3070
8838,1646
13555,2483
18692,4344
85673,779
3509,202553
39934,740
2667,5729
41852,163277
662,4379
11537,5642
25566,228489
875,526
2657,12425
10875,3423
25969,4539
334,5600
8413,6262
613,407
1599,11001
198,3800
11378,3793
760,2606
17962,188291
981,8181
10560,2283
1373,3658
13411,12670
26648,11510
12715,209118
40752,192928
37165,207064
1599,197526
13671,156231
100894,222268
3526,208359
32499,887
10897,9084
9614,6075
37447,3695
34574,3633
287,1484
23102,2020
49584,187056
15283,210024
11196,3246
30308,212
9012,5699
31935,10787
334,1412
462,163212
18357,11514
37820,8438
125413,155725
50677,5905
260,236569
11426,191110
10499,1772
32646,572
11412,10508
223,195402
39113,3490
22435,40870
12622,2149
10530,173811
23954,9826
6016,585
28415,10391
38749,2571
708,2001
11411,4595
27815,15085
10694,10685
1411,2426
60672,12332
13766,9882
37137,840
11533,2250
18183,209987
9008,8231
11662,11239
288952,187056
9273,2526
26946,11181
6476,10726
10310,158718
167,156810
1591,4555
876,526
32250,8087
33762,156117
43801,2081
11524,8430
12477,12663
23160,41410
18990,156081
8810,4458
10212,1442
11564,279
25009,2763
10533,13149
9716,187844
19460,160960
16363,33613
11374,3974
28577,2501
4593,248
10328,163481
13528,770
10567,4803
17352,11612
129,3762
10995,14794
2762,1655
69851,161043
24,3582
1058,2619
51230,1389
801,2045
24924,15001
12653,222114
16129,572
43779,2652
102,856
10428,14512
14002,3667
3635,5565
124,10909
9600,228345
9606,1761
19187,10183
1487,174406
34314,3800
11220,9673
32872,177973
838,1927
9499,3692
522,663
5503,227825
229,5313
24106,156764
15917,818
857,2770
8005,2005
11527,113
29263,10941
606,238240
16,1741
39868,4931
10829,158139
985,10183
28571,227035
2097,3521
11468,1601
1277,2606
10557,10428
24134,131
18910,160059
17182,2801
397,4544
898,279
31701,11734
30140,158699
89417,4345
9275,8442
8193,179430
15482,10125
6499,11272
14239,161919
30996,12339
10668,1930
13432,10183
10604,246
961,393
32044,383
88224,6149
24965,6092
557,9715
51321,6027
51230,1523
14282,14819
9746,1529
11951,6149
16442,11106
21183,15162
1834,34145
10843,2679
29122,10882
10133,848
11898,931
54003,1419
23916,2348
25284,10594
13966,13149
49477,158718
59802,15001
34376,10012
299121,179418
1018,4623
705,156273
613,220
21253,6089
11879,10250
31935,1956
22307,9826
31043,207268
102304,586
10630,7112
17641,154867
10562,10714
12140,12354
539,13092
11916,534
315,18450
1634,4676
10379,3321
3681,3248
25768,180574
11966,171068
36536,196589
29343,1422
4539,190696
25128,187056
33150,187056
29787,818
11358,162380
331,1766
39867,246
5155,6117
15121,1201
11831,155756
11052,12965
17645,195402
32613,13008
336,534
26398,161511
11452,171198
363,1536
10014,657
16934,15106
11135,9109
11891,2143
10937,3458
900,4477
75888,736
31634,9937
134368,11730
10052,3725
10970,154802
9604,279
8129,892
22733,9468
9823,41645
10856,9727
25560,165843
16155,209053
27814,236944
583,3574
613,3737
876,3372
10239,5444
8741,3994
2759,4580
14442,2710
37136,13015
2899,6715
10735,155722
11305,5694
26635,2781
22130,12377
10955,6060
23668,207967
19053,9840
345,10776
11571,1992
45793,211254
21846,1815
20009,11173
10559,227771
10830,970
16934,11857
201,402
1712,2752
9403,5289
11431,155726
57351,176625
11939,190797
704,54005
14430,33501
8699,6198
13698,2346
16859,7397
13612,10267
11007,4498
2438,4528
10412,2652
856,774
12501,128
10536,11434
1049,6091
13667,5801
9594,3436
207,226128
100,227945
29425,14760
24126,157667
9824,4613
21717,158274
15271,155697
77915,209091
2612,4896
40562,187056
11906,10551
11541,13072
18587,703
9555,157906
1944,1326
18513,409
60951,4381
38950,9937
9051,9840
253,3272
17709,10244
10735,6083
6114,3133
19259,2107
38867,572
111,1155
6620,10791
5121,167043
48709,1664
8223,1459
9334,1160
842,6038
33676,206850
61391,4551
8077,1826
16234,180734
9663,33352
18387,11471
12276,208518
9552,11627
1900,4436
41653,11508
2371,6538
955,2695
53113,10163
9683,725
10404,6751
8859,14964
1628,9673
47951,10349
26606,237
13376,209321
9314,1755
92381,966
1710,10714
28893,1299
2155,34094
46717,293
26964,494
78406,7375
14844,110
35696,6075
11128,168110
47237,5340
179798,14512
17058,1253
17918,155167
17663,1155
8856,3436
29572,2139
53229,188991
1435,237
3114,8029
11210,14895
15660,15061
49671,10360
27088,255
2924,159319
766,4379
9483,4344
11629,387
45145,5614
2841,549
3558,6846
1891,232453
11561,572
266,886
20472,3358
11011,175683
9289,1956
39844,157701
5511,198778
156,1490
986,4599
45935,2682
11932,190349
9469,378
13909,4268
31703,10084
13441,3616
6593,160198
4486,14765
51230,187056
2056,477
2142,9844
1542,167516
124633,1900
18264,187314
6951,168895
10671,9758
31918,2808
1089,187056
620,3092
16992,33501
11773,11265
4912,18107
18923,46959
16563,380
26889,9951
1677,577
1811,14751
31117,2878
14794,11514
21484,5809
948,2604
657,392
883,4434
11415,2957
17006,2394
24249,1664
34328,6656
9529,187343
627,818
11702,478
5923,13159
2898,228768
11895,5440
26857,162716
48313,3616
869,2831
5991,177449
9837,1160
980,14604
10576,9826
29979,9844
9962,34094
45964,9937
9486,4289
26291,192530
10328,9951
96,9663
31624,11181
9941,34094
696,596
15395,725
9595,161247
120129,6125
1816,163110
10482,612
691,3152
9482,182711
28436,157955
11293,5900
957,4585
23601,11510
1585,33965
18002,10726
68773,9831
11050,4549
13553,9826
9416,1384
43230,233325
9071,1388
14168,33600
17600,158591
10246,206850
8986,6517
44585,210111
422,2534
871,207569
9894,10123
31939,34333
21355,156796
20539,2983
11698,14602
11564,2483
105627,189437
185,738
1039,4932
902,6054
11450,9303
15144,9986
9823,1002
11450,2887
493,1227
2163,2441
29437,191564
11572,3124
6978,10092
18988,1326
9063,9826
7305,155372
928,1946
9538,10183
43103,33720
28313,2488
665,9713
6217,190370
9574,3092
1598,378
18329,10180
43596,13065
8656,6941
47653,177449
1572,188329
31357,10131
153,179430
949,159343
8340,6091
32872,1946
924,2776
26964,2401
2307,931
40729,494
1374,279
11258,798
18205,180523
1591,3510
25768,9890
40154,185011
2669,6611
12484,168869
10016,166691
12477,5202
11423,10984
604,3737
35796,186782
17965,9748
71754,188645
84586,9766
11879,4399
14347,1809
9609,2346
4780,8032
11049,41591
25905,5689
116014,5385
8536,9715
10925,10183
14433,173455
8392,4769
25313,44447
20391,162726
11933,1415
554,2139
11469,1456
10687,169131
36040,4717
267,739
745,1335
10803,14544
5638,13027
22033,2483
8913,173099
34746,7024
20616,9016
6478,164663
31511,33475
33253,10938
842,2013
33734,2334
24736,10349
10801,3096
17263,10909
156,10163
36094,4129
708,3534
27601,2483
583,18126
627,2375
2662,6259
10307,6150
269,33672
11185,2619
11855,217311
2546,9253
12121,6270
9434,6275
9064,4424
46767,6255
69035,534
1892,5144
11660,9727
9016,679
47939,158534
18316,1812
10246,161267
18444,2580
2210,9831
10322,1474
867,11494
5261,12545
9438,167889
27245,209992
40353,9937
800,6267
10486,33694
10333,187056
10859,188337
5493,4379
15516,6029
33743,10744
11008,2112
49806,596
12476,642
10708,10103
10153,162350
31640,9826
36586,18508
786,8181
36040,215162
9282,1546
11942,14707
11563,780
6341,422
4507,215983
18551,197573
9267,6241
10938,212
13685,10323
795,290
10330,5133
240,700
36647,1701
364,14819
36606,33879
20075,12425
5725,293
9680,6464
11638,931
40087,2920
15121,4344
784,6029
37820,8011
857,4303
166680,293
12770,10183
279,155624
5550,33699
51787,212
8092,931
27814,168811
5689,157524
19974,1507
26483,188583
11547,572
12086,6451
11544,4862
8217,3451
10925,6129
13768,1328
10530,9840
414,157583
90,1568
25350,236
14778,4959
11041,5521
12145,2172
597,182621
9799,830
13457,10644
452,12420
29393,5905
39283,4459
3059,6038
9589,2375
30285,6564
10674,4613
17113,11363
909,165508
40160,10617
16563,156866
43504,1956
8839,193545
38646,10900
12312,9576
16295,171667
8467,167608
29393,428
41582,1155
10178,4410
617,739
10386,205726
112,928
751,2850
995,196630
278,180172
9027,13027
11313,170610
39907,1419
39871,198929
35189,192190
14334,10235
464,936
16448,10260
9104,74
36133,2041
43774,54612
29885,4344
539,1443
39868,13014
11399,8408
9397,177281
14839,174099
39907,14601
708,769
9922,3804
36049,10911
22307,14742
10911,5300
41749,14785
11502,2082
29071,616
1619,5098
4421,4411
10471,206318
10209,1629
2034,2149
12802,33458
12619,9855
2742,205781
526,9727
1576,1852
47957,10183
11076,10614
15618,10046
36568,3664
38985,181323
4584,2755
925,4733
13553,10123
15516,41171
10891,158144
88,13005
29938,293
31206,11020
9100,616
2897,33493
3529,6149
28169,15085
1774,4108
37843,11931
18072,1421
29067,9741
1578,396
24936,10644
28368,13065
41471,1462
867,182422
922,3246
8494,169607
17689,797
337,2393
52745,13005
10989,34094
9414,818
27103,10235
826,233
807,6149
21259,187056
16448,160517
306,10950
9769,9826
9647,10267
14022,184014
27932,9663
33680,10703
11113,165301
28436,10707
27591,183414
9567,8570
33831,11522
3604,3912
10136,156075
30194,258
38360,34265
19850,10688
11285,160946
784,3614
17600,2483
12684,6845
22597,237
713,128
20348,168700
44465,9826
8007,2533
47947,9755
29267,2687
1410,11487
116008,1749
54287,11181
19204,11221
27052,566
113,2061
27329,2011
26491,10180
38360,4063
900,2172
9960,170309
11881,2486
14844,220
343,10329
1900,3391
16858,156028
10858,6086
27475,12339
90,163047
28553,173458
9282,14541
178,14601
36759,4746
31600,9937
15347,7345
38884,5509
15390,10180
20676,5340
7229,166462
15096,237591
9901,2157
18183,1156
253,1422
9945,34051
526,2640
9964,157754
33796,1261
2567,9094
2307,4395
8831,779
14140,179213
12611,155582
11373,219417
11236,9180
22023,1930
8452,11628
2616,170089
73,10873
26710,184499
650,897
14698,15106
13899,195719
11333,4376
8764,4300
260,10718
11594,394
30839,9808
14551,6093
29698,892
11361,156525
145,6193
199,1523
10023,5343
800,4120
37094,18047
302,14964
77,30
15659,703
58997,14909
26398,166695
26290,169635
9475,183241
8866,14893
13573,10183
1362,12554
18551,9840
11398,5514
11071,1508
17831,6317
18801,1992
44414,456
43522,165870
15653,226774
19971,188327
3062,165168
31593,2956
427,970
13,187844
25503,1420
5608,1454
32037,15162
9799,12670
3526,7717
10657,156174
47643,2637
41280,14794
27329,3434
1641,34094
27973,14864
9540,33809
41828,10266
11206,33632
28436,7942
1883,2881
8078,11579
9684,1759
36288,155840
41801,5923
9255,15087
380,791
4825,12990
25501,9937
4011,3065
24016,7041
64,6034
8056,2428
25389,1196
32037,236
110643,6223
28,2960
24742,13088
47481,254
9327,2064
9599,41412
14365,910
742,1698
62124,9826
77,187844
8195,157168
47615,246
67067,2964
12521,321
7011,6152
16129,4630
36220,11931
41280,156407
755,191441
984,6149
129,2343
11703,237
43438,643
3597,5420
18395,158713
20616,15058
8996,2139
9021,12200
74122,934
667,212
2084,642
3131,3799
337,2206
23620,4112
4296,14779
567,10332
10633,531
10283,13130
9300,11687
4911,18035
3173,3230
415072,232793
11169,6078
166680,12617
30421,10997
760,3899
8129,5621
10867,629
12105,11697
23479,162739
9947,12367
21619,818
540,158764
77,1453
47072,10183
14873,44450
25944,2109
15121,189422
28628,237
17362,187056
10442,5923
54968,221388
10607,10700
16560,6027
27591,1963
81,6091
3682,242
223,188990
12268,6149
1429,5490
22377,10403
8987,7188
3109,222542
117553,13088
3079,10122
14195,9785
9716,10183
28289,210947
66918,11034
17467,157584
49096,572
118452,572
42196,177201
2164,11606
66597,161213
14667,187056
29938,3623
33516,14964
8217,1788
10339,1422
5052,14604
288,174244
33516,2132
11465,164823
876,530
13374,11870
11072,160588
34697,3182
58985,33475
968,182541
11907,187056
49471,165461
16093,188709
22383,220650
699,10671
54396,10053
12107,179431
108346,14794
16129,34161
3089,1556
23550,18035
39907,192913
1585,974
52537,10183
33796,4107
11092,33519
25796,159947
4909,18118
10388,200574
2755,1157
4836,1941
1363,158607
409,1966
17810,9725
10246,11254
897,6278
291,1669
43875,161207
20096,162271
29927,7973
19601,2652
9331,3070
1885,9963
14746,3177
14245,8636
8326,159197
12626,1022
13321,188766
742,33457
17709,190760
39916,10183
26774,10292
3086,5600
64,236
12710,2281
9051,2676
405,9748
11878,1938
8699,167250
16363,10181
25768,11073
9266,156322
489,13160
23160,2113
4639,12371
17339,1419
8764,2019
2567,221446
16136,577
86458,417
15647,10198
20408,184760
27997,1415
41043,90
9698,4470
760,13027
10467,3179
10110,170015
49584,8508
11114,9977
27723,703
10678,10685
23333,163110
682,3435
26352,155790
34223,157632
29884,2334
401,1740
40087,3030
9804,34161
15855,162846
96461,10183
2085,237849
8346,3453
56724,157774
24560,10530
10028,15246
9716,178883
34857,190849
9781,14751
70581,907
1680,2041
499,10229
909,232222
5998,7598
4480,4933
5257,10183
9448,10123
2320,1336
211,1749
1677,634
9352,9935
18172,8009
11224,18035
10642,178229
1430,187554
306,12670
9444,158629
14785,189399
38129,9716
11349,1415
1245,17997
803,11064
389,934
331,1770
3509,703
11357,207399
114,1022
32074,1657
16636,13281
10722,6410
961,531
70627,3800
8467,2669
1883,5861
10710,13025
21128,10183
12312,192828
1059,4402
32284,9713
242,5600
16539,1959
11849,2343
9660,6610
30331,14536
11135,193760
14578,14964
123,603
1812,888
10176,10124
71754,6015
170,11612
10697,34094
43518,4344
10570,8914
14337,14779
1548,175497
11780,220446
339,811
10261,33721
2142,586
1628,549
10533,15060
11427,33648
47608,187056
11468,1284
4896,9826
25241,1415
15573,5202
8438,2501
9443,3734
10735,34061
615,186
11718,4908
29318,9678
2786,155845
14785,33344
22289,158572
16129,2483
5165,2301
2760,196782
36643,10590
414,483
18639,10322
36245,14514
47493,187056
2841,6701
11455,1941
27723,10181
5652,4425
9441,15160
22657,931
4477,2142
25848,3593
22733,2251
13581,9707
59181,293
616,1908
13899,13142
49397,9748
43361,15166
911,33457
9355,1965
52867,6270
8198,736
10159,800
40028,9951
1722,174363
5925,1879
12524,187056
34282,10718
53157,422
8198,4119
6071,160488
12626,1774
18513,2857
1487,15001
14980,9815
16417,163180
44162,181962
10589,3345
433,246
8810,172841
3604,14760
48677,494
9443,835
17590,9937
32302,1701
16003,11719
55049,9730
10776,155806
25471,217807
790,2398
41171,238240
13815,2149
9373,10292
17921,3133
10513,158734
10363,4812
31641,6054
524,726
10514,1944
56724,7464
1878,167833
11942,293
11478,155793
5781,7513
912,10051
36095,549
4879,1262
14736,187056
1894,163248
10034,12392
6620,199764
11355,13130
42466,155493
9472,11672
1965,1936
9800,9766
18311,33719
187,175610
32646,3451
2045,160313
11112,4970
47821,14636
69321,10508
95548,193025
9298,10726
71140,2483
14615,11578
44162,188512
475,947
1093,4687
18408,10909
28902,9937
11470,14676
2280,187056
1792,15016
16562,9799
11906,11039
110,5259
8047,793
8764,5349
10002,549
2605,952
40932,11663
12241,14652
41963,934
36488,12541
11315,1794
36709,10194
35861,180482
8968,155808
21,1671
17744,3055
21989,159558
14052,171387
31439,516
32302,15017
8916,7376
1677,5708
30500,9872
11822,14534
8987,2492
16448,10183
634,2913
55058,1946
9716,40950
73,379
1040,2692
12487,10941
42257,207928
26774,156174
31773,6038
857,1327
11635,171134
41280,2072
18790,199081
40064,155730
3079,9748
48385,12670
11644,6078
29161,6259
14439,194255
1089,1824
27591,161511
10670,202188
565,177185
20187,782
2760,167198
26933,192394
84214,1566
34528,233
13671,4344
883,4438
23949,1721
607,3240
185,192260
17185,168346
11342,616
2210,177299
21948,1522
10678,378
9825,11581
49478,163607
12235,6148
21515,9755
10023,172514
4435,7156
11399,171070
3063,4129
17689,720
10518,2483
11856,3391
405,1669
2022,6018
9066,6095
8991,4803
34683,14735
52038,163110
11090,14760
14854,5901
9566,178369
378,1545
10905,9016
11305,10183
23518,158780
23615,4414
542,209987
38143,10183
10803,293
83,155334
54979,977
49872,10103
3040,3911
38867,2483
125052,10726
6440,1533
16358,6625
1103,840
49565,1450
9352,567
668,3271
60285,10786
817,1926
32059,207268
9541,1873
22792,2340
57100,9322
8193,240
26261,177656
3591,6854
4599,1854
31161,233
33020,6149
5156,588
9504,1438
9540,818
10644,1326
51179,177958
766,4062
31225,10180
26174,1568
10371,242
541,2231
11934,5306
33278,9748
35645,1321
8653,1664
10590,13065
841,3801
863,187065
9405,1568
17494,165909
25001,444
29173,208856
39327,155841
21539,179567
6106,393
967,1527
47474,236
10756,352
544,158507
14801,3222
5966,10503
237,13149
10122,4414
11884,803
146,4575
10434,220
85673,572
10016,166695
18274,2646
1834,155790
321,158718
548,1462
312,208349
1621,5570
11058,697
676,1627
6114,155301
49299,15160
11647,9826
192936,3372
234,174089
54541,160879
22288,15291
11911,15001
10385,187056
40841,160846
4925,1981
19133,992
4241,6444
9319,417
103,33625
8810,10183
11169,33625
13563,9702
614,3026
1927,8570
5825,6458
30197,10964
488,440
11135,1384
13441,2494
60994,1003
9995,897
9764,6728
708,3538
12100,4305
41059,163514
10364,2041
11349,15162
9563,155802
37094,156789
6020,15059
11892,703
68569,3901
73134,9840
616,1400
12257,3739
36536,3412
2102,310
27601,9253
11774,295
8987,233153
26976,428
11897,1261
28,12332
37232,47020
42522,797
18212,33998
9374,4978
11713,9826
992,169967
4593,8201
842,4245
3117,10125
52654,316
949,192261
102057,6038
24152,184392
15762,2483
11,11195
542,10093
10178,4280
46592,13065
40374,181081
37315,6085
19952,190068
65075,187056
35101,11085
11013,6373
15969,9663
27331,818
22595,34139
18183,156597
9437,521
10212,4268
1535,478
44559,1956
8009,242
20127,157144
36855,1432
11517,1552
37431,160335
10836,514
40810,6297
9070,12667
10479,2820
32146,13063
4507,549
2000,215162
37198,209714
14537,18100
871,2552
23945,9865
696,14534
597,182625
29204,176098
3600,3345
14874,5800
73621,187056
5925,1505
77469,3230
1541,3306
34614,445
18513,2483
710,3278
63945,226458
21060,10183
22178,441
476,30
19157,3458
14522,2755
17057,209674
4816,14798
504,9826
5203,1809
22023,9826
33253,822
9256,15090
655,18035
539,233450
11570,4556
423,2430
9440,840
31442,10183
215993,4320
783,6089
8393,155298
39771,155443
13852,3094
2069,33780
70498,5933
13403,165601
23160,162413
8961,14819
345,1441
1365,987
8293,1156
9016,13194
595,6094
29394,1983
1277,1244
10650,3713
23916,11590
3600,12339
27380,407
150523,2035
268,851
12475,6054
9479,4062
1648,1743
1694,155488
16388,188993
8536,15009
11012,8034
10553,33705
660,90
29938,5774
9025,18267
10670,10617
30876,293
40156,1328
16562,2070
11479,155816
33408,1523
39503,10183
19621,9950
339,167043
10518,33705
25330,17970
29071,1909
16082,3278
8536,83
120360,6078
31220,208365
12662,222
11551,187065
10477,271
11313,167715
14269,237
11297,83
9348,1718
11971,1338
20348,10287
33660,157987
14022,1815
951,853
825,596
42589,14512
2742,230644
1628,6054
20287,642
14506,1299
136311,10332
10464,10392
26215,10332
11830,10637
9626,1299
17689,10950
40913,9840
9028,2805
10895,33676
37567,496
10373,392
983,13084
43774,1328
38978,2492
10530,207941
43230,9678
10158,6075
16227,155428
32325,33426
1573,195741
156,187056
43897,9890
8856,8677
10046,9717
21515,208954
693,3453
25066,10700
2017,33699
16388,208725
31146,156104
16171,8201
28501,6255
31696,15016
33680,9552
19101,41172
18837,222667
1959,4549
39266,187056
47886,9228
10693,2343
10803,157263
9398,167200
19542,4173
39424,10183
8221,1749
10368,936
9960,170313
1894,11491
10784,165259
26748,168713
12657,898
334,802
36648,9715
17965,4572
42994,3242
43785,172712
146,334
321,10181
5183,6625
218,1373
41076,15275
840,9738
12714,11093
2107,3337
11018,3391
11906,165244
10718,10726
10212,14819
13815,9748
829,1788
9964,157758
11300,642
45598,194789
8920,271
55475,1625
1365,1605
108266,155805
39875,158020
9461,2041
1955,11612
406,898
11526,6027
11033,549
10637,579
9548,578
37426,690
10368,131
58429,187056
12262,18034
10137,9963
10559,9682
2470,8508
15573,14574
24662,11128
983,736
9679,703
586,2943
818,1568
980,157136
941,167316
34093,128
10047,8700
43875,41022
4587,170548
28431,9920
1786,2433
35101,161155
9271,310
9549,2106
10674,5719
11577,10292
24808,3986
18551,395
30950,174497
10571,5785
36351,11436
9732,2043
27526,9937
433,974
101,233084
11024,703
9652,612
9275,2571
1772,10183
9323,312
1883,2885
3092,163186
994,14819
47199,174539
17339,223009
49806,177973
44932,34117
18790,907
29437,157959
11982,15162
818,3796
4639,10818
40508,193544
10548,6075
143,260
640,214810
36094,2470
26789,9748
54715,7312
28055,11541
9314,2137
65796,5565
12665,163540
11932,6300
594,1846
10212,9826
10514,156767
2086,441
11974,6259
4507,8201
274,18525
22307,572
51242,2346
41968,4096
7090,33451
9798,10391
3173,15127
4291,7312
15484,1416
8656,14626
69716,10614
11065,6270
36606,4328
29938,6876
12657,577
39002,5970
9382,9713
21291,1786
5261,4470
19348,187056
15278,11931
554,6091
303,1811
10972,189102
910,14964
760,3903
14573,9822
2122,2708
9607,187056
10723,6149
30566,10601
15037,9713
10014,9712
10388,156121
38921,9727
12524,588
18693,10039
18890,10506
105,187376
19371,11431
36446,10431
11831,701
10548,155393
8067,9673
12489,1803
32689,1930
46614,1956
9667,13065
36657,9715
5001,3497
13581,199322
24197,10794
37094,33595
35119,11338
395,226177
8208,164149
11966,4470
10652,10787
13853,191348
26953,9826
468,642
26317,14629
41801,934
15239,157676
156,128
52440,428
38714,1599
60792,1411
10627,1419
10217,10183
9426,14760
27380,14825
32940,9678
10482,223198
34614,11614
861,1475
42837,195819
911,279
10617,478
3547,1721
25166,9714
8840,222855
2288,494
9544,178649
2097,11100
962,1261
15875,188934
37094,159932
32458,13094
38775,3473
12102,168346
33641,223059
11197,46962
6171,3684
14,10683
539,11677
11524,9727
92298,41599
8584,7376
281,4565
1588,10809
307,1014
10153,1603
35031,11001
2024,4653
9331,3074
250,509
22323,10183
522,162687
12138,1375
7340,9748
10433,14828
19666,10540
10530,7376
28030,11405
10350,3203
8699,167254
709,3546
21334,6069
16617,2041
10655,14643
49935,2565
31064,570
3179,2700
13553,4142
336,1563
8968,14602
56167,168723
7453,11546
11547,14673
4477,7005
11412,212801
11332,9194
11929,2041
11342,157667
10110,170019
10410,3720
29242,1299
540,10768
9479,12198
10212,10794
4958,7322
6037,1307
28,177275
10735,212
5516,3700
18892,197107
48834,10183
4488,9748
14245,1419
122,818
28519,10909
9411,156075
22621,4951
11974,183953
13554,6165
8968,157154
27545,15086
18603,1556
12715,156322
2787,14774
24585,3156
10404,10329
1598,10909
37218,1956
15136,2157
1959,658
1376,892
31220,173117
94857,5571
29959,223059
962,3623
605,780
34093,155675
644,2219
37315,2946
49397,974
10726,10714
12776,5612
18892,188947
37797,4721
5071,179882
14398,15214
10166,715
343,965
108059,6951
111605,187056
24807,6298
889,828
19931,18035
77,331
23990,10768
25232,14985
10344,2456
1554,3134
4639,9826
11342,4995
1653,7937
10035,11254
122,9812
10855,12367
36446,445
73,570
19142,849
26680,155493
13446,11826
41426,9660
825,572
196,9503
128,5277
77360,196110
816,6293
11217,3544
22033,7537
31634,189115
16642,12987
12634,8430
124606,177927
10653,1552
13764,207317
24782,13008
9737,4009
34584,10873
302,5600
10110,13159
43522,2411
10606,2051
14683,9808
11284,224625
62001,2020
8879,797
9378,4295
793,33699
10714,5650
957,2902
12633,9937
12614,172789
103488,156395
9667,15106
54156,10809
26725,387
38695,207431
4780,217115
45767,4379
14832,33841
24077,9253
37136,1480
40446,3358
30547,6075
7504,818
62825,18001
15037,13043
9041,13088
14289,14765
5261,5706
12103,9937
842,6262
2103,9882
16703,13008
433,2344
11237,1963
28200,187056
67794,34094
12123,2528
26933,128
2307,10791
8095,6165
4147,175001
10390,1482
1052,1437
9290,3612
27455,11316
9458,2340
48787,197452
11287,159201
6373,10183
11506,572
2280,170711
170767,14893
85673,7984
30996,11221
14317,3513
13791,15162
11478,4735
2280,14522
31043,9826
9304,11628
2860,10183
10029,549
33710,1416
11937,155296
405,167043
50183,195541
483,15127
281,155790
34574,3133
15371,180996
41225,18396
11455,4523
10856,14541
41084,2571
53157,161287
9667,11268
16303,160322
33344,33841
11185,1741
47888,173259
832,220
4247,6259
11306,10326
9312,1299
20472,13031
9654,9826
42511,154802
14908,10988
18588,206930
883,3019
579,5156
32872,33632
29267,154802
17352,165073
83761,10617
45139,11001
9663,4663
9504,2918
10525,13072
819,2400
14571,14544
33638,934
17663,9673
19403,1969
6523,9880
790,658
12281,1328
8424,2414
9552,5569
14,33611
32689,11221
1911,6091
29074,5484
1654,161249
16026,204169
9095,191009
9675,10776
9268,156334
36536,10235
40885,233
10105,8975
15310,3412
30331,41172
3175,14985
22307,3581
10863,5300
586,6086
9737,3688
8077,163045
9475,1741
3509,2964
34746,9663
192936,530
12310,3182
4986,1936
29512,229299
11206,9826
571,9937
14013,200739
17770,10183
30636,2671
27130,167890
1688,6092
4587,15058
22435,176506
9104,6417
1891,2902
1088,2667
13704,11694
12251,10453
38880,6057
2161,189401
2527,2123
9716,172418
11033,2887
2487,9748
26038,9672
110,9935
13913,12570
557,4543
13644,207317
13995,9715
18919,6300
33441,11272
55177,4227
12262,14895
59146,13159
8961,12648
18790,1956
12159,439
32031,222529
38772,6593
786,163976
149687,188647
32227,5801
2019,207678
17136,11246
10050,4333
816,1568
12487,236316
5261,258
812,15149
10722,2389
25364,18034
40562,171817
170767,2679
59146,208544
10299,176219
631,2755
38,34265
3043,6737
28650,3713
2320,14819
402,9740
274,10714
9208,5572
11033,6054
39256,720
17159,9961
400,9748
10429,155555
12501,15225
8428,12974
48894,1531
14443,3700
16220,9725
20322,187903
36351,2231
12521,11523
36759,156190
10098,183875
530,2836
28055,14818
635,2411
9824,211712
45712,180148
16563,165921
2288,8764
10281,179422
36243,224674
6620,9673
17965,13005
9603,10199
11859,772
4951,5923
13526,187056
11230,6464
39231,155457
9373,2754
20238,33602
246,233
10568,3591
10142,6148
9340,169931
7091,3298
22733,10123
37305,6091
766,4066
554,5396
39256,9714
26031,2337
15969,539
122,207372
82432,33624
28216,2450
37550,10183
393,3927
1720,5468
28963,4895
3870,13129
16077,9826
76,233027
43787,4344
17795,169046
801,1224
12092,2011
17814,15321
37550,11122
19673,215309
36404,173644
42459,6564
82432,2483
35233,191043
5261,2620
19209,18330
35614,1964
1812,10183
2165,9937
11586,14999
24266,1261
37820,5657
1894,1399
849,15252
422,6059
10501,2673
16235,156075
379,1419
10380,957
682,1321
10545,2544
12206,4779
3080,1691
8984,6021
76996,10183
658,179431
9599,9714
27503,9673
1588,40905
8422,380
32077,10093
117553,10303
1723,173644
243,532
18573,2546
614,3030
287,931
841,194063
17771,11104
1653,10596
600,226426
26933,15135
1089,2796
10692,17987
12616,2864
24032,9649
50627,11578
40028,11541
654,47079
70709,2334
23761,641
4917,4049
11056,18035
241,9859
15940,2801
1639,33461
30497,233450
27495,2483
10206,2920
337,494
28189,10560
23210,14512
42407,3713
233,579
30192,4744
9609,4932
34152,10183
10743,159608
43612,12392
9884,14601
32308,158024
11224,995
6643,9454
1945,5922
16515,1495
32519,187376
11184,15027
247,643
18203,1946
16176,4344
2671,3297
10176,4627
26761,2801
44875,818
31206,4344
14112,10183
2210,11128
31378,175245
11358,14819
138,10327
32767,10093
532,15162
24936,585
12720,233
136,235597
43323,497
9540,191564
955,4289
3396,6407
12480,236
9003,15001
65137,6149
269,795
31948,189411
489,228041
29244,9503
23570,10325
20712,572
10176,12332
10545,934
19,10012
64167,13142
11551,6476
43439,2105
17205,3713
818,470
11104,185266
35233,6075
403,30
321,1862
19415,255
15602,208510
8221,13028
25935,161257
8850,9717
93,570
32767,14765
28501,187844
4762,209966
575,570
17264,180230
9454,9920
10461,159938
40773,6075
213,10718
14794,2020
10054,4289
28650,11581
16934,13130
62761,231013
77,2669
33,6145
10733,155466
2649,173303
423,2434
9691,9823
9387,1522
28501,514
12724,41592
63945,10085
629,18023
17494,18047
9517,10183
11864,12425
12619,157758
18890,178645
23438,2673
15247,392
2210,11612
476,10183
15762,10326
10128,14909
42688,169086
11897,9454
8649,1803
1373,4073
9694,11716
1411,10062
31804,12354
8424,1690
17965,11663
81367,161155
9355,205624
268,9715
11015,520
941,162380
792,5331
45220,11732
49365,162846
48787,6149
24807,1415
14683,161919
11429,15234
23592,1860
27723,8201
10127,9831
6844,11704
41968,6731
17450,6038
13041,9649
201581,10707
13432,187056
839,166287
18111,10122
9595,3269
154,504
32961,974
39868,5801
21489,9748
18573,9714
762,236316
10801,15160
29242,234753
9749,736
2661,163455
10477,3658
96196,5698
701,10084
7443,185521
24807,156799
849,10877
28236,578
11916,4653
10388,5600
17667,1552
47957,11830
10545,11001
35712,224663
9837,1949
5491,4565
37247,157799
225,4112
9882,187
17238,207769
11071,3126
2567,229078
13466,1415
18923,11130
2105,3687
9645,3203
11329,9937
14442,11017
20481,10685
17711,11687
22293,10458
29376,187256
1628,931
35101,9963
15370,2526
109478,197811
521,162271
2470,14794
402,9016
7007,233
27318,10714
29204,173687
15389,191790
26964,612
13888,2041
11336,41410
58129,159845
1555,9935
8046,242
19171,156028
36915,222788
1538,13112
14676,4720
36349,15483
69977,339
1245,11508
15919,186403
5991,154802
11310,6956
596,2493
1092,234091
14774,10325
15209,13130
32261,208424
23855,3249
1626,490
31923,173534
19157,14818
662,3318
9964,157762
490,1715
45218,9673
62001,184951
11315,15090
2502,1589
14683,11475
2124,14819
25538,5600
10322,840
4234,14676
978,2385
35685,293
6414,237
1049,5888
50435,5091
18886,4410
628,231407
12150,918
1607,5609
32325,206318
899,12425
12502,3664
8056,2652
16235,3350
404,5565
11069,1415
25209,4344
655,11436
13005,5565
16562,6075
10445,10818
13446,10594
4552,10614
12206,15009
13550,164543
43117,3301
9550,779
192,345
16082,192519
13166,2564
401,996
85160,192170
13945,2035
288,75
249358,3581
24249,14964
14439,4595
36536,1969
1645,41385
9962,14964
5683,232922
22167,192239
339428,572
1126,1595
54087,238179
492,2117
47653,154802
10562,2619
45186,155493
1997,380
9399,6789
11859,34117
47199,174543
9290,3185
11929,9937
11326,1441
8764,470
43345,534
39929,6270
9825,3185
28415,6297
10654,6092
9261,13027
44925,931
15762,14811
10019,2081
29592,2679
15,3660
21635,10920
41843,155794
17198,10183
2654,166701
11049,10084
898,2467
765,11335
11395,5011
82865,187056
12662,2483
24099,840
9797,7154
10160,170383
51391,33722
30996,4728
11831,1860
660,1196
26936,13142
11601,3358
8545,158471
39780,11411
12662,41329
20289,6782
303,1815
23518,10410
34388,156598
12774,818
16363,1411
17529,801
27970,228001
4031,3183
69851,211660
10345,155715
11577,221091
31383,180099
1051,3149
33155,9951
181083,165804
5966,10267
22073,1881
23954,2483
595,3012
9636,2122
26690,1680
2608,13097
780,41329
42201,207883
31944,7464
23599,10988
500,233073
12583,5923
27223,231121
26269,18115
32332,246
11258,160488
20681,18543
10999,3568
1418,155023
9545,10787
8393,10148
9301,9840
12312,155816
22621,3182
45186,10176
422,184989
9079,314
14892,9951
10830,5707
377,157418
29239,9663
26520,572
23160,14819
45824,10183
49934,194869
25969,170434
31593,14536
14578,3616
10397,1952
10575,2483
11452,10081
163907,155291
3062,4344
9462,160488
25773,6054
10337,5565
31641,209071
42632,164090
4499,15090
21733,779
150523,10041
9013,168333
11543,167575
10495,907
10779,162846
10567,843
766,157466
40841,14570
3065,6026
68,211
15560,156395
17696,947
37916,187056
31602,11558
28528,187293
9550,11196
7270,5600
348,9951
49478,208662
19067,5330
67342,162846
16993,4487
10988,4516
31593,549
8470,1786
9556,12670
7305,12617
13376,4552
10678,10909
10722,236998
34327,14676
10225,12339
9501,209271
53092,159546
14034,4480
42994,173719
4995,18321
666,10508
27271,11181
31220,3616
10439,180193
25232,10183
35712,1817
7012,2106
3019,212
2770,158507
43307,11508
11900,5726
1618,1421
176,13000
31592,321
11412,228081
30331,156478
11315,160488
10571,4663
11454,10714
13899,1794
88,612
10894,7568
14337,6009
13685,642
3175,177997
664,3875
1281,155582
21972,6733
49478,579
850,65
11002,2580
3418,12193
5165,2041
39929,33841
10590,6092
9065,4518
11659,18187
2527,39737
12138,3607
4107,10183
1999,1495
580,158130
75888,6091
29263,162365
170400,187056
29979,10714
10229,13130
34746,167198
2665,179430
62001,6078
39504,6751
13791,10226
22307,2483
15717,9926
19483,10221
19971,818
1373,1605
14439,2314
9942,167876
626,1566
27346,11532
9382,10685
38772,15160
8834,9937
13398,65
873,2386
127602,4344
9065,3363
10159,6956
76,813
10678,1594
12799,10766
784,4053
1959,198141
9025,12420
540,13000
11532,1161
23160,215010
177,1313
11395,1441
11817,960
43889,234663
20813,10809
364,214644
33731,5767
24488,198385
1370,2808
102,14534
12311,800
31624,233450
13715,9740
28988,206706
7214,7920
8413,9820
3596,5978
1555,567
5879,233
44591,720
4012,1956
929,2534
23949,14964
624,1803
1405,34079
27723,13088
22660,15225
12309,8508
687,570
11980,9511
11601,9937
10855,12371
10328,172971
40969,293
17539,10198
12146,5600
32450,9253
3079,2588
626,4144
402,4320
211,3396
15961,818
11416,186
39890,616
9276,236892
289,128
9737,14967
32037,222745
9454,196905
1599,572
55177,9895
1678,5704
42193,33501
777,74
8764,3800
71754,40897
1909,14781
783,4109
29193,811
40064,6152
37722,6460
10622,736
23949,10776
13820,8900
907,6917
11522,10791
1685,5385
96,1568
5925,5136
51391,11038
12205,3030
31217,9777
10391,1646
16723,13130
44736,3799
15961,6079
16771,10183
7093,254
9451,3734
579,3737
9366,167715
59181,170827
19357,9823
4193,207046
41671,46951
9871,1156
42401,10809
918,380
24711,8015
52263,3358
9285,166287
1772,3263
46717,1326
13373,293
5968,1326
28153,14999
2436,10547
30973,3036
4539,6895
117553,196751
2160,207656
167,199214
24584,10683
686,160515
927,65
26960,6300
33016,4932
12154,1338
33343,34117
44414,1245
616,1327
11062,4654
11522,9986
621,34130
1722,174371
4147,175005
15875,1421
35651,4373
20,187056
627,212
19423,15365
9311,3355
430,2112
26638,1382
11949,6029
2280,170715
8738,1956
19137,7184
10397,1899
11959,4656
36536,1245
248,165282
769,10292
4201,9920
140,6271
11379,2250
36648,174878
12793,2273
15477,9937
7227,172594
43889,41185
20815,190334
786,2635
26946,2041
42013,212
9458,156789
14537,1462
96461,155805
70881,818
2134,4565
47796,1667
16969,185525
5922,801
10393,579
7011,10324
10617,779
119617,157690
579,5160
18790,191600
19067,11104
28189,818
23949,41596
302579,12425
7303,173277
9582,1338
24152,4344
11186,187065
10724,3203
38617,14819
9282,6149
14168,33344
12483,236
26475,1941
795,212760
4561,6373
36447,4932
21876,2349
28448,14643
585,225061
820,2411
31952,155730
12212,10714
1376,10508
13777,6431
10803,162988
70971,208992
33516,1632
979,6093
339428,2426
11186,6151
18905,4428
35588,6165
11702,3739
39231,11836
10342,166267
1641,843
10545,160213
124,6091
30529,14641
11302,3090
17814,14707
133919,33740
32502,8636
42204,2135
11069,158064
149,1706
9806,4769
6114,596
75596,9748
96,163047
5842,12415
11935,10685
100167,156121
540,158748
36220,4344
11247,13014
20850,161351
18776,161233
29084,13005
29396,2884
12498,10183
676,428
10387,4152
12089,2051
11184,1447
32298,6038
13153,11734
9614,936
34778,11836
199,836
20339,33841
46767,1327
6264,7376
10028,3658
22597,9833
10047,5565
29794,8636
16314,215404
16198,33556
5485,13006
10204,3497
8075,3612
10046,207928
9460,6149
30876,570
9684,156322
45862,818
789,1956
670,9748
21619,3030
32519,237
10225,1227
18444,4418
110989,196297
2841,188725
17962,4116
708,3278
23599,949
14675,15162
36040,15199
11230,1796
681,470
19101,964
14698,189401
35612,2519
1483,10292
8765,4565
31287,159955
11649,1701
9473,11317
13199,9890
9489,187056
22301,10399
10972,11335
72277,5657
65,190187
44289,7312
52961,663
36630,2411
6917,18027
12634,33456
31220,216936
16375,33780
25697,2349
14242,10183
1621,11860
11678,209504
54979,157524
10160,13149
40760,187056
62429,977
476,2669
62327,13027
26933,10683
943,167310
96,4898
10180,3321
36337,207268
9874,10726
800,534
12151,1930
33625,9826
15516,6712
11047,8116
33710,1233
37244,10988
10278,160246
14271,5970
31701,11722
8649,167043
251,663
11584,4952
15849,7172
78076,13142
11132,2570
8869,158189
8447,4034
8409,1679
3001,4617
2160,10124
17281,166808
27444,5657
3472,212
29710,5951
28026,5288
12684,34079
11638,199093
5925,895
11096,9937
10782,229211
41913,128
68,321
8130,5444
7219,157537
797,428
9447,4932
24066,184426
102,978
10485,5600
10673,10909
11062,1568
1586,13028
604,6193
4497,570
36349,1419
9277,1522
1369,9748
692,10183
32569,4005
11615,378
16347,10483
389,3012
49688,185722
14580,1849
8413,3030
11985,931
34106,6095
1648,5671
18193,213891
64,3737
23148,7856
9305,5705
36095,156104
9261,1862
962,4542
5001,5034
65,897
10930,4029
28200,966
41954,1739
680,2792
13965,5657
23928,33384
9797,4849
14615,10594
4614,2106
4789,2433
21887,10235
9644,2150
11174,238239
11900,10508
15395,10565
9944,1992
29478,186782
24248,181213
17494,207691
26942,2383
10394,9740
16311,5301
10714,958
2332,5422
24808,5202
1162,1741
29095,12564
9977,6539
36245,9826
13,180204
16703,10410
45578,6038
11815,4005
584,416
31618,12425
6523,1321
22597,3230
14675,214548
10970,5956
55604,193506
31397,190025
12485,314
941,167377
39222,3098
9826,4933
10345,14964
31955,187056
265,836
100,15394
11221,539
85160,10024
16888,192789
36344,12617
13815,34079
14874,1486
553,2832
16171,9685
654,15137
11526,4344
14892,18034
5722,637
232,10726
41417,2733
5689,179578
57351,176613
1415,3298
32488,40917
10649,5373
17814,226254
11329,187554
661,2449
667,1432
686,1508
2161,227609
11046,2019
10629,6691
31146,5721
96,167316
11667,779
11426,3365
9584,155497
508,840
3072,6737
335,2096
927,4013
863,3394
29987,18454
14832,210547
9696,4424
43226,9951
10948,818
16328,10392
783,1775
8413,3298
28268,10183
839,13001
12722,537
34282,1842
13936,165835
8427,4289
17962,3124
9086,9503
16,2481
891,4240
578,2069
629,18027
928,5154
8005,6128
691,1583
6278,34152
11088,6099
53426,10183
41225,155317
1880,40847
14832,1525
1375,3614
249882,10164
10451,5600
31397,385
9827,221664
39497,6075
11431,6075
29084,254
14136,156809
11216,187844
10009,380
24546,591
1398,9951
20213,234663
2604,208992
21589,236316
613,3054
10530,10336
16148,10183
531,642
47955,12396
9555,10349
34093,14794
153141,6054
863,175343
8386,171241
57240,165583
12520,4411
8195,10038
657,3279
14291,14512
4909,90
12205,162846
27977,1004
11974,162993
10878,3230
57976,2959
38099,779
17814,10950
4024,10092
24546,1880
11657,417
11596,212435
47452,9673
12651,10364
19952,155231
31916,10084
797,155625
234,190475
762,345
18,444
2758,1155
627,180431
581,238240
951,214555
60951,187056
3767,2060
4031,236316
24807,188294
24341,170711
10656,15009
2687,160130
53198,155167
17894,208664
9647,162846
14778,217405
10547,162464
42994,9882
37536,3741
400,10183
11065,160910
19118,157903
13762,11931
2779,3363
19,6662
66946,6075
40729,9663
28216,41597
9397,15172
17136,9937
46614,4595
2657,8201
24546,10524
36349,1366
1391,572
18398,184706
424,1701
172545,10183
32600,1825
4722,161891
17689,2448
12634,155552
43266,11004
9003,161208
10576,180340
7299,2535
69014,189428
135473,4317
12238,736
122677,157171
18519,4676
1882,5859
9459,11700
1415,1822
61048,3071
845,195402
100894,10766
34760,10707
11592,9826
12659,1850
90414,187056
9535,6220
18674,3088
2022,14512
2637,8232
218,1381
38729,164044
43905,13005
11503,10787
267,459
27813,160314
29756,9748
8810,5011
557,5812
31563,10453
197563,237
1277,931
11326,4344
43905,10911
666,3344
21876,11103
1630,3012
12223,179431
18835,7984
29193,10183
25719,9468
593,2808
66043,155735
11475,9267
32685,156075
11589,10786
15136,15050
88930,10911
30588,3289
18856,5923
6947,206706
13908,179431
12475,6091
9447,15162
30497,11547
1623,5643
9298,4562
18079,4698
705,12396
10448,2041
10096,163069
26378,2792
21661,6075
112,12996
10859,9826
36947,181102
9967,2956
667,2534
4587,170556
5552,10568
97,4565
11949,236316
11093,2356
28005,1664
52745,15140
301,1502
178,33406
9473,10138
36536,158162
16314,18035
17494,34079
31220,7540
179,15053
31916,3347
35031,3036
818,1926
66597,161307
25099,291
49584,14534
3600,11221
10930,9937
342,1862
10970,776
37112,5552
255546,14709
13581,6255
9082,4434
11470,3385
13437,10267
9618,12670
11077,6783
63945,212642
9873,170118
1680,11100
10646,6433
40508,193552
9876,6149
38953,3776
1628,6091
54569,10873
19101,10873
36647,9715
25944,155493
2637,6622
979,184352
31511,5571
22067,208282
204372,10199
22479,164884
5608,12554
13374,10809
11448,4130
261246,13005
36955,1419
51394,2072
1421,549
10127,13031
12237,4715
14900,12998
13823,6733
13005,1731
483,1872
9028,3781
9331,720
634,1421
10990,6562
21143,4862
10652,4595
21451,160174
27367,1562
49799,494
11078,40957
9470,33699
8469,208983
1498,10278
9366,177571
4879,172658
10122,3243
8696,8098
18913,11061
20980,4470
32613,174638
17612,10873
8386,160450
37627,3071
232,1358
14389,10183
5000,2468
3716,1670
11135,8723
41843,14669
15849,234747
8872,187056
25848,7041
59387,10988
9930,10909
41670,703
10718,14735
38721,4620
28313,516
96196,388
40913,212
18333,191815
67595,8629
14336,33922
9453,14707
12702,187844
11355,176016
3049,630
690,378
43905,238055
20638,18034
12720,5340
20682,189368
9003,1449
10547,10410
9373,14895
43039,1200
24249,189145
11547,4748
30996,173298
1937,5600
1075,2449
11044,334
4762,3473
17906,6224
11702,279
35265,207268
693,591
28448,2673
14881,163676
10618,173162
39462,10624
12776,161891
48385,7340
73621,9964
18989,208555
58182,4344
5928,2483
9021,9663
15080,6038
3085,159531
30959,6044
58416,11732
819,1522
39891,156174
22584,188947
14484,1010
17736,708
949,9826
15347,2043
25009,9895
24005,41410
12,156948
1909,15106
348,157634
84285,10237
744,1014
25768,232700
28794,12377
19101,196727
11591,188083
2667,5774
168,4379
30315,13092
624,10183
1645,1417
33278,174244
51300,174638
37062,1536
8468,2235
2750,968
36630,156295
10388,4746
10559,9853
34276,3801
10981,6733
49763,228001
14425,171698
278939,974
784,173644
9281,8447
634,2039
54979,14895
19133,8010
1392,33625
11647,1568
750,1752
15209,10048
14369,11485
10285,183953
11864,12405
26252,6044
5333,2900
9268,228610
954,1568
11492,2861
29204,3462
24226,155873
9544,13153
74395,9713
14114,1974
527,2659
10547,9739
65796,180234
597,2984
11450,3977
1812,6593
9071,10183
10585,201120
1927,3695
31397,195396
45572,9887
25512,9673
30996,10022
213,163049
9833,10181
6264,10466
98,1394
28498,9748
20075,170375
281,8440
12582,703
28387,3616
23160,1670
9451,178452
64,732
21468,188715
9481,856
34130,4542
108059,2987
45938,9840
12506,736
47555,8083
9395,779
638,851
10606,5308
704,164225
26626,12105
38509,13027
11577,798
441,5774
9348,10562
680,2231
10464,6054
814,5319
154,1423
25749,41002
19142,9717
37227,10022
3989,2314
9801,212
26204,416
800,4779
24272,4344
10978,6935
10636,2630
12611,1930
391,4942
1088,2273
12153,165282
10328,163526
993,34094
32208,207255
1628,6038
3062,156028
10604,4129
5925,818
8879,1960
2567,5565
42538,236
17281,14514
11967,2752
14444,1526
10299,17997
14817,3015
26635,10718
7090,387
422,34094
11822,3190
22342,703
11849,6088
10338,168547
42233,190296
8851,234730
25237,14900
2895,10183
7090,1326
1834,213815
15171,169908
18828,13008
9840,1439
10323,8985
17832,10855
26964,10041
9737,9844
9256,5543
22976,2504
17136,1992
981,237464
83761,206681
12527,2679
12775,1930
24782,534
10723,14964
26425,14536
8216,9826
19053,201269
10656,1937
12771,156322
11064,156099
57240,161155
3036,6737
226,187056
11577,218009
8005,9755
27429,163395
811,4565
11532,494
14022,11732
400,494
35068,161242
1374,2792
492,2552
11660,3246
23319,9961
2760,6431
110428,745
46761,9937
2105,178649
2319,3450
452,2422
34327,9016
14140,159953
1900,4668
1089,1568
7303,14514
3088,206576
22201,9550
10434,10084
14675,10226
2576,1956
10570,15237
11058,13005
71943,160269
2323,13005
26860,3392
13633,378
221,30
2112,15009
173,6091
4488,11663
18835,2483
44625,236
12626,2136
1687,1612
10867,156322
12311,1422
32030,10267
1727,158045
8854,162365
78,310
9886,12190
9491,187056
9540,428
22200,10183
33518,414
9331,10950
40815,5905
40353,186948
2669,170335
11568,378
8741,14643
11467,2587
19236,41557
31217,1755
744,3994
620,2035
42469,13031
29444,1562
39929,18732
11361,164218
9100,167560
167,202735
40723,9937
21060,187056
27973,14852
36259,8015
839,11635
10493,171842
762,11327
40969,10714
862,187065
45712,170089
1049,2619
11316,797
9977,5657
11855,1003
27070,12377
49478,2035
621,165143
16885,14552
661,3311
10872,6149
43832,18266
10206,13130
15947,209220
346,5331
10562,6921
10174,1664
174787,1930
38978,3094
26889,10183
32020,572
10495,3436
27970,6582
1672,9777
1572,1552
9399,2231
11194,4560
2000,209966
15,1196
17352,10181
27052,13065
9016,196483
11503,293
13818,1157
11541,4123
11654,161302
780,234116
172868,237
12239,18035
42142,187056
26517,188705
17281,4178
9453,6628
10991,14955
15875,6231
9694,14676
30462,5901
9451,10183
9816,10551
68347,206850
12520,6078
32558,2679
2054,1635
6280,13149
812,6513
10159,5968
439,3737
16281,1299
27277,9728
18402,9672
9692,2337
20009,171729
3132,9758
540,158752
28377,12339
10096,4896
577,2136
2212,996
8046,11578
34288,11666
39964,1946
89861,14712
29154,10508
9025,2922
37672,34094
1812,208341
9874,797
8075,2677
10145,11518
6038,957
32825,2101
16229,221805
18311,2135
10843,162914
14832,293
1654,4613
307,1803
2669,293
842,822
48864,2981
1369,1563
9070,10988
11465,164811
620,10224
9631,9937
25188,164460
5966,2676
71138,158871
28,10787
38904,11579
10427,207268
185,970
36915,9826
9995,641
14629,187056
24405,10685
8463,10181
30204,1571
23333,207876
11543,167555
10708,4590
2024,6731
301,155841
66194,12564
24831,158292
3591,1605
32502,2708
18274,1585
16859,188840
682,3289
11814,160132
11899,11691
890,6257
1049,5331
11891,8872
699,2149
9331,6091
33278,221226
32325,10726
26484,41240
10855,779
12456,14530
24274,189921
11305,4129
47796,13027
11797,157499
1405,10594
12117,9826
11816,155294
1778,206542
83761,18009
346,11426
21612,3303
13787,14636
1213,110
17218,155436
11632,4320
9079,428
464,6027
10997,10183
26306,1897
2788,179781
31701,11726
70345,1585
2436,162715
816,4504
5001,7937
2576,6091
223,17997
11678,486
14002,155071
32499,6974
14664,13059
14013,9713
274,818
9604,2231
266,931
10212,1918
4507,293
7341,2884
10330,6170
11852,6490
25066,9826
29146,6257
17443,10909
10683,1808
36222,41352
4244,2417
22627,727
26174,155436
22584,33457
8840,4152
17496,156578
5143,14512
306,11719
679,1826
19698,529
3049,208152
23916,246
3064,6506
18587,4399
21024,11700
16296,177321
1411,3036
14373,7002
2669,911
21764,5608
11282,380
36105,10508
18311,41599
32872,172972
23981,779
2288,9606
9101,9789
666,158651
17820,163976
11489,33457
211,3026
9728,163621
54795,12987
1945,1608
11817,6201
12140,803
16859,3872
53714,155251
4816,156155
26602,966
29455,236
66,521
17494,417
36606,11830
26,3037
11300,188737
65137,7312
76397,4344
864,2070
29072,12377
15300,174254
11368,5306
9323,4565
10868,1010
11839,3363
9540,34094
51242,160910
11176,155353
37136,2269
20127,155278
5485,40931
5491,14909
1633,18379
24405,162365
583,3566
1439,3998
47108,4344
25009,690
10910,158558
11336,15002
2042,3070
26337,207268
65332,441
615,13006
166680,18029
14905,7973
29825,10410
10590,2957
621,391
70113,208540
16889,160168
47886,13160
10935,5948
863,209387
342,14751
15370,977
10061,5034
10388,5340
38849,803
54087,238240
7451,10364
11332,936
1723,6054
9977,14598
29794,293
3526,189400
29584,293
821,2652
52633,14964
10668,5923
9045,717
1682,156176
522,232471
829,2337
644,4565
212,9826
713,2320
11899,6027
12505,470
10859,41158
15122,171758
22023,2483
4482,2918
10612,2504
9889,3363
37233,1812
23160,11363
10692,520
6974,14626
504,41329
567,5490
469,2355
32613,215285
2897,1295
11314,2763
21052,642
17818,18292
5137,4850
11384,851
10782,4596
27814,157634
10440,167451
676,1668
1672,409
7453,221654
26198,184995
10372,9663
16358,10183
115,160846
7514,9826
554,15016
18,172718
7227,3203
18129,5552
9804,4565
43391,11134
402,246
145,6157
20367,195402
28679,14819
504,739
33155,233155
8340,5331
31835,195726
34388,470
48791,174666
140,774
18357,179430
44932,1297
2212,9937
3088,1502
968,1562
14282,14624
1859,1847
12142,12377
43802,10594
36599,2483
31004,9937
15018,570
132641,818
25239,12365
406,642
9473,15001
16372,392
41730,192707
6183,159315
11675,12974
1715,41352
11547,11221
870,1252
9576,207716
10285,10183
8012,14536
32767,9780
42989,10123
42668,9682
7216,12377
3170,12392
42114,222354
41076,1382
177,2045
10590,9052
35031,3361
2124,572
24405,378
170,10124
7984,11038
1701,195295
6646,818
2978,3093
26167,378
11411,156080
2320,161998
14052,171375
31624,11039
9825,158175
14874,4552
11059,2041
2604,33343
35669,155730
29095,161215
2105,6139
2000,4542
464,1786
26936,1794
18300,187056
26976,220363
2642,166297
29393,5600
11054,165577
260,212
43266,1209
38985,174468
765,157465
2654,41393
10127,162540
8989,4459
8689,10148
579,3180
11104,1595
5729,1817
2114,14760
158,6149
55912,207716
25212,234124
65,6325
4927,10180
32847,192391
9716,4320
1675,3973
780,934
9626,2011
8346,4677
435,14760
18420,10685
27271,2732
36593,11931
2330,1749
11103,1422
1598,15162
20408,6009
36912,156769
686,3419
11475,1566
9609,3009
16121,4304
11177,8900
9719,171584
8843,2726
14268,6054
18420,155331
28978,291
10727,4079
10784,572
1607,3739
205,10877
12079,187537
11497,33671
8859,1453
1368,10685
988,156788
1410,310
9482,182703
9616,10063
161080,192664
11357,4728
842,6059
1720,6257
11718,9381
45827,10322
342,6054
452,2800
26813,486
39503,3458
13398,12369
617,3012
2742,158120
37601,156075
41730,10183
9625,8015
43715,166958
23160,215071
10530,4542
1282,390
233,10683
9582,1936
43455,9826
907,428
4587,170560
9764,11709
10722,5540
48385,13142
42033,4565
297,978
17295,15053
8325,2679
890,14527
29263,10909
5781,206887
44043,9937
11113,4485
34794,2626
37835,9748
22621,828
10557,1536
9480,2398
1418,156052
766,10466
8416,8077
29095,10771
151848,18034
65262,3582
12611,14819
77915,9673
5486,9968
11820,171468
11230,33401
10693,12988
15592,164245
19118,5369
40374,1415
13550,162807
3777,233
4970,14782
9844,6669
277415,187056
14398,703
15762,14819
9016,10336
297,13005
25723,9673
9517,155939
4593,33719
27983,4129
829,155790
71099,187056
96167,9826
12146,534
221,542
40739,13065
19204,10327
19157,10183
11018,8559
10696,8290
961,158778
9016,1826
20980,9951
10428,6104
5458,13130
941,1824
13899,11333
10972,10294
709,1196
27726,1299
23599,258
10643,233
3065,14760
547,2753
28571,221660
9654,15234
1772,5768
6106,2020
479,2231
75759,155720
12560,188293
40507,166492
9821,10683
26877,3182
22023,1625
47942,199076
6947,11004
27815,207673
11904,179430
28942,191564
11851,5947
8326,14783
11413,10183
11503,14792
2142,226376
42033,206850
11521,828
12227,9880
2501,1308
10750,7188
11293,5571
5844,2885
229,1227
2898,13001
17529,10958
781,2279
947,6091
20539,33795
1725,100
78140,6078
9651,9673
42750,188293
10204,5973
838,1224
99318,13065
377,13130
2164,163250
923,12377
113271,156768
19140,1480
803,74
9716,160322
6439,4932
342,13088
28503,41351
579,2993
11393,6075
20701,155488
33734,582
122289,199551
10246,12425
61225,1480
47866,10707
17030,10718
18435,10183
10895,2710
927,1415
18892,4044
1793,4668
178,157198
53765,10183
616,233
508,5597
470,9844
2978,5484
15762,9826
10685,1812
513,158718
185987,187652
11902,236316
707,720
651,158534
10972,169411
16161,234469
9268,176802
11897,12337
12778,255
9922,279
111,1578
13550,2564
548,6256
3597,6270
42254,10180
11371,159431
45928,209096
918,160497
483,2710
10133,156334
19590,4344
1630,2829
11939,2735
166680,10084
7300,238179
13166,9956
100,9897
26596,1582
10686,4498
1075,10508
124472,187056
10159,414
803,2652
37144,9937
9394,156212
12257,828
1968,9799
10126,33426
483,616
9411,703
681,4585
8744,4063
31701,1366
252,1158
10548,12532
42407,798
34584,818
26789,207268
25508,9937
9944,3045
687,2538
18111,13005
12778,2483
22688,13142
29444,156064
43751,9826
18513,9826
29456,1552
18502,6782
33258,1960
12704,187056
31923,6562
12629,34094
9360,158244
11313,170602
37797,1566
14832,1155
7227,10184
106129,187056
9555,5657
11157,4481
11015,2598
36536,164745
41076,11612
122,162846
31417,9937
1103,1930
527,2663
11934,203525
11026,10093
10652,9539
11808,3543
11305,3702
9499,9673
40374,1228
42345,904
9459,458
3989,90
23949,160423
12484,11546
10447,10685
31498,1299
2924,520
5503,10663
10371,1332
14429,6270
12521,14837
29095,5457
10515,334
43872,41599
10590,33403
17168,9016
7007,6149
26290,6054
11870,6145
20312,10909
47959,2199
7348,203102
9451,2669
41050,8508
2371,90
821,6145
12538,187056
41968,9748
9016,11088
171,90
9524,10144
949,7281
3716,2642
46889,158967
1883,966
17218,2792
87729,8570
11399,13072
27932,10810
8992,387
10133,1568
11859,703
15503,2200
12227,180808
48781,167313
7501,11578
4507,33451
28942,11268
29478,12532
639,6054
39462,3891
37658,409
17132,1336
42193,163095
47955,11221
12716,205850
12208,585
39929,15085
12505,2808
13122,208048
3396,593
5503,3442
76996,187056
11521,641
39867,9826
35588,4616
8467,159574
32611,9963
13787,572
29444,15069
9268,12371
12627,254
9679,15483
9605,41329
31908,208647
14533,740
89571,160175
58182,156028
9509,181117
6643,188071
23160,10668
2657,5737
11041,12547
36612,1415
47957,9720
10778,5327
11707,549
56583,14512
11380,7928
32081,380
40772,9663
28165,34117
42106,733
91893,470
14874,9789
10694,1419
543,770
50183,10183
11850,1228
4421,162365
45042,9817
43886,12997
175,236
9451,10508
35031,9887
14040,186360
10694,14601
805,41600
8288,1655
29794,12564
1978,34094
78256,8508
414,849
11503,170339
12120,11931
21413,164296
23719,65
17494,207268
616,1335
27899,13142
21168,206850
22618,198136
10905,33705
124,3737
12138,179431
1694,34079
452,2426
19953,339
31407,7059
8592,5340
24,732
563,4565
1492,1551
10751,11061
13820,34117
8043,5744
31583,207268
39871,171781
9091,1562
11886,5774
5925,11105
604,3221
36599,194729
10878,2539
32044,1721
26946,9970
68427,2831
12090,378
36040,818
11349,10909
617,544
10945,14617
28200,5565
1370,3434
7095,965
8193,6270
39780,10911
20455,178853
9717,1262
19174,10183
830,1872
4954,4679
8769,169654
16323,160765
9334,1530
4558,90
22171,17987
11033,9181
8413,4380
58770,169725
6435,9673
17887,33632
74899,18062
20663,4709
9093,187
12502,2493
924,33885
16703,6149
10161,5933
25670,14541
1654,12993
316098,208455
11787,3901
2164,163331
16780,194884
39043,156075
9889,156092
12093,10685
33519,46951
11247,995
38749,170865
621,165147
16220,7375
24962,208469
387,818
9882,789
9739,3469
4307,744
9454,236377
8656,1432
36645,470
654,9937
9716,10041
10688,497
26441,13042
14373,12670
11027,207268
54568,1415
691,1160
3577,10685
42691,10183
10117,178539
713,738
818,1690
24488,9937
22189,155841
12576,6091
11637,199093
710,3563
34106,9673
8074,10183
18030,34145
1680,12369
707,212
62204,159955
21972,622
2085,898
8047,570
14533,15479
63437,10594
29578,9401
14022,161188
11855,15478
29450,214548
2288,4320
29173,4709
212,156273
3090,14638
593,2117
10134,4458
10785,3243
9025,14819
11522,9673
36647,187710
10949,3430
9678,1155
10692,168659
24808,33505
11194,2820
25508,155819
27094,187239
10022,228666
10495,46958
37227,189359
8916,161248
925,700
492,2585
4958,2504
41801,6399
25319,5331
14484,199274
891,918
68822,45141
6498,192000
12146,4616
10132,3836
1480,163127
843,10226
25969,170418
12660,2652
46910,1589
15390,33841
11141,13072
2907,4553
4011,3891
11557,171626
17360,10685
35685,229299
9801,156702
29512,236
2161,339
2075,4663
955,33885
8740,1930
14811,164460
58455,34139
13950,163994
24402,9772
35638,173213
24012,204060
2161,3722
11462,2285
18079,3202
16229,894
40723,185407
11808,591
14603,1691
10632,162380
10206,197110
34584,207372
27545,17973
414,170383
43516,5565
10412,6218
14460,12405
27223,14512
10545,2422
28384,6038
31546,12532
10328,158350
10215,1004
5121,2393
41043,2176
34794,11514
96712,2553
8367,4147
3782,211
101,34117
2749,13006
2300,177231
138,272
11858,13065
43136,39737
44932,13031
760,2281
201581,10183
18770,160377
44925,1533
31701,11730
47796,549
43348,33600
23160,2105
16146,1227
405,291
40562,194005
43029,196397
72308,478
2749,166512
31527,2139
54407,818
21143,14909
47697,497
2067,12405
51230,160152
595,2325
11004,8508
667,13065
5967,3344
47608,41329
83857,10768
12698,181579
10706,7325
11190,46952
980,34117
8665,339
12589,18096
32458,10183
277073,15214
21362,9799
16028,6152
11655,4995
40772,2389
25155,293
6623,13008
10406,4428
502,2534
27430,13142
9268,15246
11569,12193
49397,156212
33521,4924
627,156117
1924,3312
20472,11112
27094,6593
15394,293
85837,10601
657,441
11615,736
31546,185420
30890,2135
710,3376
1394,131
1412,4115
8698,206581
23160,209517
51391,33519
636,6104
9529,161728
12239,14819
41662,160946
33994,12396
12708,8438
9599,627
9452,165347
1398,5369
7011,162846
1573,15246
39929,1879
31868,14720
9737,14601
985,4597
680,8627
1126,1526
20713,10148
13343,4572
26959,6300
12611,14742
78076,10601
127,12105
9025,14632
23160,204390
43329,4616
14533,6782
10394,9748
15300,174258
6404,11221
51352,4434
583,3570
9350,3800
44875,162846
7227,177571
14671,11870
3035,210714
31546,156507
9549,156836
18111,9866
9493,168222
102,187056
9087,211505
11360,10336
43041,787
11850,9714
11916,75
871,690
8850,189115
14839,642
563,2902
11086,769
32065,9748
3176,13065
50435,197508
9594,2143
15992,567
1885,2063
13888,155746
936,159574
9589,156117
8046,791
10205,12105
15239,15059
2654,14765
37218,334
10674,12554
33155,9882
11284,187056
11536,15160
9506,199263
832,74
1630,5651
31397,194705
16767,233
9806,2041
252,9457
73135,2041
70113,159094
10720,11718
8195,159685
11044,2355
2654,6255
15919,6038
41462,534
12484,5374
40446,10112
711,3549
223,660
15506,10103
9799,179431
41089,534
622,3099
12724,15001
26205,1956
11361,156143
43634,6271
9584,255
17102,3133
43361,2676
29107,293
42260,236
10559,10235
162,699
1572,14819
14484,8508
1591,1465
11879,1415
855,4267
48791,33407
10072,190007
10776,2642
13950,54169
22171,218125
2642,238248
8068,14575
11076,15172
43777,701
10637,1482
10447,9774
3063,470
16806,10291
11634,10768
10513,158726
12576,188725
16636,10508
707,643
10021,3616
1682,161791
26243,13017
2164,8862
9103,10514
36914,5629
1649,6155
52745,409
25237,9887
2978,172334
2294,168069
24129,791
348,9882
1680,907
9717,6149
1637,992
694,612
10147,207317
78208,161194
274253,170335
557,1014
31378,5565
29394,17975
1770,1721
957,1280
25944,232441
11462,9937
87729,5565
16515,182800
3782,9957
66035,156017
1626,11322
864,6075
27367,818
42569,190205
2163,18034
11902,8908
93,1416
8078,226180
9586,5628
11970,180912
20770,1862
9062,14514
42566,1721
33525,6415
22171,10392
11601,2968
8468,5545
58416,167043
11879,4932
11855,2861
62422,156205
262,5321
32689,255
616,10089
14554,207883
2928,15162
1647,591
10442,157758
26603,177035
755,227811
11310,7184
9459,6447
11879,18114
278,8622
880,4402
14615,9826
521,14604
27593,10183
11897,6917
3079,203836
15999,3133
389,33519
780,3032
15560,156810
10995,2389
12608,9826
9631,209140
15947,9977
4951,218182
35144,198910
9059,175360
11694,75
41760,10103
17136,1435
23160,4630
11525,6104
10354,3734
13189,207317
31117,6257
4722,13065
37227,222354
11316,192913
9662,1930
27223,18326
11688,3998
1648,12392
8913,9872
20815,4411
667,3347
10176,14601
27607,159947
2142,14512
562,1930
364,15002
10402,6739
36208,642
27223,6433
33258,2956
435,12670
2297,13028
13188,33966
9397,167531
554,2806
14444,9963
2841,90
20127,186370
38884,5879
10216,1475
54795,5933
31943,5552
31225,195624
7227,189411
43232,191789
7270,15009
25934,212
18780,6790
34314,207317
31043,8338
17941,6846
1944,13028
11654,3133
1939,155436
8491,3045
20210,390
1578,5572
1802,5808
10236,2109
203,10594
2293,4325
15849,178271
8342,2999
16563,165909
33155,212435
614,208873
213985,2301
43361,15321
51182,33813
140897,6593
476,2653
46338,3182
579,10084
13853,159955
10471,378
26261,177648
11342,10541
29396,10707
30959,1462
11814,5801
40634,1972
36273,983
27495,14819
849,4152
27994,8233
30348,2041
36210,14828
5458,3551
10747,9748
38965,5629
3132,15483
6075,6840
1103,4565
11027,1523
21707,1794
929,223059
1680,720
28650,10601
43361,4717
13852,240
3031,236392
31943,155809
28162,1956
1050,2384
2277,14544
7857,6377
796,157154
2124,2483
26890,10183
883,3170
10537,3800
27245,14819
11165,1956
10699,4367
2124,41329
1970,172992
24266,155344
24106,155488
153,1895
33016,6152
10161,7600
18919,490
243,520
25905,2652
57575,9673
12806,237
32488,4604
35588,194581
691,949
526,1400
11027,718
16129,33458
138,10181
84499,10267
10603,10787
11352,2733
53150,8636
159,108
9373,6259
10328,207105
60555,7002
70498,15106
1411,572
2654,33505
20075,41334
4483,851
21449,11931
14892,4702
565,3297
27429,191564
47340,10471
9619,211215
41768,2564
10131,10738
9325,230873
954,1308
8689,8087
31995,236546
2755,182657
13416,579
10021,10329
44925,9937
10296,8132
4133,6974
10135,160488
36133,2708
291,966
33680,1437
12500,10278
27495,9826
895,13006
12544,1157
753,1252
12092,191102
25313,17974
64802,173504
104,795
28117,168622
173,2769
12477,11159
43875,11670
16508,5779
11414,6324
18790,1757
36536,185957
36648,5572
104,10594
36843,2324
138,6932
5998,1284
11561,2020
11676,168750
792,2957
10136,4391
33518,41415
33518,3508
1448,9840
39907,10141
9698,10183
26978,187967
16139,2483
196,957
9341,189411
11101,4264
508,2568
9713,1361
5925,2652
10530,165086
54028,155651
37198,10349
11601,9681
290,12670
47260,5562
8216,572
68569,21747
27346,10471
10163,160097
4927,155582
797,159313
10471,33426
38950,10714
23160,255
9312,779
742,458
2928,210494
15596,3616
27723,10738
2211,10180
204,15017
44800,10391
16146,162332
11933,5628
8078,11628
12779,2041
40154,207317
98,160840
4032,10226
54860,233
2469,1591
2767,2407
6020,10058
9691,3045
12312,5600
5544,1571
27396,9937
10585,1421
11663,634
2277,9685
2302,279
6950,158025
8346,8011
287,6075
20126,9826
112,924
14022,10183
48385,207405
32030,74
172,155211
25133,174878
11524,4966
19051,391
31442,229346
11210,1551
11194,209455
56156,6083
51352,2450
25670,10410
49365,14805
16370,159558
10330,33721
37627,18034
25430,156024
47921,17997
9319,33457
44233,10183
3080,15479
27397,187056
11864,2964
11864,162536
5966,175357
527,2667
30735,5598
124633,449
638,34094
14587,10183
2912,2065
631,596
9583,10707
215993,15050
951,1650
25283,2655
10216,17987
11370,217324
66894,189920
202425,160800
54541,13005
8012,395
18168,6038
7214,577
13346,6270
1893,530
26843,836
10390,4613
24066,194022
14245,14967
664,2493
100975,428
8852,9854
13476,10556
18215,13005
46717,9714
10872,9727
10163,2887
10209,1975
1599,4183
48155,887
513,1862
18989,9824
638,3303
4291,9935
10683,5923
8619,182681
10740,4549
2923,848
1039,1842
90715,155573
949,18023
5486,2564
50549,3616
3059,223595
14136,14725
16229,40952
4599,2143
2762,769
7984,11018
96461,9748
10938,237
36751,177144
44585,1382
1433,10624
32298,1326
15136,779
25364,155744
18681,41249
17130,2669
10705,155453
9268,14819
120,604
16406,156072
784,6054
3078,12193
339,242
11560,9673
10155,6996
12232,4895
11380,577
24711,6149
11012,1155
6472,3088
9350,10594
1632,798
18002,14536
10644,460
74899,6844
10276,2835
762,113
229,155489
47620,738
23389,6091
11498,9937
31685,9826
20681,409
22,5744
1573,14819
1370,271
9382,6054
1847,155860
42245,189359
7863,14743
12506,1228
19848,3688
37744,3801
11114,6054
801,3737
12229,9649
1725,165100
47643,228086
36915,572
10991,2802
11037,6086
603,490
12110,11931
786,178650
49981,549
10861,7375
9555,3246
42791,6610
10706,966
11412,441
436,704
596,387
2616,170085
1687,3714
18161,10097
12079,187517
3591,183414
910,351
1774,2494
45862,12105
14198,10453
10560,271
1092,155582
4154,549
10784,1491
629,3703
12227,1321
4296,2964
27052,2201
47886,14831
10978,1361
52796,10183
31174,392
17487,4487
28501,235351
5228,7020
27430,195402
11936,5552
40430,191586
2608,4896
17170,13028
36843,14514
55792,14760
18780,160861
11943,3623
11589,1321
554,1627
28994,10468
790,1829
100,167542
53765,7101
14557,171411
575,33740
42238,409
46326,4653
17834,208705
20759,6075
1421,1338
3543,3593
83718,248
8818,165725
6499,208349
16103,378
25473,11431
15800,10568
11444,730
9872,221226
22140,7094
15961,509
2453,1365
12229,334
24152,10183
15802,1794
133919,171848
75386,177119
75793,157768
1772,726
120360,227148
11700,10909
11584,9823
9524,2606
1880,7059
19123,5347
11010,2041
14342,165577
201,671
10676,2546
28,2956
174,505
10576,11221
8386,1667
2023,2673
30331,5136
61536,190427
5333,977
10279,1448
638,6149
10627,171803
11934,736
26877,11322
12090,3899
40430,4040
47886,2483
31835,181532
989,2652
55306,1196
3509,12190
34374,9401
668,3373
43329,194581
13787,2483
10699,158438
12662,9826
43109,207405
13553,11221
8745,5694
41857,33344
9716,33965
9366,177555
344,822
9453,570
10632,18543
46059,14604
17185,2944
745,2246
797,13004
9654,159510
41670,3720
18519,162756
10787,852
11372,392
9425,4565
36759,155483
701,10235
25598,380
12616,10183
22010,10776
12229,818
24077,207716
17600,180523
36759,54005
91076,156273
916,11728
984,5340
31641,3875
492,2589
427,14632
1955,158023
12235,3701
8077,226177
5460,2887
12531,1486
1480,2620
8452,18069
1583,3330
12151,1808
30159,1328
10145,10937
19086,10175
39130,191198
380,214965
11035,208349
681,14819
12719,5498
40423,155428
15393,181084
10443,159315
2251,207767
37627,4344
389,6139
21028,165100
1791,572
7220,6212
10575,9826
9386,41249
15037,164500
11899,4344
9033,290
27223,395
28881,34051
17663,10873
172545,187056
10212,1792
36614,5657
613,33671
31768,187056
9595,186696
19155,345
31939,10198
42837,11514
6,4487
3062,165193
9382,740
11198,779
754,9758
14521,6075
1678,2041
9616,7412
85837,6149
56235,2956
4105,6297
9889,9974
29154,7617
29107,12377
8422,2706
121,1653
9542,9844
10995,156407
11336,14742
18919,10183
40815,157943
36536,1420
1573,10794
1687,157972
37135,13014
11560,10909
8346,4604
10955,187056
136134,9826
9476,496
41760,10965
136,5786
22688,290
778,4025
4951,53995
140,30
9584,796
17409,188907
629,14604
19698,161264
36612,6038
8872,10582
10543,6259
938,34079
622,33626
34377,237
681,9826
41653,188987
1093,6025
11897,3591
8217,2618
14262,6262
17978,10181
1024,9673
10729,159709
10440,168346
23954,2150
18857,15483
42989,14856
10001,1815
3587,2343
4154,496
31640,14604
290,887
32872,1731
65332,187056
31923,1415
32590,12420
891,6078
10056,242
8989,179368
42048,11860
10178,6610
583,3440
13899,162993
82103,128
47866,1156
9533,6259
73194,4932
7007,6129
49397,9826
16296,177329
25934,10873
10168,11931
36630,9673
1802,254
10219,736
26774,157512
169,1297
40841,167043
34388,155460
423,5565
10657,33513
303693,162388
18702,2089
10209,5923
8422,4129
562,14819
10557,1463
53150,174413
25284,207268
1277,996
10468,7464
140,514
23928,1316
10985,1284
20239,11931
48259,1156
678,1415
29464,2394
22033,13006
51182,179321
10128,6147
6278,12554
28794,189921
42987,4320
11176,155361
118,1158
626,11487
2907,6464
12635,164715
15037,3452
783,4097
11852,566
1555,155939
11463,2652
75555,208293
16769,164738
9691,2350
20337,15160
27414,5202
27451,14964
1965,34094
11145,9673
15592,162078
37843,1299
10377,4438
5544,1815
24226,1680
9099,2952
3083,6083
39940,15057
790,1321
1716,2433
35935,187056
13969,9799
31374,1462
14269,9788
10697,156455
12723,10061
18069,190078
75,840
17744,339
14578,10183
29787,198781
37232,10183
24073,13068
22076,3800
10158,160488
5503,13005
2898,159318
8974,6968
29453,10183
27545,4958
24679,10323
9501,1794
36872,167915
17057,888
10021,3836
47542,6733
29393,5340
562,9826
12501,12371
8336,5970
10518,572
27930,41591
16646,4379
39504,941
1405,9826
711,3553
32015,2903
18801,6152
568,156395
7984,13006
48482,9835
11313,160246
12658,2571
38880,10103
25155,10714
26525,184559
64,9844
11697,4277
1698,156096
12633,2708
13497,171273
403,4129
47643,10180
10751,15363
3989,1627
800,10508
15037,33922
10029,207819
15668,6234
51179,8181
38965,187084
1040,4648
312,187056
10929,33740
32685,11173
33245,740
73067,13028
238,207883
21873,10624
464,1660
8810,17937
691,15127
31498,10541
13528,6894
884,2423
9582,1326
9475,6271
12102,162219
36222,233
1610,10508
1213,4953
43715,1299
623,159815
9077,14760
8859,11931
4497,745
14112,5906
117,177380
4816,10391
1882,8181
14245,162085
12120,9951
38749,170845
49397,779
11549,13005
41799,10229
45218,1261
78,238847
11023,178482
17281,9639
36243,7671
10573,8650
34683,1415
3109,13008
10955,2706
14534,579
7500,233
32208,200286
3086,3799
21148,15111
27099,10198
11352,162846
1573,158770
554,6059
19101,818
38509,931
7300,238240
2722,293
10394,3149
27857,237
13763,3490
41730,258
10242,157768
34152,6979
36630,1326
10342,7972
301,9890
4923,4978
25969,156866
12774,1721
26516,14857
1725,159278
766,46958
35144,198914
36220,1299
10276,15106
12623,33519
1375,5399
12599,2646
9320,4391
20197,176511
43226,191256
11023,175233
228,10644
10742,200808
47955,9859
3780,5136
10836,1852
583,3737
19185,10563
9759,6103
9070,173577
828,10891
17447,10181
9454,516
10065,14819
41769,9826
5506,14536
10881,202599
40876,6782
30949,1930
392,715
31044,2136
28650,6149
17612,818
873,577
105,186189
11935,226595
11864,6054
698,1826
8286,90
11503,234292
105,953
1715,163859
776,33688
9737,167119
4886,977
61752,207583
110643,11001
165,172251
10881,3026
17409,163674
499,155518
9298,6079
11194,5967
881,6145
9306,6017
67595,170389
24807,10909
18215,206219
12775,572
10859,2483
11858,156052
28124,387
10216,11628
1783,10508
17831,1430
10385,1332
16563,165913
334,1872
220,531
43905,1824
105627,818
1815,155860
20213,209979
26261,177652
2502,18520
95,199076
2567,10168
10715,3208
754,11612
29959,339
641,3429
3782,208997
8077,4083
10783,4258
10314,33873
19324,10212
9093,14906
12590,200223
10739,3485
11034,10329
865,378
769,1583
1701,10685
13936,4344
31665,9503
32574,160037
32302,206694
36349,9917
110428,188356
139,549
1075,449
121,189093
58911,10183
12698,181559
43885,222782
42252,156120
10157,772
1039,3188
8447,14760
23832,10466
9619,5096
13580,33458
11319,2161
34152,10041
16337,12394
60855,164224
24349,10183
14267,14857
204,9276
11503,6156
1090,4286
47947,9808
199,503
13432,34079
1093,7879
34697,2483
1907,3434
10728,9377
8953,1436
96,14819
27958,703
11293,208185
12487,3045
33518,9794
14892,10183
43109,162521
248757,195624
11137,12105
24982,41595
596,5571
10831,596
11042,155294
14292,179430
5683,1985
30017,185308
77,9748
14373,570
43872,193206
1857,4375
49981,6083
33112,477
31995,236550
38904,2382
10285,14676
23570,10183
2577,2964
11980,3648
713,187056
44297,9890
1786,254
11099,3523
5333,6966
117553,2135
37691,6078
1783,388
26798,238241
19893,630
2593,567
8851,233401
10729,166235
9877,34079
32613,9951
594,822
32020,12396
32855,422
5205,4613
846,6086
22584,1495
2115,1155
8584,155291
24936,6054
1368,2801
52782,181203
2749,156022
44414,34094
9298,208498
29263,10596
9438,2251
11467,774
53879,12425
2034,2231
31582,10183
12278,3616
9493,168202
11220,3851
252,1382
137,903
3179,161919
431,14819
9696,15016
859,4315
861,4289
24808,178883
31767,161314
10514,1432
55,157171
687,6145
22490,10181
3132,2334
24003,161849
8850,190034
47140,187056
327,2231
30348,155819
9623,5153
22976,7375
10052,9312
11224,13014
9662,10391
21721,6027
8491,5306
43885,190970
6280,221297
28941,14544
561,2626
12528,10292
764,4015
11586,5810
1430,11068
10394,3446
13567,10714
100975,13130
138,3098
9540,14964
12615,3837
47676,572
617,3183
33632,13017
10562,570
8346,1599
11362,1014
14370,156813
8834,720
41959,163129
14905,736
170767,2618
12576,6152
1702,1373
686,162357
996,236
20815,1329
65012,9748
10217,166287
9555,209560
5051,17985
780,11038
31608,207446
11780,208070
4032,158259
41890,10183
8816,6464
10881,18249
28902,10714
578,2996
9285,54169
2758,1009
28973,10332
41469,10183
7984,33519
48677,170776
14484,567
476,726
28910,194430
48249,2301
1878,167805
10219,181089
16306,206464
112,5600
565,211197
1586,3030
912,3607
431,9826
635,33841
163,159488
15789,14809
783,958
16180,8012
9620,5721
11861,34094
26602,7984
24005,9826
42136,232222
69014,1252
47886,5707
1847,4668
26860,3136
631,1889
699,159558
805,161261
47947,13004
638,3307
3083,2944
817,1280
69014,157791
17102,9663
898,2646
5503,173976
23389,12377
875,478
33468,10183
172,161176
1281,5370
25698,9799
40729,1946
24518,1262
14811,1566
137,1521
2457,160488
29244,18034
58918,9937
28907,1582
8067,1562
2275,10410
40694,1532
3179,521
11072,1419
20850,4426
9507,3713
26573,7984
24558,6373
10693,5938
16281,7325
41965,6095
27625,13031
32458,172715
9292,5918
11475,2355
9028,2801
60437,9740
902,10084
36614,237
12229,1009
22999,10685
2330,444
11177,13072
94794,14629
9671,3185
780,3012
11816,33694
204,155963
7451,2106
22588,1224
14433,409
25720,9826
1597,2606
38,1453
12542,5600
32872,12392
37410,10232
10784,165255
168,5359
604,1001
16129,1329
1487,12208
27150,779
23750,9748
50085,4551
42618,978
9545,162028
10136,4558
1701,378
483,15363
21210,158774
12505,187597
13907,178424
2665,305
36536,14659
41975,254
549,6054
226,18047
41938,9228
15842,41329
29845,4280
14671,10508
71140,10294
24739,236998
55,10594
31835,4326
38203,164044
8216,739
10376,5164
2293,572
9989,6104
5967,4344
37650,14512
10640,10009
18573,14512
389,2142
36536,6149
43715,189223
1945,1889
11082,186
2661,15097
690,3131
763,11097
24742,155722
10560,3658
8868,3035
9555,1156
636,154999
37410,567
37536,209047
9654,1552
26899,10180
36867,1794
8675,13027
28628,173662
4012,157251
660,10503
29161,9748
11527,3098
27932,7464
11516,1889
24130,1612
671,3650
20289,9673
9025,572
12600,11452
10204,212
105763,209125
880,13160
11779,41591
25431,167812
70801,154802
15653,6075
23949,15009
17494,14819
433,970
1641,9935
38849,10183
439,6059
27030,207928
39780,187056
640,177465
3763,931
49410,34117
9611,156809
3989,2355
140,571
35685,226006
9090,9935
42122,160224
29074,157132
11820,171452
39503,155793
41043,977
11135,2161
55123,10183
4722,200054
82101,9673
10314,166252
45578,2135
1645,787
11187,2999
92381,175603
15849,2598
776,213
12664,10164
10061,12670
1786,1624
13156,1556
14590,173685
9542,720
10935,1691
1712,931
1970,172972
97648,160063
221,526
53151,9888
32519,168551
33689,204353
5916,33456
1879,582
226,572
1890,187056
1907,966
10731,13142
12528,155235
21513,3133
10973,155489
9087,1605
9360,223059
8388,166527
2124,1308
11333,6149
9063,487
118452,209005
548,2723
9025,10855
1370,4276
2323,10818
5608,1938
9008,6357
983,2505
10869,582
70,396
29343,222423
7501,10594
249,977
1882,160910
17494,9826
12090,3098
56167,208586
21970,1655
25166,208344
87774,10601
10242,234899
3777,3734
4421,161247
3033,208390
22958,9673
41730,166974
4507,1326
15283,207695
10586,2043
14929,9748
36915,2483
12702,9951
14554,12425
8859,15237
30049,41586
22597,10199
979,12420
12651,3883
207625,4110
11216,1388
243,634
15158,162334
1088,4676
29264,4237
23601,6038
10283,6259
829,658
23954,10530
48992,9673
18979,155730
784,171054
269,3796
39907,1261
218,4565
792,10292
19214,10183
567,428
11836,41337
10715,4391
924,2081
48862,14633
15506,12392
31703,2652
15271,214548
33345,10707
11622,2321
47653,1317
1847,12670
55,1547
488,3929
23954,14852
662,90
8992,33472
11778,422
139,793
2251,2132
9662,172972
1277,4115
31526,41151
44326,9937
20713,439
18885,187710
15559,1432
698,110
9428,11732
4460,7191
1817,5679
988,4368
14874,2389
15717,4307
15602,179431
1415,818
2017,1562
1162,212739
13416,202494
12143,14819
11624,10180
11936,2336
43130,6148
21430,18049
10439,33795
31924,2583
14873,4344
8467,167584
2277,3249
11646,3994
797,14781
4952,208593
9302,238242
223,11004
1669,2808
11285,162532
15497,11064
11031,179430
17496,1556
16155,159339
11456,2250
2370,591
7220,13116
22023,170309
3766,3342
1493,13015
37616,10183
29074,7172
12232,4391
828,3243
20726,5621
39225,4129
31667,10909
48385,15167
40508,1701
41059,4532
30348,6156
16515,7208
9439,199600
16235,33841
10377,160497
24742,3452
20482,6149
40562,1556
9395,417
691,392
54715,167043
11543,236294
43143,5260
42193,155374
3059,41022
17205,1721
10490,7717
11086,7059
40961,14698
9100,191655
10776,2382
14022,1437
16227,207883
34528,170007
10133,193554
10573,5808
50627,5532
17365,818
11123,40869
8584,10084
14168,188907
47957,34079
807,6125
11,178712
97406,14964
36536,15090
18129,3202
9304,402
8996,2652
38244,13014
10336,158567
10328,163514
16889,10623
19157,187056
24241,534
783,4101
10663,171561
15503,4412
15940,9937
1791,2483
10155,3593
36647,175049
9626,234213
11675,156075
16769,164742
33468,2588
28628,10199
26560,10468
16703,977
22356,188907
289,470
14881,163127
18079,10594
200,161176
10955,8508
12900,1327
10342,6069
11353,185482
10650,177512
37264,178636
9798,227411
9342,2284
9716,208764
12086,225061
26843,5272
604,1566
342,10791
13528,15274
32144,10093
48797,159313
11707,2411
26352,222423
32600,3667
10380,2161
10692,34117
8216,159937
22023,1556
9472,4183
25473,158606
38783,3392
16661,154802
2667,196288
24003,6038
527,15158
12628,9767
278,2885
10868,567
46688,74
30069,13029
12647,3883
31217,155704
58102,4112
9099,4595
28941,8506
26103,1666
145,10707
2047,378
28431,177035
6844,11001
11231,3436
6593,11100
884,2643
10610,6710
9585,10685
43795,2676
3870,161207
39851,196911
11811,9826
16026,9935
482,2394
342,9986
32872,181523
262,1812
30876,9743
9879,4378
2667,163053
90,15478
14249,9937
245268,5657
5801,34139
8056,13008
98505,3363
1907,458
12623,6086
26451,6078
16,15090
691,1949
986,497
871,4565
175,3737
56235,1968
10783,7832
29627,155744
3085,184541
15136,157216
40156,207691
1725,165214
18551,195402
8348,9503
123277,198400
1645,3446
107,900
10869,6490
54795,13028
35196,931
52038,237
19184,162988
23160,213876
23001,1443
9616,172762
33016,2025
163907,3713
10126,10726
11228,14755
9531,12361
37146,193532
23601,1797
16636,2356
857,1543
833,2300
30890,1956
11423,10586
1435,2468
2669,3180
29486,12434
39907,210714
18,164920
2099,13142
11361,12339
15482,11931
1927,1402
249358,12193
33221,180230
1554,199483
22004,6956
170767,155697
11811,10310
32568,157135
10345,15009
8536,175655
11071,1618
11929,212645
26946,7994
11006,167043
22033,40931
985,33465
28774,2483
53000,9937
11358,15218
1942,4725
8690,13006
28774,207317
18927,974
11365,10198
23730,11181
26560,185718
12154,1009
3085,378
18,1160
23739,5147
49671,11064
1649,163186
27970,2382
11300,293
11145,155291
26331,8783
40961,10323
15035,1445
13783,3094
41848,236
13913,190797
134,530
1834,222476
691,339
31397,11034
11231,160243
2604,2564
12653,15032
14258,2041
221,191349
24229,642
11062,2231
42233,155573
8067,13028
102304,13130
984,6259
262,1491
9604,796
24548,12090
22076,9094
10299,6255
40961,11612
11372,8077
13403,17975
348,181034
9331,818
745,208349
4929,2493
2577,2350
9778,1605
19601,10199
1375,276
801,4119
3396,6001
11966,2348
75641,11095
31650,242
11448,33625
34322,177071
5894,6458
11897,9503
19971,3335
42989,4553
9889,8665
2894,4319
27375,3036
1843,2375
771,14903
107743,9713
9026,1605
11503,161276
12661,6163
10331,1872
10222,10515
8872,5540
21253,8029
45929,2580
21923,173343
988,10410
43234,5565
26617,7312
42314,166241
10669,8158
8963,226741
11012,4115
33680,238091
797,10085
289,417
56428,236
5955,9826
36606,162262
10991,201952
48385,2766
32325,180085
1945,5650
9093,208067
42245,13149
43442,2356
39844,33841
24748,168713
9516,577
211,1591
438,14819
8067,3713
37347,1328
10987,5034
25508,7453
14638,195402
9104,6092
194,128
9928,4480
687,3437
18215,1523
14603,160442
71881,570
28026,15079
10072,203360
1389,9098
27094,11704
8489,396
32065,1543
14676,155697
61828,154867
21764,924
522,12670
41225,162262
3573,238179
22301,3520
42837,15011
197,162845
293,947
13785,158225
42848,7281
11471,10889
928,10005
26245,3633
5052,9937
10973,1422
996,6038
36850,4003
561,9717
33539,18165
43239,165643
223,965
2275,5340
632,10685
1277,5164
2460,2554
39179,10907
12528,4551
8649,242
27324,11615
9716,978
128,6054
11649,83
9373,15127
1418,5486
19259,10329
4421,11718
940,4526
24099,156810
43522,215593
11660,1437
9059,549
9476,179430
113,1529
14112,596
11297,209992
36616,9716
8340,11117
2749,642
9529,161712
31995,236554
666,158639
2160,219972
5920,6363
438,9826
9473,10988
11601,157234
15283,18165
751,3875
53150,12377
6415,1321
11962,6432
14633,18053
50435,818
10856,5385
2091,549
12633,10714
12207,5572
10571,6054
24099,14742
796,3551
6396,11687
12122,9535
2453,2231
11210,2580
37722,6078
10688,5905
10971,3799
62761,9826
15660,12545
3110,163674
10668,13132
2042,6091
6312,161271
47504,232235
278939,3300
14033,34079
54580,186805
980,207928
18698,179411
12143,2231
2887,8629
2605,310
27092,208992
580,9748
54302,191482
18513,255
10133,2251
90,6110
30666,9663
20067,1647
17956,187056
842,1562
859,4319
782,162988
415,6969
877,1155
11838,3737
12775,2483
40001,180828
28216,2125
133919,1599
11005,9672
10401,236
12227,6054
25330,2776
42791,41329
43047,193760
9956,10322
12721,4613
3597,9665
11040,10322
11009,155490
32302,193545
47481,33896
12496,3045
11237,1585
46338,11513
11470,41337
50123,10183
600,227845
343,1421
12235,41185
11370,9920
52778,5287
76330,9935
25768,238543
40969,176182
17352,1956
32690,157380
41503,588
12106,13132
14908,4410
60994,14669
11427,1328
10609,2793
4973,1647
19186,9758
1052,237384
1359,217076
11143,8860
8195,159669
10366,4286
9400,2492
11858,9479
2463,9826
278,417
11974,2340
2832,9826
280,11426
25473,9748
27429,33773
10477,5614
18355,6610
11962,1439
29933,162715
39140,202399
27102,5625
16619,10041
10132,10183
12142,221387
15867,10183
15259,246
13372,158584
10774,203286
20628,3202
48309,378
48677,470
20857,237
10906,15162
1677,1228
2097,3664
31997,180826
17991,236175
913,159532
43306,162846
2771,175357
20472,15097
11704,3905
11282,54169
36040,157906
36914,33721
989,3063
14675,14512
26957,6300
1649,14999
36647,5572
29825,8438
12653,4375
53092,1983
1878,167809
66035,1556
11904,3684
8922,179430
1632,6149
26877,779
88,14514
278621,10768
44289,246
122,603
8983,14687
45706,209998
27632,15032
58129,4673
36724,10445
20532,180483
11498,40952
11700,1655
252,715
1093,188960
4639,1556
9451,8508
36599,9826
74340,6075
9260,8430
5336,4426
12708,6946
11969,6165
11831,163120
1700,156783
657,3271
9781,5091
2160,14601
54003,1562
16993,155464
242,717
10534,46962
23479,1480
26234,6731
53862,10266
17820,165871
1281,5374
134,4344
39929,1326
10208,6300
333,5327
24679,164882
20642,9799
10161,180175
9679,227900
1834,703
9884,2733
27277,14819
2360,160488
39867,2483
10683,6281
26936,10292
26484,1524
3073,12416
11577,163180
6073,1930
12662,572
17612,1253
16314,193546
1885,5698
441,2168
31993,1749
45186,11514
5521,9937
2088,6149
38884,2346
41653,10683
10411,13072
46495,1930
9833,15219
25970,616
65012,787
705,10965
981,2660
18215,187056
9080,470
881,187844
11001,7477
44625,8039
161158,11501
4984,6212
6415,33564
29805,1336
31225,33458
2593,10183
36786,155744
22004,2394
37684,1956
22130,10292
24405,11454
1788,1691
11503,5518
9331,226620
15919,9673
804,4123
205,15053
26515,15001
10651,1788
37997,10183
14245,162199
18111,9663
41428,2843
436,155023
1375,5379
10137,380
10973,1719
10310,34215
8333,9937
31835,216735
9061,2463
8409,13056
931,293
12653,12564
9092,3098
10324,12392
22522,13084
27723,171636
16993,2792
50677,10183
27346,10292
18784,339
335,156212
28295,818
12095,9518
56583,2981
9583,156195
568,4776
8840,2343
6522,15009
10836,2771
10575,572
30666,9826
8961,1666
3086,10329
26899,2479
3043,293
42418,156395
12079,187525
11103,162271
1403,10322
2786,10183
30159,718
97406,6027
941,207317
43436,156928
70,207999
10530,3591
240177,2492
8649,206662
19463,6344
31868,207592
9417,5034
62697,10617
11847,12354
7090,13130
40140,560
10740,9713
14815,1629
23160,215059
11854,160246
1714,4565
17346,187056
39314,14759
18941,11677
32030,3278
23160,1715
707,90
912,33626
11654,4995
11009,1342
2657,12999
40815,5332
2293,8631
108553,922
55306,224563
4486,6719
12281,5301
41225,33457
415,163455
162,1435
42233,156622
9411,14999
9208,8122
628,3133
9086,798
1368,1008
56724,837
2669,33760
21200,10325
14275,10183
40028,15351
9566,6075
46978,7089
9501,1721
63054,2843
205,1550
10122,1007
1831,12392
9401,192655
18885,206694
12154,1253
11428,33841
10314,166256
26246,11038
850,11336
19596,3536
11566,4073
9426,223059
801,2135
79615,194413
12144,12616
11702,2231
9447,4900
13441,242
10727,177894
938,41390
1088,13056
38,224279
11420,15086
9799,542
62677,187056
11,4271
10742,6021
31995,5332
31220,172715
110428,161167
10644,3530
488,2510
9476,13068
47869,13015
751,207046
8741,4405
9024,1808
40687,187056
1597,13027
17295,5726
11427,41410
11159,10707
41280,572
9475,14708
10668,14852
3426,128
4296,14544
13700,18165
140,10508
29064,10867
17768,5049
15395,10183
7220,7375
500,233069
110643,14632
28902,1566
10153,11268
10907,1522
387,6791
8834,9665
9889,236374
42314,497
310,6150
55457,164525
37797,131
9560,229895
24405,2407
14683,11500
23942,13130
25431,1157
490,2679
2669,41599
314,3258
2019,13017
522,887
59189,12070
9637,10793
280,11857
31397,1963
25508,931
43267,10183
102,158558
1585,207317
14,2389
2457,9727
243,638
9062,8029
44925,33841
3763,6091
380,11428
3112,10594
29244,17985
12229,5498
27088,34117
16550,2804
21338,6951
12655,4729
9096,180550
34376,10452
581,238179
25095,4328
37036,10229
860,1812
27451,3616
27092,2629
42122,158968
22200,10228
750,1610
26258,1964
11962,6192
35073,156768
15244,6399
14797,156234
47340,205624
27655,3151
11371,159419
10242,1156
1092,4691
2470,9826
11,10016
5156,33612
30080,3089
9464,378
5729,9673
9101,4410
58129,1721
7504,234297
11859,15483
509,2559
45712,10562
3537,4344
814,223059
10280,156092
8691,10148
21355,9849
18573,209714
33477,156835
10742,9672
694,33457
9067,18034
883,1328
207,497
397,930
9025,3772
9268,3581
9431,188914
55086,10965
329,1718
9487,1442
12395,6162
112,10707
1162,6165
11164,6483
69851,220195
976,3587
16295,12425
9605,14819
89482,15240
26444,3593
9871,10683
39462,11100
52778,34094
585,3256
46884,186212
2900,14626
43230,1815
2262,14964
23223,9673
33506,10183
145,10093
1412,2249
16938,207299
831,14760
1480,5340
87078,222156
10632,9720
31701,549
9264,570
10629,9826
54287,9738
192,195889
20813,3450
9538,11265
50850,5202
10355,13015
39256,14760
8810,5650
508,7358
26761,2102
41670,11112
293,736
72086,9937
33278,33457
26774,392
18712,11400
17281,171850
32961,157135
9714,7136
12531,1523
26665,7312
391,156212
9555,193459
11934,4290
31526,154794
17208,172958
6917,156172
4497,33720
862,9713
11357,156075
45218,14638
5549,9663
43117,6038
16636,3836
36006,4129
26890,187056
10569,4733
8851,156091
8852,1328
66473,11677
899,236
754,6062
1050,164920
624,2149
8007,10084
9556,2546
2502,9937
6470,14964
12628,12670
9802,3293
27117,197582
46992,3457
44772,13130
46364,9951
6312,13031
522,2794
1791,15319
28026,6142
11851,271
25461,10183
437,2157
11773,208350
11824,1482
27117,160025
760,1972
13373,198923
10218,33876
2371,212
287,156100
12149,3598
23739,9660
40876,6038
10540,1157
9890,3451
10742,156091
3309,1326
17058,3437
9691,2708
18837,2533
62,14626
9405,6163
4154,209205
69014,170737
25239,570
8452,2964
5961,1155
393,9457
699,3483
16234,849
507,2492
859,725
9427,164852
13580,5627
41769,572
928,1418
44932,3623
13376,207317
17403,187056
17130,33928
9104,6149
14551,10261
845,234216
23954,14669
15138,1299
28448,10183
8963,217133
12651,1956
914,10842
17711,167043
25768,165551
40815,10085
452,2414
1373,4663
51144,180487
13815,6691
16617,10714
11934,236
185,2438
8468,192164
3131,2356
10989,9833
389,2122
8834,226689
37598,9675
18168,9673
527,236
18979,157186
43461,155451
9393,2652
1680,11873
6476,9503
11220,395
153141,9673
6978,2343
9414,2571
13820,2964
68773,10726
10676,3335
35139,191256
11519,339
17810,11181
225,30
1408,1454
11553,3627
8810,10590
55687,4458
25503,10260
99006,187056
42108,187056
609,196964
36915,3134
976,195402
13550,14742
9028,2110
27224,187056
2619,5938
46717,10666
36657,1852
125413,1480
8810,158269
31225,180092
10722,9826
2978,13124
13369,10183
415072,178867
2056,6178
330,178010
49397,15124
12715,15222
13965,2673
9090,167043
9532,10812
12102,6038
25283,2452
80849,18024
10686,1400
9039,9937
9980,312
1715,11732
47252,2343
103413,2438
35073,1815
30588,9807
400,1909
26038,236414
11162,10594
9275,3836
10891,4781
12276,5331
12117,690
77223,163208
604,310
10683,2337
9494,13149
5460,293
14736,6496
8656,4803
33468,6593
11569,156075
13817,3183
26333,9673
14929,10183
14587,187056
2039,4320
11216,10683
10973,1963
37557,964
2300,6075
1846,703
8067,1005
2293,171346
10219,907
40969,2546
42599,254
1435,156195
10336,4289
179,15155
11132,6270
907,1465
2661,10084
9594,15016
8989,2597
14683,977
33339,237
31592,964
14439,11117
492,1284
33731,207727
11561,236316
9008,219681
18002,212
11962,6623
12653,10714
16248,200510
43349,1462
44916,1262
3681,736
9647,179431
10428,4563
9717,2673
16859,182282
12770,10594
8587,6464
17810,18431
18079,612
820,1013
2770,170827
14361,2693
31593,387
27545,4995
34341,6075
47502,154855
11484,6186
9737,226376
294,158718
571,168115
8009,1938
28384,41355
33521,15032
3682,572
21219,11578
9732,409
16934,351
11457,494
2061,2231
14439,2957
430,2137
2160,161264
21299,414
146,18432
109,4480
2767,378
686,2846
667,2770
17447,740
10545,13014
16651,818
69014,212779
34376,11017
33468,157789
10152,6054
47555,1956
13166,8631
10536,9727
14475,200815
12900,2433
1058,1664
10486,65
996,4619
39314,4049
5055,4518
28367,6917
11489,1690
439,162846
1090,12670
22073,14819
15873,3450
1058,34094
2789,5144
37512,10123
26172,163098
43915,10287
244,188280
11589,7184
1075,11061
817,402
34746,14819
1880,4278
23730,8636
42193,14546
4708,7258
41521,14724
124606,33928
2300,177219
12150,703
4543,8708
69035,974
14817,271
11027,596
31701,11718
1550,18035
11034,9398
31696,5490
15596,171442
53244,187056
9679,10291
880,3154
10607,11514
30636,33841
43379,13014
9827,798
11561,6086
14844,3530
10381,9727
1439,5600
5961,1452
11071,11100
687,3441
12335,1956
8358,5605
404,9672
39867,12339
9311,4803
9095,10124
1599,181324
43802,974
1439,197602
10999,1930
43003,4662
9671,8723
9268,2052
12528,13065
36536,9109
8860,9748
1927,179100
2097,5144
9424,207069
10686,7629
11308,549
755,167664
187,207268
26271,10183
11535,4565
10954,2199
43634,187844
702,570
42569,33841
25988,3691
1725,10131
42981,6966
27224,6894
5336,161156
27549,4379
655,1556
31442,174968
51707,187056
310,917
44932,172136
113,1533
10530,173824
380,1873
8067,818
8467,8126
9058,663
34746,9826
1816,165241
10222,3432
8223,236
26827,769
24236,12105
16427,12425
11690,9917
15762,10058
96,226427
17691,585
2786,5918
9477,10982
15717,3266
11096,6095
31442,470
26326,9783
48831,18396
20096,4452
9694,34079
8834,1749
43634,1453
11072,160597
751,3879
11868,4399
27983,18027
968,182550
48249,2041
11044,1859
9588,3094
907,5600
11454,18525
3586,90
2898,3568
938,156212
5491,208997
575,2880
9845,1930
47237,10183
335,4402
30346,13005
27932,3203
9473,2482
25884,1812
7015,1563
78281,4653
10648,1679
613,6165
27033,33457
18783,18034
4043,34094
21828,6271
34093,46952
9493,168210
25009,10481
1371,6067
81310,193143
1073,200883
678,9104
251053,197525
860,4284
1052,4662
9378,9748
670,5585
65137,15009
22094,166808
41821,212020
1245,1307
23439,41393
5994,231933
17078,439
4203,188342
802,936
214735,128
16358,10041
26789,572
3780,15106
4025,161891
8840,4978
1213,131
11223,1680
8879,189392
995,18034
13373,3298
6396,4470
42731,170595
1126,10508
32302,193549
12205,10707
10152,390
10882,12554
36208,186403
39310,208384
2761,612
813,3203
10863,470
9456,11263
387,226474
1888,579
11870,170487
402,4426
11477,1454
28466,1420
12241,9826
1406,6876
25848,6956
14892,5548
10429,12361
163907,13008
11337,33490
25641,9713
1368,5387
23518,18034
11196,494
660,3343
2034,183637
9448,161999
10537,458
840,10629
662,822
31151,6029
61934,1617
9417,8608
11929,207819
1815,1936
11013,34030
1058,6149
32636,191826
10843,248
37636,4620
400,2340
57476,10267
18721,188907
11216,173719
4762,194451
13667,7074
9396,156849
68427,2795
17965,230834
18885,1701
839,227041
69321,14676
1375,6054
634,187056
223,14769
36670,282
1688,2551
41050,195265
41857,5301
29161,157972
9312,188955
643,14819
10323,6993
31696,13008
27223,236651
1039,3009
10906,240
14874,33457
9705,156121
25430,179017
10535,11931
975,254
25392,9882
2133,168678
163,159496
11900,10183
9962,2669
11423,417
318,6054
17663,15126
1966,10180
31146,11678
34376,196900
2722,4115
21189,14530
11135,5739
14369,162328
2667,12105
35685,964
10468,164605
100894,162845
10372,2434
117,177364
32489,191786
13432,18035
17820,165875
10157,5265
29748,155730
16560,4344
5486,14819
462,196407
3170,18211
2069,13142
65749,2683
10283,8764
11398,15053
9806,4391
41848,14792
9696,18086
47406,15001
441,2172
24782,770
15143,10873
63,4565
9529,5340
10404,34038
10925,157444
29394,10392
18885,15017
4722,4409
9086,534
9028,5253
23303,169085
28902,818
9616,204017
51049,208322
11047,2343
342,158718
20043,210024
2164,41414
9403,14751
507,642
18172,3614
18555,2483
951,4590
9092,1813
3080,110
98480,12999
13441,567
16081,392
21253,18263
6382,3230
17494,572
10461,9844
10127,162532
11804,6203
250,160488
1547,9457
17185,1399
10640,1373
11859,188294
11308,8201
29161,13005
6312,14698
903,11246
36536,7312
51391,228489
11707,10714
166,14751
37108,189151
5801,156052
646,2051
13597,6300
2637,238137
10323,162861
10320,5153
1623,378
18886,2532
26142,157959
431,2158
20024,931
10142,2957
100167,14964
9694,1946
11336,13063
10644,2111
42245,2041
31681,10792
5486,9826
1359,174075
10608,160517
40634,6148
377,2116
46681,13098
19957,113
20545,2106
9433,4522
2348,6328
425,183414
36584,9937
19797,13027
30924,12339
823,194451
7500,163656
11090,15090
13374,10671
31679,12193
3010,190089
2039,242
4825,10181
10794,8508
9424,572
11333,1701
136,2013
7227,226151
26246,2398
12715,6956
409,3800
11009,1346
41495,155502
11088,1936
249882,2618
110,4918
32558,187212
792,13065
9873,6220
10131,6270
18910,447
17663,818
640,177473
9573,185221
13041,201680
12662,255
10424,4399
845,4230
135890,33519
622,1745
1689,10183
8068,2483
11857,6223
9871,33505
470,1647
11196,5918
241,9701
655,3276
4911,2394
11131,8627
14,970
9647,7271
11060,11730
10555,187056
43772,18009
842,3152
3716,14714
14573,4565
10530,185343
31980,167043
10377,531
1970,172980
20481,10714
22076,14819
30890,1749
29512,154779
9679,10051
38921,1437
488,2514
112,10093
9741,9937
30285,9663
11859,13125
11583,159858
24182,195199
1051,4654
50043,9673
40952,9826
28988,187056
10575,162271
9079,10329
639,3200
47890,2598
41059,191602
13203,3616
45139,186
5842,1462
32850,9937
141,5674
9352,4414
9872,1612
27277,180974
784,1907
19326,10183
23949,2669
30062,189921
17466,1563
8221,14964
8810,1653
11104,12354
36586,175247
133919,11833
19236,163137
531,3029
73575,13014
16958,10051
34604,9713
14638,1420
8689,8075
541,2695
36222,187844
20545,8201
583,161817
112,14765
9845,1556
10782,6174
28580,2677
2841,4079
5156,5374
11317,3664
9542,3306
11078,221412
641,1803
16703,166571
20283,3797
1576,1568
113,3737
34106,11678
127,13008
41821,182599
41651,11612
24749,7330
20763,207691
603,187056
11058,222
25473,10183
931,110
39282,14512
22792,34079
9636,378
1965,3152
24470,10510
43261,5565
11524,1437
77780,2213
21039,177493
9396,3185
12395,155805
12232,9392
504,9672
27331,798
6949,582
41006,2702
9343,3136
9465,6521
5653,161207
27084,14760
28120,10144
10612,214527
2749,4728
644,3244
26940,190797
54390,10183
553,2804
29778,10093
11016,3546
8744,6149
26124,2492
30366,5973
8981,33756
26748,798
11804,11627
11366,4480
8850,155494
13408,169325
1572,226838
25767,11513
19957,9725
27380,191316
704,41133
30949,572
15292,10183
28200,1422
10219,6091
41426,156486
14412,155448
9012,5956
34148,18035
15007,236524
10803,3469
19997,5739
3009,2340
1578,2340
166607,5509
9611,171556
22784,156210
42688,8201
784,10685
5693,6075
778,65
1443,933
11217,217324
8986,6664
49584,572
11596,161184
244,189008
29353,33344
10144,658
505,2411
13936,165807
10127,170184
47869,9665
19094,10181
10428,13130
18835,572
11676,160362
8689,10787
11455,7508
312,158558
26179,9826
10687,169144
28758,8011
39939,10776
1937,9813
1793,40957
9426,2766
15919,14646
43117,163386
38749,208012
31510,156688
31668,108
10086,14707
26030,14604
11114,10685
11314,1576
17182,1419
26326,578
36630,11190
2288,1332
11503,11430
4241,18130
36351,181324
13416,10984
41280,2483
33339,161155
16427,7542
11861,2587
27236,167043
11657,2483
14676,179060
1089,4679
10730,2041
44708,6270
11054,236337
15992,9309
12710,15016
10923,591
24518,7312
33472,162632
26719,5305
16127,4344
27245,6110
6917,156176
23114,194231
40932,187056
23160,2016
6488,195026
12584,1589
15573,15225
10014,158713
19087,10177
19259,11061
12227,15162
3082,3338
26475,10183
778,1488
10110,3930
11022,5340
38,5625
16180,10224
247,1587
18148,4948
676,6092
44625,1253
10219,5420
12600,9663
238,699
11310,1321
14460,14544
5801,10093
106230,5605
3309,9840
16028,236
9281,417
11411,163403
4806,2796
13408,572
11533,3930
10218,33880
1643,15184
15560,211485
13282,11799
42229,3451
9008,4434
31923,181081
11944,9480
11086,13028
404,2024
963,11151
3085,180093
40841,612
9378,6154
29239,9826
16003,11004
12619,166862
14282,739
197563,15135
11176,6300
510,2574
12540,5440
32652,10771
680,14604
31650,156037
95548,15234
46878,10617
9560,190061
1628,177044
36647,231407
11202,213798
11525,4563
27498,12339
9555,6267
802,1664
8859,208349
34604,13043
33253,14602
60855,10194
3396,4102
118,715
3573,238240
11420,2339
10559,5340
55059,183133
2005,15155
23943,5801
2091,1415
35645,6054
979,14819
43739,233580
143,188725
10388,166571
19259,591
2722,1326
5961,3737
10559,200725
6075,14964
6073,13132
11533,4414
38,157171
10608,18075
713,596
5966,190084
10020,161271
6278,173911
17653,780
451,7464
636,12565
636,6149
12656,6149
2749,703
784,33479
2038,3737
9348,234319
8818,165713
14698,514
11632,187056
10734,3859
387,228491
11572,156240
19053,13130
9716,15160
762,3968
39907,1566
5000,1956
162,1415
12542,591
19277,156219
10393,9789
1126,1571
13697,5638
14,596
1832,4636
12590,13092
28732,9864
66,570
18449,156731
27498,3963
16448,160530
26635,188624
9845,14819
26877,572
11558,572
185,14819
26425,90
621,165139
2675,6150
10534,2082
16246,915
12535,2708
17102,3633
24008,14750
9443,388
9454,394
27814,1010
18681,10714
9825,9927
52796,10655
22356,188944
339,1787
10299,12545
11457,10163
32014,4379
364,173867
2668,33708
44414,156174
11982,1155
47886,9826
9272,170771
2436,12670
11012,6083
6520,3966
39907,1700
39770,2343
9095,207928
14135,13006
16563,1897
9960,170322
17810,8636
104193,235970
2293,41175
884,4424
49096,11510
20481,6152
13852,3371
30159,9826
1093,3301
8974,4565
9039,6103
36616,195847
19507,34117
17832,9725
42469,4062
26371,158718
3085,736
11944,1938
279,9649
41769,2483
10889,10226
6440,818
31225,17975
931,6152
961,1402
31442,18165
4507,157499
66597,207964
903,10685
9880,9920
70581,1562
17640,1956
830,227719
8983,6104
9282,567
4488,1889
508,2182
9314,12400
968,6149
10855,1930
29444,13130
11158,1436
17813,208223
859,3925
15842,181100
623,33519
18966,9799
9555,193760
17421,10542
32872,159868
10306,520
84285,2504
16003,8723
2026,4668
47585,10183
13041,189092
273,1252
12560,3748
11892,6270
9597,10028
11845,12420
2007,970
2021,2341
4460,409
919,4409
220690,2956
403,2076
24924,33648
9748,1813
710,193008
19382,155804
26899,9627
36222,3307
13969,206298
2360,14964
21828,5657
1884,5867
23356,10448
54575,202764
1091,14728
38554,9649
17258,161545
30702,10873
39434,155531
12560,215348
2832,156761
18993,10685
1713,160910
9285,167739
75,3243
10215,4379
5769,222842
16980,733
41282,10183
48155,195402
35685,33451
993,213
69014,1667
947,214410
296,2735
22342,11734
64,570
35610,178913
7453,14909
2288,9468
18228,4344
12508,3921
467,33648
2054,1310
31923,188733
980,1679
9840,6054
9445,2652
10973,5968
8007,720
43739,2679
38043,13088
17810,14731
10586,3450
9092,931
20642,192413
664,10617
2112,242
43771,160963
550,14819
13821,5657
10636,155624
14347,293
21733,11038
21252,14964
36245,2337
18072,5569
294,1862
68430,5625
1370,2434
11202,11139
9257,3543
9945,15084
1907,5890
918,33457
1945,18035
527,9986
1281,4630
11596,10232
9684,1906
92663,155649
36599,572
5121,1930
1554,10685
9702,206319
16296,177317
923,720
11547,4399
16340,3338
12703,10937
70881,13008
121,177912
421,3799
9737,822
27983,14648
2990,6623
10625,6270
14267,293
9624,3355
11335,10244
1832,179431
36095,3298
21413,10624
18394,13121
21430,236183
18992,155346
3587,7942
4816,156151
468,158718
10142,570
3083,1399
11107,2273
11049,4746
20312,3306
12093,236
159,824
16211,1556
37557,11869
575,2884
9208,12371
22910,572
18200,9156
8852,15001
9100,5248
12493,215169
3716,33885
8856,155023
568,226236
10447,10787
84116,1415
9396,5657
24130,738
47237,738
9448,18512
109667,10183
10336,9717
755,168152
11602,209035
13,795
22094,166812
955,321
3088,75
33575,12193
108266,9826
14280,8721
16646,2139
26936,233
28881,1422
13466,12105
32644,9649
10133,11469
508,171366
10170,3269
9598,158019
1642,3713
947,4717
11507,293
33,9748
11413,9748
23941,496
2493,160364
15278,187056
34101,6325
39844,293
34584,2343
330,1719
1792,207673
8005,9727
14464,1422
15037,155791
753,9673
14390,33720
31004,9799
6620,33626
816,15267
22130,13065
19361,128
13553,6029
1368,1419
24936,33719
11615,2501
10035,11718
5179,3130
10559,5905
840,4217
15515,2343
21032,158175
11004,9468
705,6167
698,3290
10847,2987
11942,10292
32685,5900
21948,9748
237,3737
10742,188285
4154,4485
38724,13028
8653,6373
40064,13028
47714,33699
12662,12339
37662,9180
11687,4379
9028,801
253,2671
13497,171261
2460,6563
10625,155722
2371,11064
10636,10791
8129,8130
13398,1009
37627,161757
10547,18034
4488,6158
10990,549
11507,10226
36349,293
1956,18034
11429,10327
17663,5331
2048,9826
14441,2150
10536,3612
49872,177901
17917,8250
16858,9732
40156,179567
28200,10794
31606,11400
16026,5731
20108,14624
4484,237
9833,12999
12780,1308
2334,1991
623,159803
5333,591
21024,10570
32767,2421
52745,212001
38985,1926
903,378
150523,14636
10158,8743
9702,164253
28313,919
11427,18035
22156,13142
11420,194451
16850,174375
620,9712
37843,966
14168,180999
27932,189411
11503,3298
67385,8029
86889,3633
11354,6054
20815,10685
4970,41329
602,1825
43361,708
10314,5135
9873,5956
16314,193554
120,177912
43772,188860
33564,10226
26665,5600
22293,2168
14626,255
12228,5436
4978,2606
10911,4268
77350,15479
12559,396
41784,189092
10515,2343
9025,1605
40219,164218
9671,5641
204,1291
47955,203593
18274,4456
45169,4565
962,183875
5925,160175
9874,2863
20712,157144
11074,1422
42797,4388
11343,6095
45608,2679
10127,162536
891,2980
17414,5572
48385,238591
10859,169264
48150,14659
46992,1156
4780,1336
11153,179431
32850,1968
10204,90
9273,1551
13505,1328
35412,4565
40440,14512
15764,1739
16328,4005
37410,10594
42801,549
24936,10551
19731,155613
29904,14665
36614,11687
9479,8637
10535,1815
19601,10183
10153,270
25239,189921
3086,9748
9674,736
36568,14659
56830,13059
26561,5248
18995,13125
10880,14626
29698,187056
23919,15075
31439,395
1088,3131
31378,33344
1597,11612
41115,156887
152,155212
22733,2398
36914,13005
3558,1252
47340,5657
24130,10484
9411,13129
5966,3817
9739,6149
2034,1601
33135,44451
5822,4243
20713,10787
13768,18068
31527,818
778,13088
10548,9682
9278,2964
106230,3434
5638,206977
29064,3036
11950,168502
1879,6876
29402,9552
8852,163055
24548,187056
31923,229299
291861,154796
27150,188955
2721,591
10002,212
6623,949
10174,5287
43003,220080
43307,193663
10019,200719
11042,1992
10615,9141
3079,1706
14430,417
327,1601
31624,10714
3586,2619
923,157690
837,193594
387,155499
4421,6091
61752,10226
9876,15009
42158,14720
8286,3595
1369,2019
1018,3298
8336,155678
32574,160025
744,3779
1720,2415
22279,818
18387,10683
34376,196717
14460,14601
10137,2161
9285,572
2034,796
9769,178649
480,220451
33214,2635
20643,9799
42146,40879
5121,1556
14460,2708
11817,160134
33766,10809
18274,2041
27431,11039
73575,1930
11644,2708
21779,470
11141,2570
488,2518
11549,15250
17744,1913
961,154802
48249,10181
170,12377
11583,159862
87078,156097
18892,7289
41020,155733
9702,2400
547,2749
26603,163069
707,582
11564,206850
57476,10568
43001,10614
14662,208974
992,1735
5183,3279
18423,33626
32302,10842
44591,10121
8852,1523
78406,10909
41007,214548
505,642
15347,970
17494,2483
30180,5696
2755,182649
54580,9713
12509,7464
2045,6149
16235,1155
20213,236465
9696,40884
23051,155499
954,4683
28054,11053
16980,14964
10239,6563
42148,14536
13528,191476
955,2041
6020,171582
78331,188950
32284,9673
9417,4721
9472,11014
16161,9094
8866,9673
24124,189921
3062,41316
30718,1262
10497,2564
12705,5490
46878,18379
9416,4434
14578,8508
33666,4129
605,2964
52745,7464
9605,572
11293,3473
670,18047
25155,176182
1918,10707
95627,154079
11091,166113
10705,10181
21629,9777
40814,848
11086,387
49680,218042
15394,395
9267,161829
16211,9826
27994,157677
12488,4277
1051,1759
97447,187056
9374,15111
4587,170585
714,41249
504,13059
5336,2637
873,378
2620,417
9453,131
30315,1415
7857,14558
41759,15162
38874,1721
5923,478
1373,536
22076,9830
41204,156928
32872,160246
644,3248
12122,5331
28050,11039
28430,3772
68924,818
598,10683
1277,4127
12619,1415
21355,1563
88224,187056
2330,15090
170,968
35161,155808
16388,9673
319,9673
10722,9887
12480,566
713,1942
1621,160483
71754,164742
11825,5340
10485,1872
22718,2517
197563,10199
475,5900
41084,9748
6552,155619
19460,40950
12090,6038
11584,3452
601,455
11027,2483
1024,456
11385,3513
11507,2147
2567,3203
10013,161213
10671,156783
26356,9748
10895,2251
173,219972
18197,192987
36758,1295
11542,13160
31378,5399
406,1419
3033,10818
9279,65
9619,2669
1371,3737
46884,156234
6114,2158
929,1815
435,2221
47574,187056
9877,9826
30876,10292
10670,5340
21183,818
11702,10562
37797,170344
10028,898
4154,2956
52745,9826
2887,237
10490,155624
339428,3183
3598,194281
17204,6145
25087,779
11093,178656
2161,3637
12311,168297
20287,10291
38987,12446
25392,157191
11560,6148
16198,6071
12516,7321
63,15149
47434,254
41769,12339
16235,6095
16121,409
31993,444
5651,190370
33472,162636
9475,185994
638,3295
8005,11715
6466,161794
20075,33784
5653,4351
52867,13130
9416,2019
10628,1322
34288,2620
6072,10563
173,191409
37835,242
94794,496
10403,1936
2054,1233
247,1591
34595,2587
12632,1563
198,4679
2119,9844
2438,207716
3053,1992
682,41249
50677,4556
9285,6935
108266,1560
40957,14512
425,10506
992,9253
42449,4434
62204,192918
10174,3490
646,392
12206,10183
1677,2635
18910,34117
11384,5629
42122,188991
53150,210592
15992,8508
2721,6149
342,65
489,2463
2074,6231
47252,161655
20616,10456
11953,233
16723,201164
16539,6054
364,849
13982,534
929,4527
7341,10508
18317,34079
9552,2626
28974,185435
3112,9826
12498,170646
585,12392
26860,156764
17707,378
24,18098
10347,1437
10782,1803
251053,166766
27277,168093
679,226177
3132,14967
51179,14829
12611,1475
17689,3713
28046,1992
19171,3202
266,9844
11933,10910
13950,633
40087,11931
36648,3633
33642,14819
3082,1382
20794,14964
49584,2483
11457,15160
33155,803
13403,165614
40815,3088
817,9457
11419,4630
838,578
11120,3720
11966,9663
604,3217
27883,497
780,207968
35196,2098
691,3466
9078,8504
29884,3664
2330,916
9437,5340
36492,9713
32590,572
42995,15363
12477,34079
127,477
11544,15162
15080,10873
13820,9738
16284,4552
2155,5629
1966,2857
5842,202409
23567,1316
22660,158615
14013,41391
9266,658
11176,4344
1599,162271
22797,6271
49410,14857
3173,3434
21168,155652
1039,2802
11209,155466
1958,515
348,803
34584,3205
2832,15234
48309,11263
9314,4565
44247,10714
43795,11093
2895,3446
1956,5930
27033,33518
168,4676
10627,171795
22572,9044
9428,6564
17130,246
18205,1667
9660,585
2348,965
12778,14669
33642,9826
11906,74
631,154846
392,9457
17918,849
3079,10326
9475,4543
10330,641
9390,6075
11356,10267
4296,4379
9272,170775
8986,549
23954,585
25319,3099
33016,10092
10723,18026
10518,14604
24982,269
12158,3630
9740,2588
1277,236
90,178929
10727,936
26573,176217
32076,4720
8992,7312
14774,4507
11892,6140
17965,11001
41940,9921
9822,3737
11855,6025
18971,497
36243,159099
14269,10183
121357,12999
1716,10183
11096,13056
21159,170063
2262,2437
23637,187056
2348,6576
2024,531
42254,196193
58680,168346
26477,188583
823,6080
11773,10103
568,2345
15136,11322
9012,5452
42048,8201
11316,10141
8989,9721
32458,4434
2501,4663
25425,12354
105,187710
9929,487
7863,3810
10014,10985
19423,155722
38914,290
20713,11031
838,2135
37144,10714
19698,179431
9571,13088
24097,4924
10158,3189
14510,4005
28794,10125
69014,212787
1675,725
11287,207883
22318,13028
809,2434
9442,155790
11001,642
10236,6078
63105,4458
29074,13092
3586,2863
24808,616
41828,12377
30331,10873
1675,34094
3062,165185
2028,2350
1555,33648
27681,6270
84298,188959
306,4230
10077,12616
9837,2226
401,1944
9411,6152
19259,9268
634,3170
27380,13065
13408,169305
18927,187056
521,34117
8012,818
2300,177227
61752,33451
9501,15155
12657,2334
47199,174552
619,3088
11698,4580
309,1611
18587,293
1824,9799
166680,1546
5332,1156
43089,11546
9104,14964
11700,11869
12665,163553
11850,582
9576,160413
25670,176016
32035,155790
1362,5350
12520,8201
18041,9937
26851,1815
9823,779
871,3801
23685,175884
32767,10183
22130,2652
1213,3843
3681,3456
436,2148
13815,5707
37636,14964
100894,237565
12611,11221
12653,220712
36536,183965
20423,9682
9457,4953
4437,3801
10872,215334
10905,1568
11121,157913
26371,1862
8649,1759
16161,12371
1555,14534
414,6969
603,779
10163,1566
753,549
11413,974
17185,521
17362,178213
1091,1445
344,1782
10577,231407
12663,9748
10559,187844
595,577
11773,10721
11216,185352
11673,5933
25364,917
6619,1523
10740,13027
10394,3544
4595,4461
2288,2251
26,220
3072,4379
11162,208244
344,14964
23916,156196
2202,189092
12093,2334
9599,160195
17057,228427
5279,10594
43751,208350
3600,4728
41653,494
387,5299
714,3586
11072,160605
87078,10085
19326,6593
1018,12670
3600,14527
47957,158176
9378,10911
10569,2273
23855,6104
66668,10183
159,828
9003,9748
78285,10453
42570,6075
11606,1252
8879,1936
38939,224818
1126,1872
14337,4379
18252,12616
414,10486
26038,238813
783,4089
750,207046
812,179430
8845,2770
4460,4414
15239,9794
690,12999
16769,164730
939,2606
9929,6716
15,3587
1371,6075
7299,2137
27607,14895
10215,8034
32617,643
40064,3099
1786,970
586,2419
4886,155467
36208,15162
10575,15108
22094,166816
25389,158020
897,818
20723,1930
10127,9921
916,156179
1913,10909
10830,2467
49409,187056
10424,9937
22913,6075
29464,642
158,270
28571,10329
42728,295
22910,2804
26725,2815
33020,162729
12719,13008
1403,12965
11042,40895
1678,907
180,2620
549,2635
10110,170032
3604,3071
69069,9826
26626,6149
19065,187056
16172,1946
26126,187056
5486,572
11308,236
18074,4344
14931,9727
1075,494
135,5287
508,255
2654,155435
27103,10683
1688,3714
23159,657
38244,10103
4147,174985
10525,90
41609,14577
41463,155746
73134,13130
622,3095
17991,208645
11062,1601
13697,596
52745,1560
8766,5721
18835,180340
16003,380
28410,1691
22048,10601
707,2733
38985,168723
52782,209222
11380,4062
28966,10237
11429,34117
31701,10950
5511,41158
11713,13116
3083,219903
24936,9937
10625,15402
139408,11004
13580,8778
32458,14530
9800,10909
837,4227
22323,187056
667,3075
807,1470
422,30
10632,1812
10246,10250
15486,184784
41428,10292
15876,4410
984,502
5155,2755
1492,6195
94794,740
13446,154846
967,13006
1018,3489
467,2324
21253,983
13853,192918
29778,41511
17663,11162
46924,189151
11249,9826
28353,199050
6020,171639
912,3973
635,5160
2061,792
14293,10183
24097,10482
102933,187056
11129,14964
117,177372
10373,6447
42861,2493
9027,8616
38749,170837
45929,156395
17612,162342
20009,3489
10530,234183
26270,3801
1548,175514
12143,5305
11481,3298
178,157251
162,240
16161,641
8051,1155
11023,178474
8193,6376
11866,642
48677,9826
13409,3391
10603,582
9023,158266
246,9748
39473,6309
36998,4573
8867,46958
8973,3419
16859,210024
49633,154802
45220,3930
595,1679
47542,6054
8325,13149
47957,11249
17170,4620
156,893
24909,234668
616,170007
34093,572
102933,4048
393,179430
10437,207317
1890,5756
84116,293
63443,1523
23160,10103
4599,2863
15961,10410
39844,10714
12206,13005
414,163455
18513,1585
3547,2486
40815,9748
11072,155291
8012,13142
3176,2136
21413,158470
1589,6027
37853,1956
48385,238595
17818,186403
32208,167043
10866,11794
2665,1826
23943,572
2897,385
10910,5565
14370,41609
14242,4552
25087,12379
10692,549
391,2987
40154,207716
23033,5332
18491,157902
11886,10336
597,7579
11675,4009
10859,156786
74544,3182
29884,195910
11864,14906
33441,210024
173,269
13573,9826
11082,161279
7096,3971
39543,10886
30707,160223
9716,11436
505,378
33668,197988
3763,3607
50271,10685
25627,392
5255,9995
1901,1599
18764,10325
180399,15479
12615,155294
11313,12372
24106,316
23470,10278
109264,4741
762,10982
55955,5471
813,236316
28789,15483
121,234213
6974,195114
4193,1200
205054,237
10604,10818
7453,3801
25269,2884
14703,5612
20009,6201
33155,33611
17352,165086
1719,1902
938,188947
24249,156801
32020,13059
54541,10960
10824,161712
4909,197602
4108,6019
11121,201512
37347,1316
914,3068
21921,9716
240,156024
1092,233055
26290,9840
18079,180250
7219,2483
3396,6123
425,178645
3010,6150
21430,293
178,1680
6037,188947
59427,208979
39907,5331
2655,162846
10694,162199
22010,10073
9025,4671
6114,169626
43889,388
21338,1568
199512,9748
10774,7271
9620,14760
9064,157788
11359,6186
10648,10978
36222,162993
42115,187056
25497,179852
29621,5331
772,65
10534,167863
95,13027
14615,1930
26225,155245
1369,279
12799,1862
1627,155896
10518,186447
14554,181089
11867,175536
32613,1299
16337,10292
12702,10183
5825,33965
596,1591
41225,1523
9289,13065
1405,33685
135,3490
10530,173808
600,18543
16508,9963
32562,237
17487,155464
16858,15160
11879,5091
22094,209476
12627,5918
21451,195402
33468,1852
31509,154802
10756,2918
117553,168115
44162,208611
22650,585
11702,1788
643,3231
38219,2486
31657,2564
15389,206298
99318,41523
6341,1919
41280,15055
1901,5600
27857,392
11676,18034
18111,2483
9941,10329
18905,159955
617,9457
8357,161218
23949,933
948,18035
1700,173307
9778,10855
11354,40879
11481,212
82545,161272
40072,12420
23160,14588
17692,158108
843,3595
43103,188991
816,4159
17238,2301
668,3288
3595,1584
11033,1879
604,4563
23449,1930
8697,15248
8216,172383
8047,160061
53151,10738
12490,6168
695,3521
14584,11931
11373,1930
146269,187056
9737,14707
33680,201490
11956,90
23160,6078
63437,208931
494,90
11929,2619
11356,14512
957,3801
9027,1342
13912,1992
8009,3963
43786,11823
600,11106
46614,924
36955,3546
9490,919
18311,5091
10683,7879
46286,13027
602,9831
9746,4559
5651,4654
8007,11117
9835,4461
120,234213
1418,14602
522,444
33214,9673
16539,2407
36362,5565
39929,162846
10935,797
87729,2020
50173,13006
10447,2041
949,208009
42861,156080
5851,7477
8871,9963
1577,11738
31624,211043
21734,387
21484,11925
32456,207716
435,2225
9090,187056
37797,977
1880,1981
36194,5732
43867,204060
10720,736
913,159520
14282,10278
31378,9725
2771,175345
11353,10732
1277,293
11354,9872
11859,10718
42010,4116
16220,14544
4927,33458
28,1261
28448,12371
48797,6255
867,10226
36536,196586
2928,6140
31417,54610
5910,966
819,208349
17962,10809
8392,209974
10206,167982
4628,128
12157,155647
163,159480
10306,4769
25392,7422
31923,8201
233,242
1429,1563
296,1373
34282,182281
1645,9826
36439,1956
13187,65
37550,187056
9538,11627
30069,10683
23531,10183
874,4351
12090,110
769,41523
24909,182266
9699,6149
43307,4995
9058,110
48482,9937
8619,182677
12611,9855
276635,1960
18161,5287
120360,33585
3591,12616
9021,1991
19053,14964
10835,2708
36040,10349
20367,207405
562,1418
9301,428
4592,1156
15802,233
613,351
8420,8080
18780,1956
1368,378
10283,6304
11497,4116
25188,11711
979,572
18835,3508
62697,2766
36606,187056
13703,163048
25066,2394
49225,5565
988,226617
2084,186757
37943,5332
510,3737
12704,3593
19953,3588
10157,7477
9665,160201
564,165301
9357,1332
12088,208085
9008,470
14831,10125
11184,1992
46918,233
339,588
11282,8224
289,836
508,1438
364,853
8974,14909
902,1566
36048,5903
793,4075
3089,9656
21355,9890
8078,197239
890,4570
9008,11208
451,922
33689,13014
49462,9824
1368,2956
76002,155208
6961,13027
9845,572
11064,168346
49671,74
12228,1228
550,4142
26031,11612
15237,163110
27658,395
626,207592
877,195402
16,2490
43824,1956
698,14626
13446,14766
52735,10183
763,351
42566,6149
37264,10920
36536,5202
11804,34079
504,1333
3035,14659
7863,191815
33644,577
1572,483
2160,227612
11164,7813
991,4565
11360,456
31151,162954
10918,7028
8810,9663
11317,936
613,3063
6414,571
983,4107
11713,175510
1542,33471
28026,572
13939,2301
36234,14629
41870,10183
14578,9748
38874,4116
59427,388
49671,2652
2501,159433
29095,3392
10330,198929
27090,171676
9062,171293
3083,521
11028,10726
4613,6021
9361,10322
44793,12392
13380,10707
16,2624
10722,207317
17909,394
26813,225244
65550,4129
10537,2483
31916,10093
12559,3088
7091,4197
33155,3385
13154,12670
11016,207746
117036,187056
3766,9937
8920,2248
9945,1508
7442,2320
8428,236
3574,4550
29425,904
788,582
10086,158235
981,165282
61828,190883
42108,5565
30815,155794
266,883
10314,166244
395,1949
11010,5420
12628,3262
2897,279
6471,160741
31703,204177
1700,9844
10131,225209
12761,6038
9470,13142
11023,11925
11899,6300
13785,2589
11024,15162
52907,4344
33138,6078
28994,3593
20713,2041
9499,1326
10222,6075
63435,222
36629,12352
7506,162954
101,2708
16248,4548
29512,2546
2667,3392
9473,9663
10651,12193
32023,3392
16307,4720
31923,6270
48709,4023
2912,4452
13376,6496
10144,188993
10406,12670
9960,170330
23160,2187
10551,15009
2088,12366
66,5600
2142,11719
98,235792
43905,211082
18644,9730
10693,2710
14797,178719
18079,159607
49370,33610
10824,9955
17814,2583
1634,2526
10693,47972
4836,2149
38398,572
15564,18330
11838,2062
22572,2766
2210,9799
31767,165470
19742,3347
136,1326
11416,160279
29242,9663
11686,4381
27932,10168
100,4262
88174,9937
31835,18118
31703,3799
8056,2315
10545,2638
11804,172927
250,1652
13193,1862
14881,163656
29587,2815
30588,214548
11503,172596
221,1002
177,187554
24192,6150
14282,910
40096,983
36606,14599
12475,4595
8333,1228
34070,9887
1786,2450
10447,378
39113,8508
55,10399
3716,13088
9299,9732
41282,2486
10658,175629
1712,5729
36586,162533
5544,254
37616,10041
5279,154976
76076,175336
36599,12339
10327,2686
12637,13072
210092,2864
10513,162512
46498,8201
21338,1812
682,179430
13408,169309
12149,2968
21032,158370
10160,6152
43785,4781
670,14778
10209,1463
65075,10428
10306,14999
3875,3541
11596,657
11259,4663
947,4107
623,642
37094,14819
24919,213
121923,41385
27970,13031
13685,187717
125842,187056
14347,170827
19997,6662
23020,1936
4722,9951
10098,290
11318,2011
63945,246
842,33740
18392,5091
10349,3096
17687,167812
667,233
29173,416
100894,237569
711,1992
11008,5947
10065,162413
3472,3014
85673,15275
2768,3248
17057,6093
5052,2598
10389,8608
3036,4005
10692,33841
14433,14819
10147,2081
2047,6168
1580,6399
1680,201956
826,3450
28436,10541
29825,14818
5333,3230
15310,11508
14030,165857
646,3271
1883,3036
2575,1969
11423,9826
177,3741
1685,1852
18886,10168
11854,9469
9359,1582
15723,10331
60670,33699
1913,9840
226,9826
34746,2483
17057,966
21052,378
29471,10202
9385,194576
40206,13147
42780,189099
14022,490
10744,4671
57283,10138
43103,6093
9662,33474
3088,9748
43117,219370
10296,212
5910,6203
12705,179431
28295,13130
30462,155841
13457,196682
3089,208505
64568,9937
37969,15162
2978,155851
29748,6506
57855,6054
29512,13097
9013,168346
9623,1417
11092,10909
101,10226
22201,5074
39283,12616
35080,18453
11455,2149
9581,33705
1550,572
633,1956
23449,6496
500,9727
36647,175041
16769,164734
5966,188645
857,4300
17481,229103
49981,1326
11085,9089
107,11362
10728,8353
2074,10183
12483,3335
12579,3595
51515,440
9781,18021
14245,158780
6499,156159
11577,226499
13370,11800
9472,6269
1439,1319
2302,3902
16307,11083
43258,2831
27517,3199
10604,2365
11202,5565
18587,10714
10210,497
11971,497
8007,168839
36850,187056
48797,12565
13701,164199
96196,187056
14293,2348
10127,1415
1039,5331
8741,11106
28794,10292
1857,4290
10110,170036
22,235625
13416,168930
32325,12987
41391,509
132,4917
53157,1919
22797,290
548,3012
10567,10789
43839,167411
8913,157499
28963,18118
851,6038
935,160370
214735,193431
9102,15354
15096,183787
12665,41355
544,11223
11804,2564
20348,167863
9835,192519
23668,161307
294,4932
464,1872
1913,41599
989,1201
77771,14735
21032,1994
32275,183528
853,1956
9942,167889
19053,4470
36568,9727
2260,6071
5927,9094
1846,155807
10401,18106
10955,8045
11970,4402
11838,9714
26520,9713
21052,7412
32023,41380
87417,10051
4708,1956
35200,155573
14580,177673
9801,5348
657,470
29095,156174
327,1796
36439,188725
11000,158718
34053,207126
14369,890
9716,180193
150,168590
19140,6075
19933,209387
13938,4733
1369,33705
11356,1253
31640,642
10445,5301
267,549
11064,226550
4939,6635
61225,6075
17132,1930
31641,191043
32081,11578
14398,9754
500,201058
1639,1422
796,213
43258,188901
8494,169604
3085,236
10680,6278
9873,703
1421,3188
64382,191790
14931,416
42695,12105
3074,6737
27459,14536
9597,202335
23160,166512
1701,14601
12456,33490
278,9777
11025,1608
11710,2434
1792,208515
9312,14819
9597,161395
35685,1326
49410,10299
17203,10183
17006,1667
10322,1284
985,9887
9065,477
15121,165470
37774,237345
10618,185466
21972,6075
1791,9859
8851,234739
467,1523
32023,156174
11780,160279
1429,3230
36446,190370
38617,13059
124304,187056
14832,10877
916,612
10686,233
9294,6257
468,2350
468,33841
14444,380
9679,10950
24274,798
744,207414
43839,1691
11904,212
31939,237
11132,216919
27681,156478
15186,10183
23908,1956
62,306
5255,48711
14411,7994
6277,160488
32646,40895
72613,188114
11881,207317
600,4747
11953,6092
11542,2483
9499,6563
823,233
35888,2398
32144,4637
10571,3200
809,4158
11342,177900
10590,167234
23990,187056
14442,170362
638,6255
1923,33785
166,10791
1831,9457
41280,41260
26475,187056
9597,5340
634,572
19665,157282
9573,5340
12237,11221
17965,9826
873,3017
2280,170728
14242,1523
7305,10349
9357,2060
2017,15167
25155,1879
76330,187056
5486,2483
22178,836
20455,6104
1900,5616
19053,6027
42407,11004
17744,12391
9686,14893
105,949
43805,208048
9737,167115
27545,188475
46910,2504
17185,6083
19433,2157
22189,701
585,13124
604,1721
30315,14792
54396,572
9081,181324
9306,2041
8840,6092
563,9831
32255,9673
29425,220908
780,206472
100894,14857
682,3269
10778,928
10413,1721
31117,1480
16094,6270
47434,187056
30497,230137
3870,6917
15136,157237
109264,10572
39043,155730
12662,11221
33731,186507
33766,10683
1373,5403
46691,213
76857,41589
15244,10685
25087,14961
85673,780
20616,1523
42632,6706
13612,10776
40508,187710
954,3268
9871,5975
11884,208289
10972,6192
21430,12190
1927,4456
10204,582
11477,2918
192,207046
2502,15483
16723,579
57575,90
924,4277
88,572
21241,185466
19971,5905
10388,4702
19621,7312
884,3737
7340,11001
8665,187056
40140,2215
22323,14819
8392,5331
34093,255
10342,166280
402,3796
9679,14601
11826,10051
20701,10123
620,11627
14527,1419
14874,33632
11634,11870
29507,5301
1418,1156
11859,155555
2024,779
37025,9758
2263,3012
11016,1196
35073,33696
10806,1862
10412,2356
5801,10508
755,1664
26306,204967
1090,310
40952,2483
38,563
540,158761
10607,898
11420,206515
32519,167982
10649,5439
23626,9716
10464,160910
39770,160423
5917,14707
73621,2483
26936,6149
40952,41329
12480,1595
10683,155294
9659,14735
10776,33491
14696,818
34093,2483
81,179431
11,161176
9741,163455
53092,10217
10824,46951
10384,222423
22076,3288
41843,13149
10155,5305
11684,34094
11340,6220
640,5565
38191,1930
15037,2135
73,165583
12146,15009
11355,8508
9686,2679
11057,836
47352,159608
42795,2365
42045,6165
10207,3452
43136,13028
37088,10041
158,167043
41651,210608
23942,18034
124680,2658
9266,1524
30547,5905
11472,970
31146,1599
22323,9826
12663,226589
9064,11536
12335,334
10633,14783
26451,11039
4911,796
9267,161837
38225,18165
10649,8956
35796,2026
242,441
49964,18009
171,13008
12664,11018
40815,4438
41463,931
117553,387
1213,3152
18910,9937
9645,4078
61934,171781
1618,34079
36568,164253
6415,2952
927,5152
707,3518
32499,172621
33324,3089
936,159550
37247,9840
4952,14733
21168,1618
5506,228389
27245,3760
14785,11031
18998,208534
3033,5565
11429,378
32326,10423
3179,156788
626,214549
9349,3820
9285,10058
10127,15162
1649,2964
30285,34079
21876,10685
10855,572
708,392
19169,155436
703,10229
11056,2642
11824,4613
9451,14782
11774,13014
13821,6259
18215,2483
49299,33490
9800,740
12647,3851
29173,1949
35685,818
36955,167444
3784,1946
12093,193295
86889,3133
279,131
29122,10883
1089,1524
10843,236
7340,226602
2075,2708
23941,2708
10856,10183
31767,344
29107,195304
13945,234213
37943,10329
10714,4809
39907,227352
33344,10235
818,4541
11184,6050
26942,3201
117781,4344
10261,232591
9067,2535
37662,10103
10083,2314
10642,178226
18,10093
58680,4513
46767,184161
36040,161281
14269,445
9062,2463
9671,193760
16311,642
149,4565
10320,11289
27099,237
11545,3551
204,10590
43905,828
10142,13065
11354,10226
11980,290
229,6737
601,9457
38985,1560
783,3398
33523,4344
1913,5896
828,6057
36819,4379
1497,6362
30588,6038
36446,9887
43785,1321
692,165580
6619,966
20815,2964
37992,769
124304,4129
49799,18035
10585,9826
30159,10241
9609,1566
9413,1701
37797,13008
9651,3290
22,11087
41651,10714
1725,9932
900,4478
9611,8508
2527,159431
5503,1568
1277,1936
9033,8264
16723,526
9613,5832
8689,210856
10613,5159
18072,828
6499,9663
81001,9840
12519,5918
14464,6212
9607,9920
10735,5600
2323,156802
26398,162801
27197,9725
21845,1480
27088,6054
11955,1815
210092,11431
9401,9826
19952,187056
36536,68643
6415,3570
2899,6716
9602,11860
173,10503
6404,272
11587,2626
26928,18072
42245,180715
41076,15483
27997,11479
65203,156764
10283,242
75793,4344
28881,40870
21736,159212
22289,158569
74544,1523
45874,3734
864,4307
9409,155446
15037,6270
5757,10180
11240,212
110479,4344
795,1604
19665,10168
5503,10562
10590,14643
887,2425
895,3720
948,14819
18828,534
23378,10449
41280,191009
21964,779
11902,2602
17814,4063
261,894
547,18330
2721,214724
21539,5708
11258,8207
22590,188841
20164,212649
26940,234356
9466,12193
13852,6148
1892,526
15247,156598
5622,3799
23761,9786
1584,5288
23954,193266
1927,162365
10688,1872
47697,10703
8766,17996
193,162410
1380,390
43743,10183
37921,3365
39179,592
43865,18454
36006,1946
28978,182824
704,9817
27591,2041
171,5600
10096,178329
754,194942
31397,179568
35780,10988
2371,6539
12622,2231
691,441
23101,974
9045,1799
36136,14964
16790,207834
778,240
31427,4397
80287,10183
110,934
2118,167164
4486,295
47886,255
4104,1155
8916,3640
7214,193547
9331,7336
9746,188
2275,10085
10537,8903
2069,160488
133919,14720
153,6059
15875,207317
13766,205349
32600,3582
11654,15136
42159,4344
76,197528
12703,14735
38732,1897
9267,10267
5122,162262
11827,11494
2787,4565
36105,187056
266,887
19666,172280
5917,10950
31941,422
28200,1731
17339,2652
12721,2808
714,14735
42448,977
9716,596
17918,9717
8129,3739
13368,207317
10830,5561
40082,1343
979,2483
48385,200347
19957,3968
9821,158558
39222,155730
17707,65
3486,6770
2262,567
11933,798
69069,5565
32093,232481
9316,3434
86600,818
175,269
2637,4862
11855,14893
11934,1436
9798,1284
8838,3635
42623,11660
39310,586
33324,194583
2767,960
13203,4543
2024,2983
2755,182633
8860,156236
2260,14638
9051,1599
2654,2340
6917,4484
27972,879
32027,3473
15395,726
28276,233
11223,2449
7091,224795
11834,494
41280,18068
15720,13059
6415,11088
27429,4210
24742,171612
333,4327
39310,14707
11359,6300
59387,11322
9597,4779
12143,1849
10355,3879
23439,155317
17030,13142
11948,1462
36758,10594
11527,229299
14347,1326
19971,14659
10117,15483
47070,1291
2280,161307
6028,162262
57022,10183
16229,206298
27062,478
862,6054
507,2671
5765,9937
9667,160497
20770,34215
15813,3203
6646,12988
4587,170569
9569,4613
507,6054
28501,344
34086,9951
28026,33624
11561,6318
1607,12392
17667,898
682,2708
11347,3133
124839,6078
12,181068
1712,5733
699,1568
11547,40895
12519,3182
11864,13194
14271,213826
594,3022
66473,155697
2043,4668
42347,13065
3934,2348
32284,931
7453,211
24134,14818
14736,8635
18242,10121
11660,10183
12229,208580
9263,170539
41280,2337
658,3287
8744,1010
10160,6506
10350,12405
4806,3455
14267,171636
38621,165468
8392,33467
15096,162636
18837,15089
3132,10950
10127,801
106143,208186
103,4225
38203,220203
8992,3616
21734,195402
90,6212
43485,5565
9671,208662
135473,174908
265,930
5618,13027
10676,1420
22871,3078
22711,5744
30789,18083
33278,6496
26162,10644
11371,3356
18205,549
713,2060
29903,1394
10697,4320
36040,5657
668,1308
646,3275
22727,293
55912,40850
770,1452
9424,12400
708,3535
27429,157634
9027,170827
26843,9672
2924,3883
7008,33461
198,2435
845,6259
1933,33465
42861,9454
27042,10158
2759,824
13154,18098
7090,1526
842,4242
16172,3914
35583,2504
18220,12105
2019,10594
871,910
3482,9904
10688,1014
24111,155819
35680,10103
53939,167215
36843,15161
24236,14915
36210,1919
17894,407
117179,171518
8216,13059
39256,13008
492,7879
8996,11508
9013,168350
96238,9799
18502,14601
49981,9840
43307,156037
61813,10629
31671,3203
27150,1556
23627,1691
240,701
10389,1741
27414,186466
854,974
8052,3230
34604,65
47018,13065
857,4304
8961,15271
10486,6876
18030,9937
1999,2317
2787,4862
507,33625
431,483
4593,1566
18713,13142
918,1873
51352,1755
11216,179428
38939,175376
6106,1008
4518,10202
22588,2135
17993,33458
12634,5739
11697,10909
802,3746
100894,10726
8984,6282
12498,170630
11576,3713
28941,13040
9077,223059
21060,10180
10364,1956
36446,2426
9077,3888
1637,3306
7095,5133
2148,1416
12618,34079
12185,6155
10801,5809
9764,6054
626,10093
27098,10337
12483,1595
49872,190022
10127,14601
20815,11718
9450,41591
20126,14742
43889,197928
40969,13008
269,922
31602,158449
9403,2606
8342,1662
150,378
1369,2434
10229,10703
10110,4402
25189,187056
507,740
90,157892
609,230191
18780,233857
2460,1664
10331,155561
16129,9945
80849,2606
54541,3800
397,6212
889,12392
37712,15216
9431,3133
3079,9826
9325,2526
40555,10183
11634,9833
43860,191439
306,5340
2978,33519
268,848
259557,10685
11052,1317
26378,2752
60555,9503
580,9663
10674,157904
11025,5800
9041,8303
51230,6224
1893,2063
54979,1860
82432,13027
35861,158063
5991,154900
2637,14742
10530,225547
8916,13065
312,18035
23449,1857
1627,160279
12237,196543
23283,10809
12776,9016
1939,9937
982,10410
161,10530
34388,3272
17113,40895
9090,108
742,220491
2007,1279
9277,3202
34794,9937
18972,231870
12597,1565
12149,2919
42668,11195
38884,5965
12545,536
4011,7925
11357,1435
11831,9395
16448,160518
95548,10229
755,14687
39428,531
4518,41022
9686,642
29071,191814
2057,1664
1433,14601
10389,9714
33831,11523
18392,10519
682,911
532,1436
10652,13065
10670,949
9438,157904
344,1953
4483,2547
7270,3202
31608,15363
43795,5600
9012,6241
1373,6078
22356,188932
12207,494
11593,8029
19971,15090
1777,238241
11523,2080
19209,10349
20348,168701
43751,10103
8536,9663
1433,6091
2637,10904
20758,6167
2160,206384
9540,6373
26827,9808
9573,6149
16992,14819
8691,10787
1779,156052
113,2062
5879,10183
8386,54610
32325,12670
1927,222797
9090,242
40087,5767
9960,170310
44047,187056
9028,1647
15482,10183
25239,5502
21972,952
62,310
41756,187056
85837,187844
838,830
2637,12193
11859,14967
16885,13142
11942,534
18148,6038
22543,1608
9696,10292
10149,919
11054,6713
26626,10508
6917,206850
10131,6152
600,14900
11000,1862
11123,33457
10127,293
4547,3305
14809,974
93,1315
50091,237
11905,12564
9806,7335
24266,5657
692,11192
8222,10229
10751,8976
10694,1562
51044,33513
10991,11451
57221,3133
841,3074
18,10150
1883,5565
40507,181858
18423,33720
11892,6258
21923,173339
42401,196546
5923,4410
15136,157241
12806,2201
132641,156455
10576,9937
53879,173823
17909,992
40815,441
37165,3979
1834,234849
99002,187056
52758,224411
120360,192279
9731,14676
28377,3358
396,1992
26515,187320
46691,3600
10515,12988
54794,13090
56156,15134
10056,7439
15655,15199
24005,10229
15596,171434
10673,5636
479,577
694,10794
21291,494
29514,14819
124,1786
421,270
9362,158144
9594,160488
2084,293
11598,2571
643,1816
10533,2871
25670,10012
9098,3296
42215,176706
671,170362
16618,5565
9482,18712
12775,177998
1894,5340
4909,3864
802,1599
15144,13130
16129,5570
16672,209998
21874,14818
4296,14780
29039,1527
45671,534
744,13001
1891,178710
12719,3864
10218,183133
11449,173099
9003,3182
13549,155733
4233,12339
2123,222
3086,10594
249882,173644
14698,1604
26268,185525
540,158765
887,1543
11929,13097
873,33841
6264,3071
36850,9826
9025,14828
26475,8508
49842,195402
9280,2547
201,1399
41801,156770
18627,7671
11004,13160
11822,572
16,11061
41021,10125
38766,161246
77079,156212
18828,591
1791,3260
103,7368
11592,3451
9991,378
631,5809
22500,9887
22307,703
45153,1156
7451,217142
2662,161270
41115,2483
18197,2957
10264,3071
11072,160589
40478,190476
14778,9713
9535,13027
11706,4381
1936,4320
19120,14742
9316,779
10493,1813
26352,2151
630,3151
281,162845
2160,13040
47643,33458
14670,1416
2761,470
396,10181
24982,4388
857,3930
43336,193533
1818,14743
8870,2964
57447,11039
1712,2944
634,207317
11,803
4762,5340
10570,1881
16094,10275
2501,33507
10001,8691
11676,15009
291,1670
281,4562
9688,33648
28466,5600
27150,9826
14709,579
541,378
9871,229740
22094,166800
20321,10092
29244,33631
13433,9673
12281,33458
931,172291
11414,6089
31581,10183
9746,5722
10829,158144
36947,165278
10671,822
707,3522
33680,156236
11590,14819
880,10180
709,3543
11892,9104
840,206811
20620,9937
5927,1019
25473,199518
2657,1155
466,703
40087,11541
44203,9663
619,1596
8869,158206
3529,12997
30159,207240
949,15076
9869,782
10279,3010
4202,10183
149,1402
10567,166958
10843,2334
65994,10982
33112,4344
9479,3335
11830,160488
9486,14601
80713,172399
6038,9748
40446,293
40639,1502
1792,733
37672,176793
28100,3473
47947,11931
682,3436
686,10706
6974,839
32037,190763
18420,10051
10839,9683
11358,585
10780,2784
430,2076
11004,596
711,496
565,2041
55207,6038
321,2554
47886,12339
11955,3779
897,936
713,3593
16085,6038
40633,4344
14904,207556
11986,5836
23438,164092
11873,6075
401,586
49397,1560
129,210024
17465,9849
42193,2808
32569,14760
25783,7937
1939,703
66918,162365
20108,54613
12761,14743
4107,163116
10872,1437
2294,168049
1894,6092
11221,4394
11646,5657
18979,9259
26789,14819
38096,13130
40841,34079
7341,8508
296,1381
2094,4663
8463,1013
41801,15320
792,1701
1497,12193
12537,10614
480,516
42179,531
1682,159088
172,665
15762,157758
216,525
76403,12572
18885,9748
123,604
9833,163110
29743,1405
11450,8072
41090,3713
17030,195402
14002,10706
17814,10349
31225,158718
42500,155859
39225,18035
8069,165580
63945,13005
441,2164
9304,2281
1126,380
90,178539
19101,6271
17834,4896
39503,158558
10133,207110
9348,1475
16980,5340
68274,4129
431,206850
13466,818
2210,34130
10406,159955
9299,210655
26172,156166
1377,2283
9442,207883
765,13153
9585,187
12611,5086
17641,207973
24229,2708
9441,15161
12535,2456
12476,18525
20,7879
42254,5090
27084,191881
34584,855
26789,9826
29904,189151
830,4190
23160,1577
57221,187056
872,9104
574,992
99,744
9679,915
15263,180795
9393,6271
11966,33461
138,10482
40772,572
1050,941
11508,155493
329,1767
9748,9937
18513,414
20681,13006
527,33841
11658,158540
9021,207317
784,170652
10889,14512
47796,157499
31161,3454
11054,167200
9873,3045
5955,187329
45964,191527
11475,4344
37233,3703
11234,10833
39875,9748
26275,167608
41282,8508
14664,642
41171,238241
8340,1961
3870,131
43518,291
62330,591
17113,156388
14698,4129
44932,192962
39907,209076
22958,34130
47474,74
3061,10614
54003,13130
8974,1280
31023,10683
9558,177588
37257,428
1598,570
168,582
480,13027
3577,6587
25736,155436
27997,194170
55015,6270
27845,7464
43777,34079
111794,3979
38222,4344
9355,8516
1802,2755
14439,6092
22,1321
9473,6154
31642,5565
1628,818
9609,5571
12484,162645
42661,5895
18550,2157
1610,5625
211,1563
37431,158750
11104,180294
10937,7464
10618,478
10918,1909
36758,187056
10557,931
2105,33910
58102,14985
11128,168115
85325,221361
9479,2343
1480,612
984,166287
170,188957
14603,10291
110,5260
32030,591
19425,2343
4689,175884
23160,194063
39256,233
9414,258
49410,11836
1701,4245
39939,567
7090,5905
11428,818
23439,10541
5916,15363
1610,6914
10375,7464
20813,10049
73351,160977
9571,15060
9844,237
17734,10183
2112,10594
73,380
91,40895
12101,2340
940,13008
422,2055
55059,167768
41774,14985
11187,171781
140897,291
10133,4183
13560,9701
8422,2792
120,4959
10997,478
31618,184659
8592,3149
26483,4344
54568,209051
51036,223198
916,226581
31044,160424
11576,387
21309,9713
615,3033
13702,733
11424,3017
133008,1956
568,189098
10824,187844
33253,10325
571,159841
20213,128
41003,828
331,1718
36446,2483
4951,9758
11837,158324
11072,1582
16550,572
13411,542
161,10453
11412,41414
25698,7868
2048,312
5822,12420
711,6054
36095,818
9359,383
4488,9826
11963,591
48677,2052
23949,567
780,190855
25319,160350
41463,6038
8337,4565
10545,5090
10779,11187
11031,2570
11114,4932
31685,2638
8077,3388
11051,4115
11016,33740
11849,2641
10940,4627
37094,33352
840,1603
4174,1453
942,10726
9267,161817
9556,170356
36850,221186
10861,2281
53157,236
811,3801
56135,10329
3766,2269
5966,33940
11558,14604
13580,9193
18047,6054
5998,183817
14022,167507
33680,612
32042,155790
9414,10325
12764,9748
100894,11267
26300,10247
31650,9826
2841,13065
862,931
184,2001
10028,1691
17481,196413
15119,9748
11859,158247
40028,3133
1586,2872
438,483
8649,14819
37198,18034
11629,1010
9424,9826
4326,5706
10955,885
3512,2314
10925,2483
24241,179436
44925,7368
828,236401
658,3291
9576,9713
14551,2284
1439,10508
11027,9826
9613,2884
26983,9778
43805,6174
37567,4522
9059,9649
10016,166696
31321,9673
638,3149
10154,242
10995,572
8422,9826
934,159840
11385,3851
19092,6075
17691,165870
9386,15134
11360,1566
42566,14964
10880,3823
702,1156
85638,154802
9531,179102
55106,10683
31510,154802
9061,6139
890,1842
22621,9835
10687,169136
2771,175329
267,744
18762,6075
2119,6315
1051,2231
2614,1706
1816,156028
17689,9849
6393,3658
10168,156797
43388,191439
11598,7271
9873,9758
51321,187056
9603,187056
18129,159607
30197,10965
87078,1453
678,1635
708,3539
842,2957
2640,2913
632,3704
51179,212
698,162610
2133,13046
18502,12377
10537,3593
24097,10092
9433,4811
9356,187056
58997,189115
42114,10714
55912,9713
15919,12544
12626,917
1791,2699
29376,33934
4011,6022
47434,242
11065,5490
75555,11034
23724,167200
1093,1252
13580,2106
10694,3713
32294,155724
6917,156168
842,4246
30497,33874
10218,12396
15143,207970
9909,3436
9823,188955
10220,7496
36724,5879
8392,4908
710,701
289,1625
6396,10183
10158,3230
37920,18024
10742,703
36107,592
37272,33479
9267,156019
12505,18068
9956,13006
36536,4702
760,90
2161,2820
13815,2231
11454,7568
4296,1521
631,3154
8816,9957
11560,5331
36351,164296
42518,4344
2749,1366
378,1009
27458,5767
9667,33977
16172,209102
166,248
10563,6281
11395,207317
604,6104
10086,11800
875,2682
603,221385
40508,15017
47869,154787
9833,9714
35796,10329
792,14643
9016,818
5183,1336
4267,5783
2360,6149
500,10085
34838,733
49462,190722
11547,10376
41784,189995
12112,6255
1918,10508
504,2122
11412,166625
11888,4010
29444,2571
47957,255
931,3298
30192,33922
10599,131
15278,897
27549,192913
11667,7188
30502,5625
37835,162380
63945,226459
14832,818
400,14819
3179,2136
30069,4735
4011,4062
3133,10562
10285,828
43463,11034
14578,738
34941,10183
9919,2726
9769,1992
2892,2726
11904,9401
25768,158192
11313,170615
14013,3338
49762,33480
56428,14760
10577,3633
20472,41351
17915,187056
171,10707
16,30
11326,172740
21041,15156
1213,851
831,1603
28941,157690
19673,4458
18072,2231
2288,1003
21764,388
13441,41609
2501,1589
10484,4320
389,2118
45169,2219
10028,33934
113,3676
22244,1817
102,3817
316,34094
25095,9748
24739,11737
18910,3098
15708,237
268,852
2054,6027
9409,13142
6075,2124
9104,5340
50285,10183
2020,13027
4909,6149
23020,17972
6278,173903
9488,3271
9739,10085
32261,3692
864,3266
1439,14643
10491,1808
11470,1471
814,1014
9696,157707
8769,169638
28054,10183
31923,293
25330,17971
16139,162332
1654,158778
32023,798
21764,5999
18250,163338
27245,41594
10734,818
41828,6270
2211,3691
11069,158272
895,2679
49126,156104
28774,255
400,9826
15136,10237
16448,160522
220690,236
22490,192657
50677,11578
42238,158217
4825,165533
26626,156768
19460,155545
18681,9767
26167,195402
73116,33505
299121,13008
10627,171783
7340,3036
179,441
11770,5400
10895,33677
9652,1284
141,970
8740,156091
11610,5999
20009,10267
133115,11036
262,4740
693,3454
51394,5419
13005,11494
35196,44449
43266,164742
9319,159937
2362,803
37137,192099
2487,11249
9470,11032
1802,3804
36489,11289
10843,10901
11667,5362
10153,9951
10999,11107
24808,163075
680,11242
9960,170314
6404,3098
26946,14760
8416,1755
78177,10180
10372,9920
41007,818
615,10364
36372,34038
923,4632
986,392
577,596
43612,177035
5336,159595
9610,2343
31397,41586
11558,156298
35227,34112
13528,9826
20043,9882
24130,6394
127,5271
15196,160887
15789,4344
10515,6092
11378,8795
6037,5333
3509,1566
63020,208396
2102,258
31511,165241
37347,255
59809,10909
2165,3599
11859,15321
22323,572
22613,9550
1791,6029
5638,2375
11556,178649
5781,2281
15787,14857
27265,208476
9877,12339
11859,9844
261246,156810
1049,3441
10242,6255
274,12565
11522,190116
705,6562
36095,231642
10407,3864
10684,6049
1607,5606
10131,6506
9749,172466
780,154802
29464,10616
586,2944
20283,180491
10589,6168
10856,10594
29394,233450
8325,9673
2323,227655
17908,3321
11633,15090
53426,779
10443,9872
9289,4299
35780,207560
98851,157741
20238,2673
5204,810
8348,6149
600,917
321,192519
11826,201927
319,12670
50183,187056
15394,8653
216,6059
22490,160845
12395,10322
11852,9727
10137,2393
42807,2492
979,14624
44591,161281
9103,2041
29794,818
25853,33432
132,6027
11822,5919
842,194451
763,157626
16417,15075
698,3469
47942,2041
18588,9826
10536,1563
47907,378
881,4405
15596,171438
401,12670
87774,170633
26665,10183
666,33457
12802,34215
22033,5147
4043,237
34044,162199
36943,9935
29154,2470
23730,41412
184,822
22660,158416
10160,1009
26723,41591
31397,181239
1818,10291
8963,162365
22871,6091
250,6092
47942,10685
10179,526
24749,8721
40156,172391
12559,441
32689,642
10586,409
11293,14659
11449,173103
857,3800
42245,18171
23159,9826
11411,179102
161070,157799
42569,818
12704,7041
11131,5964
59146,171817
170,14837
16246,720
10705,6091
19997,15290
6028,34079
29074,8087
4327,33626
35343,11949
27498,10534
52367,3588
666,1161
41059,209342
10742,178210
36955,1196
11456,208349
9354,10226
19405,10988
10955,4967
9064,8377
13416,8508
12616,1332
203,11436
8367,4615
10995,10131
18113,5984
616,2905
42146,207583
10135,174244
35861,10685
42218,1196
3085,209563
336,2019
703,2398
57351,5572
1073,3616
2924,14601
1632,1559
30924,208578
8839,206813
2370,701
9798,1666
52782,236484
849,10471
42114,6152
3595,1812
968,182546
7299,836
15247,470
27084,18379
41777,5614
32488,15111
2017,9727
24266,802
8584,179431
9622,13072
1791,180340
575,2876
1997,41585
802,2087
53157,14601
654,69467
1586,6149
36741,271
69234,231318
20616,271
50553,9401
26690,11260
2665,157251
10384,577
39867,9786
4561,190370
542,2149
539,1879
8046,1930
185987,10349
11370,3720
56428,3298
18212,1329
605,12190
1583,5567
1599,3923
11378,3131
29825,40950
11016,68642
281,4566
76464,171346
54804,8070
8699,917
29587,155418
63945,178379
2109,167366
2617,65
2005,41592
9606,5153
1058,534
3110,1419
11427,2483
1498,390
38617,12425
8656,5096
11690,6075
3526,12662
13446,198673
709,3547
40841,4552
10776,14735
32328,164753
8987,1261
309,5600
10345,4918
33521,9714
12277,2051
1643,10614
30159,161982
55457,6027
8690,12364
626,3307
992,154802
135,953
13595,18001
296,312
849,10016
24065,1419
11975,3012
31606,520
17130,187056
13441,2389
26319,11677
6444,172971
9393,396
52263,293
11859,4530
19415,155262
9479,12199
27814,2588
5122,2751
51878,10278
521,1488
7214,6278
28171,5389
11527,33841
14587,958
10573,791
10229,10683
37112,470
11469,184258
9336,4358
1879,12532
8810,5890
9093,9812
3598,3800
30246,187056
713,2658
177,960
890,931
10876,13097
14676,188156
35650,10183
43391,10183
17343,10053
23945,195212
466,156091
940,236558
46691,10183
26347,10674
9662,154802
30497,11487
5618,6054
4587,208992
117179,170827
10608,162339
58129,351
10485,494
103413,13014
9716,1946
10442,4452
34223,293
996,3973
19827,159913
27042,10756
10872,1441
10989,8650
1092,1227
16328,1635
152,1430
10699,155816
11935,720
468,2200
25749,10093
34376,196896
28650,10183
400,10391
9666,10541
11704,2161
12257,7151
9840,732
24103,10920
96461,10322
10855,3508
27883,10044
30666,14819
4247,9964
435,843
11031,232186
602,9738
3543,33885
10771,2051
605,10364
10160,207884
18088,4225
14117,190970
36955,161520
12499,11093
9689,2793
11775,5728
644,40850
23160,11246
27042,9951
10824,14692
497,9774
20536,1480
795,6150
801,578
46614,6092
37658,13014
929,5698
2144,5514
1649,14544
5156,3679
4192,201535
50677,10399
1649,5684
4909,782
10320,10842
14671,9789
30892,1610
18172,6054
10948,167982
32488,8508
11542,2117
23395,5734
755,4063
9699,1384
10310,6673
13550,206850
11676,167043
2160,6791
36599,206850
9441,15165
11123,657
11282,1820
11450,7271
9872,165100
12632,2279
216,74
10640,176217
11676,167982
27655,10909
8452,187046
36245,12425
22500,2483
28313,456
1599,703
4338,428
10246,12011
143,10141
7219,14819
9294,5086
1689,5723
464,30
11412,176802
13909,4948
143,227807
60966,33632
1277,2428
30529,972
215993,9826
7984,13015
2018,238179
25166,5340
9299,14819
9384,167726
39867,158567
14034,6168
621,542
2116,1196
11153,14724
18148,1480
234,183946
42538,158780
43236,41393
11937,155297
10349,9927
3509,387
46976,4518
4584,156510
32872,157392
17113,156392
34683,11678
8675,14536
15278,2564
55730,10183
15516,1419
11503,1680
9595,8421
196,155573
19429,49950
10607,398
37019,14760
9096,13005
38867,931
33666,470
62761,10123
1802,18035
10670,258
1362,642
25066,796
14112,5565
2898,828
12707,3799
5143,4543
802,5767
29244,1502
9552,18402
10205,10508
40814,572
58129,187844
16026,204170
3591,178645
4234,12339
38965,33721
13766,191586
34528,188723
4823,14794
18801,818
24,1794
395,83
37227,6095
38765,5672
3131,3430
200,162388
16052,164447
36947,6007
705,10644
33343,192665
9051,534
11449,3358
10607,12425
149,1353
69234,233843
667,782
83714,187056
489,11018
935,194825
33468,1706
10145,9872
9341,187033
8078,163561
9482,162988
9025,170647
27256,155440
409,2052
11414,33343
10680,6075
12145,4328
9299,9826
1723,5750
38203,1927
21220,187056
10163,4563
10843,2635
25155,6669
5544,4320
40683,339
11033,444
22,1459
38874,290
11702,8997
319,887
14551,14852
41582,9727
1927,163207
34082,15214
11033,169815
103960,163080
18212,17975
75490,1447
9714,4290
10564,1545
117553,162842
9102,10158
11662,4458
964,221966
21052,10726
42179,11436
26893,10183
2055,5701
21413,6270
12655,1562
2667,3754
575,1563
9614,1872
9278,4379
24018,11487
23160,15381
31064,1002
11837,158328
14551,7281
14662,18253
856,162262
25364,34250
75759,9318
9769,40895
812,9673
2071,1453
397,5334
782,158292
320,207268
1059,1321
40772,2483
693,2088
15560,3801
47957,12339
638,2669
11647,5964
10879,202401
45213,4344
27118,9401
21622,197122
33676,549
549,960
105,206735
42136,156120
19157,9716
18250,4978
44875,156390
3597,1936
136,11487
15999,3630
18274,2517
37921,33388
579,13130
4587,170577
17047,214596
108059,194713
11469,392
14854,779
38203,13149
34746,178364
48217,9748
9352,572
41653,6069
43455,394
21259,4565
13685,13097
851,1326
9557,237
11187,10603
9405,1223
205,10089
22073,11221
11462,5091
766,4067
15647,10768
10725,4375
32644,10556
11621,210024
11190,5301
10306,3684
2022,161757
28216,2451
9691,10950
11983,33705
36943,1669
433,209220
2788,5865
28436,970
90148,11289
9529,9955
33441,803
31388,33626
2142,6149
30159,185528
37232,4662
68924,4543
2898,641
9555,10183
29204,637
26643,6333
2675,228753
10285,9663
12150,9937
8392,456
27346,15127
11228,15162
2616,193237
1783,170223
11558,160543
37146,6259
33339,5767
9570,4078
11687,964
237,1261
10669,2820
435,2213
28586,2041
1433,6152
20164,14536
429,156212
544,3262
40760,12339
12616,4959
31217,10794
11959,186803
60855,5600
81001,162846
31835,207583
814,11004
2625,208167
1213,237
36536,10988
32872,13043
10687,169140
2749,10685
42254,9713
76395,591
1051,2235
1126,815
10515,14659
8871,1441
29071,5484
28055,9826
25508,8181
681,6212
9342,9725
36040,209560
15121,836
52999,10183
14237,3363
10390,3658
10161,11935
11375,2708
10307,6159
69014,293
167,11612
574,9937
967,5049
2210,9840
10538,1812
9947,9717
12778,2016
679,1603
33472,162628
145,14765
789,477
24982,14785
33068,10183
2334,2898
27118,163175
2294,886
3934,3190
9350,10794
34276,305
1698,187677
12241,11221
296,2650
9087,833
754,10950
9362,158071
9276,15250
431,1646
10054,14544
12508,3836
13815,2235
11448,8018
16026,4544
10618,779
9741,4619
159,255
13193,34333
136,235598
22301,2504
11228,720
8195,14678
29204,6382
4203,1252
11953,161891
26723,164118
8489,12562
10909,917
5051,197619
5558,10183
3509,818
21484,10303
745,11627
11702,1589
40694,1862
14844,208633
16859,616
24106,173139
12086,6460
3079,6317
32047,6149
260,13008
614,208349
11462,2676
4925,376
890,236
3085,10718
905,893
2163,974
12090,2676
19415,13088
1626,157217
22323,160335
6620,5165
37296,6078
43802,33673
22490,14512
18644,2334
288173,570
596,1526
10537,7464
15875,180803
1090,4563
10995,255
909,165517
889,12616
755,41380
8879,3591
16295,171676
9023,8241
8467,167617
135,392
4613,2492
51391,11734
60285,186391
11832,1650
16072,160201
8047,290
30421,13153
423,2435
35780,6300
19846,6149
2604,422
38939,163841
629,18024
27450,14819
9034,331
43779,1295
23655,10183
9674,3737
9394,5301
31498,9826
11313,165142
949,34117
10860,2660
10105,3930
18215,1930
15762,10327
39891,162745
4816,6293
12144,1720
13403,165606
1924,15246
1391,158718
4708,90
49964,10235
11364,6112
11967,5672
12118,271
10995,2483
71943,3133
307,588
62001,3070
10776,9986
19666,6731
41280,33649
919,4942
171,2201
7305,9743
121,4268
3016,154802
31656,818
36647,3133
14136,169638
25392,1612
955,3269
12629,205710
34328,11634
940,10410
8195,13068
10285,9826
12531,33632
51426,1956
43149,196425
21430,40847
11574,1919
33519,194834
11221,2898
1588,11672
8386,171238
124839,14893
205,13069
29263,10873
9476,10466
754,14601
2760,154802
18111,10123
31656,2107
22998,207716
2891,10508
378,3725
10635,187370
1847,5616
39274,9725
19200,10183
253,3391
11700,163110
1675,1388
11069,158276
9501,173162
21168,4932
40760,10058
38951,10556
27437,13130
1955,207673
38783,9707
10246,208445
57834,1313
9800,6148
22112,4898
94123,156851
16379,10988
41730,6898
10776,3704
3086,4373
33734,162078
5548,6110
11054,171636
22915,5349
24005,3203
100,7149
14778,208542
9549,6165
17339,9052
31703,270
2527,155845
37112,393
24100,4197
11697,797
10338,168568
36943,5349
9538,14811
39176,156075
4497,514
47333,182376
212,1227
14675,207592
2246,9937
4988,155791
28319,12377
11859,9714
30159,33608
31417,14760
34528,9663
10322,1646
24518,167043
9728,13088
47819,6086
40732,165369
414,156116
11838,185408
12,180568
15292,5349
44247,2546
8868,1405
10619,12337
37712,782
32872,9957
12560,6054
5332,5202
330,1768
42245,33772
10518,6086
3780,233
21500,7476
9460,295
41938,9826
29146,5981
808,189111
33680,170418
9045,13005
8074,155167
11015,9649
38582,12667
1410,3925
4896,171070
65203,4344
43340,4528
2654,235266
145,941
10237,4129
33632,162262
31217,8997
53198,184345
841,4237
125109,388
51352,4020
20006,11711
27088,208591
22707,4106
813,4545
10655,4097
19483,1415
8273,8070
32308,157972
1669,155460
11484,155720
36222,4458
643,205585
17057,33705
31685,13006
29723,3497
27259,10111
48213,11064
2749,378
9442,34117
10692,10714
961,2687
23160,168297
29735,9826
38047,10714
29173,270
14135,159287
694,2158
10436,207928
403,2072
3062,165177
23479,6075
10513,12377
1879,33476
3085,236252
622,2335
11977,6075
5683,232923
2371,5986
27973,14873
24831,158045
11851,3012
10249,12670
19326,10639
11078,3852
1538,14536
9460,779
31225,189920
55667,12616
170,14707
29072,2652
21991,11262
35685,428
41760,6038
881,4409
28466,156052
11366,2358
658,3271
58062,392
12665,163545
3110,186391
8440,8040
1883,796
12639,534
5689,2580
29449,222
11982,6657
17238,40895
3090,534
531,15162
18168,1326
11287,163097
10636,1525
17539,237
2501,3045
12308,5625
695,236
10342,3687
10054,2143
36344,8723
1483,10183
4951,188237
9599,4803
303,1816
23160,162365
49565,2504
4203,744
36234,2887
35080,8508
65262,10714
22584,10229
2383,6535
8867,7002
20639,6075
187,158973
33564,8181
40639,7658
43452,5565
439,725
44875,5572
47615,2483
36040,187844
23574,10123
24816,2342
42617,3136
10655,393
10937,3658
14696,162846
839,155497
43595,10229
11778,10685
3981,187056
11571,3347
16442,33482
11121,6038
11319,1930
21143,3704
37636,10768
40885,3779
6415,168818
10998,1157
43905,238052
10534,3180
8467,215404
1939,5920
623,205598
1879,188994
24936,156401
11796,13072
18111,156810
38096,14964
9357,8517
15239,157681
17692,158340
8840,14643
10776,165317
565,6103
52780,10181
204372,187056
11864,6091
9417,769
42593,10183
4241,4115
8838,3432
899,212
10364,14638
10650,2860
9567,7587
39503,2564
11543,167576
29702,588
14683,4523
11215,1009
1793,5600
1891,9831
8835,171169
10552,919
19,3223
334,970
10923,213102
1637,157251
9504,34117
58129,215659
10643,1299
20213,237185
10494,10336
42989,2492
29270,190066
13,791
10987,179565
598,187056
77915,10873
10323,161170
11316,497
5137,736
37716,10183
320,718
28307,13028
61892,2389
18993,911
1373,194063
876,6150
18196,2908
9494,210925
13698,156052
10439,180194
24920,9815
10502,1328
17185,1936
34746,206850
38939,175360
862,9823
11335,155586
929,2051
10393,8338
18148,732
17768,10449
47886,12563
111,416
9529,46951
10314,33910
16703,193309
12633,2908
21846,4593
23333,187844
22279,6344
12634,13078
9873,15483
26515,616
31701,6270
679,3591
267,992
3175,177998
11859,10950
10862,4129
9469,2538
32273,10508
275,9409
8740,10941
10783,11061
15251,9716
9499,5933
73,9890
19664,14643
11426,158372
13791,6844
41291,230896
4547,2321
15762,157632
22256,795
9268,228607
33339,10683
51802,5571
11228,14601
19483,10222
813,520
4912,34038
9096,10163
9942,167877
80713,33372
2898,10818
12520,208518
76,814
41003,2983
10557,187
21484,14735
14874,9887
11846,4604
11018,8015
52794,18165
20457,6664
9819,9824
10047,190855
36040,215415
13552,13017
9416,5638
7091,6255
15070,6075
11302,2339
11943,10349
12537,9683
929,2535
11962,9498
978,4561
635,10629
10640,12193
12521,10292
9016,156316
11456,2393
7011,9707
29756,9826
128,7376
33020,3633
19403,227532
10278,2122
45938,10776
9491,6110
18919,202682
15301,9706
11120,439
34322,229400
16427,10360
29514,1003
1075,7386
35265,2483
10855,6895
26,6441
1548,175506
27007,211295
783,4110
949,642
10663,171570
35068,156217
10606,1706
13368,6415
10012,4769
9401,2483
9994,155325
8016,220
11229,11546
9884,2148
14292,169213
11630,212
339,1759
8851,234727
30278,65
11775,2699
53939,157213
10997,7439
10214,1009
35685,1664
2786,47021
616,3072
20723,5923
111,157223
18,223344
10437,33966
12577,9318
21168,33739
45335,5694
35685,34094
10086,173259
10380,18035
11033,15106
27430,155845
40969,6844
760,822
21619,13017
12101,5113
9772,188955
14292,2070
22976,4379
2441,6559
41280,11262
48385,238587
10176,818
18329,10596
1487,11627
10355,185692
14245,10958
9316,6211
10176,10617
11015,161276
430,2113
9501,210024
763,18087
4935,3098
8337,14909
39930,10714
699,3272
1811,1664
9962,157598
9581,271
39871,9758
31924,15237
626,3124
327,1463
170,212
841,6091
18721,198735
23941,3688
15813,10168
592,2980
9100,4252
9304,12572
9770,3051
78331,191711
9433,10349
489,33519
28436,188841
42021,207242
20075,41404
29244,6044
20737,158386
33560,236
41768,168622
45145,6432
41852,3344
24066,11860
16281,157351
607,1826
19997,167942
55955,11290
13909,10563
11526,187056
860,6086
616,1462
11184,195999
330,12616
10174,4344
21041,612
16874,9808
9749,11719
10697,14534
12619,6270
830,1299
2264,2279
100,10776
210092,10183
1537,9937
9654,1321
13533,10183
9454,232987
948,2483
11027,572
34528,188727
11005,2618
61892,242
18203,14836
586,6091
12211,3095
200,162392
22727,14829
32850,158987
406,1952
784,1773
9882,18525
9874,8015
44591,534
1443,187056
14902,279
9028,1899
16636,271
1598,5600
46973,4274
10342,166268
29478,41385
780,238085
6114,169618
435,3693
1443,18035
41671,9663
11778,2956
646,441
40140,204004
27331,18034
11187,187065
31685,173977
2460,1595
22618,918
11635,171143
44932,5774
10497,5809
711,6278
18966,155490
31037,1956
103,7002
705,15320
12151,4480
12716,13088
11313,9815
109667,222
655,10392
1725,3691
13466,209072
34288,11663
12144,3521
11005,11612
348,11322
10774,2136
995,234253
25502,10644
6523,4542
638,445
18587,176182
614,2417
14527,10051
10628,160488
30959,10794
54800,9937
37088,5707
337,1975
33049,157151
765,18451
259557,2106
15259,897
11359,1990
40423,12649
175,631
25239,33407
7340,1674
51722,187056
27130,2041
11479,494
482,577
47796,161508
36606,33490
10710,12392
9800,9104
364,5570
2048,3703
70345,8803
32685,2005
41038,1618
27070,14736
166680,207771
9566,178378
10176,3664
7299,1755
1421,90
8491,6095
68822,155845
14365,9673
4806,12193
342,6075
241,736
11659,13142
22301,10400
664,2213
10731,5340
12227,189392
16026,200470
11909,2956
10466,6095
9316,6024
9428,3446
614,4995
11356,383
4997,642
25969,10623
2105,208445
817,4379
5851,10718
402,158713
943,167311
24197,10909
15802,6373
9716,1442
808,3098
10386,10891
571,172226
45862,3986
37347,10786
9331,10410
12239,2085
42837,549
36586,40884
45220,836
10223,6054
16161,4313
9340,169936
28046,155331
40823,983
10158,201388
809,6187
76330,2560
51179,177967
3036,9714
7015,10183
30140,158688
10219,164724
10771,258
9835,131
18885,193545
26748,6625
47620,8029
11587,156091
36843,172383
17130,2389
2058,931
5651,10123
8869,158190
52302,12667
16973,167104
17600,214954
565,736
5725,162993
21355,1909
8074,180754
10543,10809
9462,12354
11427,3752
31655,9552
1637,822
17965,5439
21189,186776
32261,190628
1970,255
694,10241
29723,11930
66597,207883
14337,1448
9833,3977
21846,9830
39927,14819
10424,13072
34086,12541
12229,34094
790,1415
9096,1279
23159,11363
9504,642
9686,14828
11876,924
29393,13005
76083,179991
24977,6075
4988,6075
10824,15127
14112,255
10923,4779
11184,6038
9840,4900
2067,14626
1648,5672
14874,1003
38874,11061
1277,10084
57825,165212
36536,196578
9772,417
818,15267
41280,157144
9257,5422
26957,9663
38147,184439
10998,190370
2294,168033
13122,41329
962,4543
65,898
3482,4655
995,219945
91,5253
10299,4438
32646,235410
9591,5716
23160,208005
547,680
16933,156165
18535,4344
16,10508
4281,3799
19819,6075
12187,6155
15708,156166
9073,155529
9268,6163
11969,6145
1073,6092
49410,163069
26520,40952
24065,378
18862,10103
907,128
31618,13015
41115,1930
102,7879
10775,12354
593,3801
1675,774
10995,3508
39507,191260
42989,642
35196,6148
11040,13014
55604,193507
4203,13149
8012,8438
9300,187056
16340,90
10386,215404
1567,11792
31511,186189
39927,9826
8854,12670
1213,725
100,15395
20676,1568
12622,796
21052,40879
927,2725
9791,10349
9552,179564
43846,191107
6974,9951
18983,7671
5854,3864
616,1543
43443,11038
2160,198423
28169,10292
11548,1603
24099,5086
16028,3030
9352,2483
4296,12617
43867,1930
711,3192
18215,159278
1574,165686
31812,194048
64334,13059
11852,3722
242,242
12475,156052
916,175208
12281,10624
15762,34117
11936,5756
26278,1299
49314,10183
95,1423
118098,958
13936,165836
19425,154999
17761,180797
43226,10891
9573,2860
12715,1321
483,1926
3782,164500
521,931
39929,18005
46119,33841
928,5155
2118,228495
48482,14735
4762,949
948,207159
11426,33702
12093,12987
102304,14964
9827,11004
20164,232235
50435,4128
132,5283
9675,2702
27236,10183
9776,840
39907,11581
9837,187056
1626,13059
24962,6876
18264,4616
8129,13042
1039,570
9486,2505
6440,10349
11564,7920
664,5543
28448,201950
613,3055
20075,163984
40087,10183
25392,34046
24186,187056
856,4280
17689,181135
63105,9663
13776,160619
36647,10842
20794,10183
166680,2079
633,3156
33641,161294
32015,7937
37722,1228
73515,2658
14342,173486
11137,3071
22625,4690
29887,6464
9620,33626
27591,10084
32302,18035
9953,6054
9619,220844
31618,158279
139,509
31439,6917
15802,14964
24100,818
23990,14534
9616,716
26842,539
10305,970
11075,156322
6593,176052
10970,10897
127,6084
562,13116
8744,380
16209,2974
1392,549
11569,2334
88,41260
30194,156810
830,208337
47676,9713
24546,10525
11542,156810
36055,9813
48482,293
33020,225410
8690,34117
490,2875
9849,11860
32261,212
9057,2336
29723,188953
16328,4595
6414,190605
27475,234906
422,884
18129,207268
1577,12377
185,4565
686,3416
20187,155801
10395,12564
17667,1691
4421,720
1873,5499
14310,9663
1599,6562
42245,155791
178,6104
39140,1009
183,387
1483,33489
8764,236316
695,1850
48750,2792
10545,1691
630,4639
3112,155436
1913,3737
16442,14559
981,232712
9960,155746
36614,10183
10644,3055
10329,3379
42178,190434
11333,1356
11850,444
21355,246
1018,1660
32146,180162
586,2952
10688,10183
51179,14638
79615,179012
2042,570
11129,3925
121357,5774
9967,2957
25670,441
11846,5600
14811,10707
8983,977
38219,1299
4593,3030
11527,10466
549,2818
30114,8201
71140,642
22383,10084
9507,10410
25473,34079
15653,179431
60437,222
10585,12339
1927,12393
9702,10211
10652,2957
41659,160946
47199,174548
27985,3593
144,292
11059,12105
13852,822
53779,13005
42861,193605
61934,11018
9798,6078
829,2281
60855,10707
90148,187056
8834,3713
14462,8651
658,3275
23132,233
16889,5801
11811,9408
15196,12545
35170,780
241,8201
16129,157799
53779,10911
29778,1909
26813,157156
43885,1156
84087,185201
8428,2135
13997,169078
143,33638
2210,8181
46119,769
8420,2087
197,189433
3989,4596
13667,179430
11601,3363
1091,9951
41280,3614
11333,9195
15618,14544
19662,1525
9717,5739
808,4147
898,378
744,3564
9271,803
22004,10726
2160,217163
41784,215159
33823,1739
2105,155722
1433,157194
11315,8947
11286,196401
17295,258
288,166552
12521,14805
10865,10336
52745,10148
9719,10183
20713,907
11566,833
11300,3713
10515,210024
16633,210184
12708,9935
745,13001
10404,271
99006,3276
30636,157499
54804,11327
23916,156192
35848,10092
27150,255
841,1826
9458,15234
9636,4005
76083,7347
8386,15000
14696,223738
16307,10941
9523,1326
18538,128
1959,160910
23518,9610
10872,10041
10577,3133
21148,158054
5781,9673
24808,291
4435,188
9549,14626
18995,5823
9652,12193
550,4565
9470,2343
1641,3800
9013,168338
1439,5499
36040,193459
11543,167580
11337,166329
29778,9748
10874,6300
10668,11612
30175,6271
9445,2547
12656,380
3600,2041
21433,9748
2172,6904
44925,13097
27150,2483
45220,1430
2786,10594
1368,4668
10212,238134
36234,931
41204,5301
17949,159949
24153,156306
8386,163968
10144,2407
863,6054
3309,195402
167,184130
1720,240
849,161891
11859,18525
31701,1013
11069,9743
31526,9673
64382,160962
17962,2401
1597,5599
312,3768
11857,10818
7514,5716
8689,293
12227,10950
21733,3012
12123,6107
9285,167768
7984,378
931,3282
6037,9826
117,168590
10015,15240
10805,3658
36599,10266
16132,1605
29887,15405
54715,11322
948,12339
14703,534
9669,3297
19153,10183
9557,191682
11704,4129
42837,214621
29437,6719
8012,14964
36586,2766
16703,9016
6415,10084
112969,1930
32872,160970
10586,9895
9598,33671
17074,202526
11085,1860
11549,4565
10533,818
11285,163484
11527,10629
11452,215404
923,14736
46059,40903
4024,34094
41651,13040
19185,12377
15371,9727
1586,2669
23114,7950
73351,187056
15668,4344
11893,156786
2048,4565
19094,171636
10003,6168
31397,195397
10098,5572
10304,4862
37835,14819
32767,2637
11609,514
636,1803
39256,158126
19803,6270
255546,3569
32250,6844
32054,212
94794,15073
76076,1582
12145,12094
11056,3358
52633,10183
16209,4344
39176,13153
11942,11581
315,1663
11507,12670
17736,14964
380,1906
77,207268
10880,211487
104,10855
50085,11061
10160,10629
771,1437
11881,1991
1710,11268
1832,290
7090,14964
281,2964
11478,157632
10754,9826
12229,165347
16328,1643
10351,4896
13950,169171
4476,2504
10387,6088
1923,3307
10117,10291
39462,224587
11866,4237
8428,6270
770,314
15209,10183
10772,160324
2832,8440
2200,2394
21484,191815
12312,1189
36536,9276
11862,170521
12590,236
31602,11242
10329,2521
195,34094
11131,11612
43445,5420
19933,217084
20024,1956
64382,157258
11001,4668
11316,4152
11259,11018
11113,165290
11597,6476
14136,159953
8408,157351
1548,175510
65156,3065
1375,170652
10916,1826
22527,6139
1362,1321
16249,395
146,2063
9869,155723
406,160910
26425,48711
10338,168548
3989,1160
710,3531
8851,234731
10054,1155
11973,1815
2021,894
36606,166300
15171,169909
98,15300
29743,2706
402,3170
11431,10508
15613,9738
25319,3071
297,10855
981,237465
26205,6165
2457,4661
2161,13005
405,930
13785,6879
14886,41599
24481,521
42232,164391
2613,5133
37719,190797
14370,187056
10020,3098
2742,3298
28430,189411
24212,9738
19053,201270
1632,2669
11373,5362
275,6059
13909,156234
42114,9706
14022,14766
13189,33966
565,793
12281,9713
10973,13031
7007,8508
72277,11326
11082,2858
20210,6075
307,836
5550,184213
65796,8099
2907,2643
492,2553
36536,3344
38714,163221
16284,470
27130,9937
11380,3737
919,210024
10669,1942
452,2423
568,9672
10975,3593
4552,5923
48385,12415
36630,34094
11081,3655
10866,155497
29259,14778
27223,11313
31703,10183
11360,4075
9516,12670
9702,14964
6280,14760
3109,14985
50123,155805
3547,738
93350,828
25212,10738
11158,1412
627,567
31634,14760
3767,4988
234,183954
884,3595
36670,6731
664,3693
18905,192918
27814,208748
75892,818
11414,787
1682,11100
11687,5347
221,970
28421,14760
3064,4116
161495,1253
856,2430
2087,159595
46691,2299
108059,10022
51182,10235
246,779
2140,549
17809,779
4031,236
9977,1925
1554,378
10028,189920
281,549
11879,2725
169,12670
11624,236316
25512,213971
21513,4516
43915,818
18420,12670
27517,193262
43905,209090
11569,5611
32250,162846
2577,3973
42724,15160
17887,11937
11178,156104
9501,15127
32250,13073
4518,6165
10772,5692
21299,191591
29959,2771
1642,6104
11059,3221
42688,15158
14573,1752
4954,9937
12253,1872
1554,1667
63,276
667,15127
28296,10182
8413,6255
12531,14766
14604,3358
13787,5159
13465,10092
10297,4344
41007,131
2251,4320
992,14783
854,9903
8072,155845
9322,9840
923,4884
10536,392
13373,156166
34376,173497
26044,33457
25224,1562
21612,10391
47263,269
4291,1820
7340,2483
13555,8087
32562,1388
11911,3658
10648,7002
11411,9715
3176,14643
19621,15009
63945,8508
35685,233134
579,15098
540,158753
28054,187056
141,3800
13199,10700
43226,3243
585,167106
16149,4470
14292,6075
807,3857
8850,3363
12142,9853
23949,10594
291,1524
27396,212
45186,947
9882,7336
32227,5810
36586,1908
42345,164742
16384,18525
650,7920
9717,4560
8587,14767
527,1452
9473,10033
10368,10183
64963,4129
20043,33465
4483,254
29471,11109
26488,185722
2000,6206
12488,10909
11313,11108
10160,225209
9300,2011
226,1284
31546,164046
13817,293
47866,187056
9208,209476
11510,11931
26425,5490
571,10430
12311,2041
11234,4458
59210,157799
145,10183
11033,3030
37288,10768
10474,6496
11137,3933
10637,3060
18292,10183
30421,8087
30636,131
165,9663
861,187046
42245,6396
118617,187056
23730,1879
8193,2347
12100,1956
22307,156075
11420,6129
41968,9826
19087,8974
10787,14750
22094,166788
27679,189383
6620,165282
40206,417
20713,1956
17130,515
31546,10085
27197,14926
36629,9823
23160,5135
43777,9395
43130,13142
43897,4345
10537,5565
26,11064
30140,158692
27632,10560
18,9951
470,741
9028,1582
11471,15090
10657,4914
342,1891
31023,10508
1537,10909
490,3737
17612,10768
174,155211
8869,158194
109264,578
9423,2808
15559,214549
28436,207317
2749,10909
27554,176661
26246,3720
42622,4896
40729,206850
135890,2411
41968,5638
10776,10181
124304,604
28966,2504
9631,1562
32037,14964
25504,10183
14462,4707
10684,11107
11357,10714
10744,585
28528,162333
762,177129
18892,197092
31043,1488
845,5552
10929,5812
12238,223587
429,2125
10105,1442
11606,14540
11898,924
33115,3537
50085,9748
32328,977
9624,1721
11249,10603
135,219892
12150,3879
36669,156095
11837,10336
11011,18035
19087,6075
38171,10183
18192,10144
616,2568
1369,4276
8005,11931
11602,5600
62001,7937
947,173259
12590,1956
14703,10093
27985,158416
24005,180340
2000,3441
16508,9988
4543,236316
3766,6148
21849,5521
29371,9833
76395,949
23981,780
11165,13065
329,155582
37691,1773
9797,189151
26038,231698
11165,233
627,1803
13665,14512
27130,155819
11468,3017
9651,2343
10995,15055
842,2380
10537,572
145,1002
47867,727
3087,5565
36266,14964
14703,14765
3763,1806
3072,175629
320,9826
4338,9727
9267,1936
25473,417
2,1563
47643,204374
10127,12605
8851,1415
1649,4379
43438,2673
9769,931
8286,34094
20850,5919
17589,8250
9064,17973
55931,185199
10490,7490
22345,155644
15849,6506
11072,10267
30815,9937
10394,157424
9280,254
44373,40879
8989,33694
9493,168219
9357,2483
3177,13130
30159,238048
1978,4320
2057,197602
840,2583
618,1627
4421,15248
693,970
10168,12997
18254,3460
15192,2450
31805,11085
14811,11703
15251,9964
140207,11134
2114,3994
2666,2116
9089,2672
17814,6149
13156,159909
38695,9937
24248,5565
13041,18034
9473,8102
9390,1485
9357,739
8870,188351
11587,10323
34288,11614
27405,291
16,4580
10935,1411
2502,14967
10134,8724
46027,156022
129,196509
28907,13008
8195,157238
100894,169725
10153,2340
32562,6007
11031,41591
13154,1794
55792,2136
10776,33780
880,6009
469,2356
16307,10864
564,207876
16,2486
7453,221655
8467,14819
38509,90
20287,178402
755,798
41462,187056
33542,779
32076,1419
40154,14531
2108,15299
60670,379
987,4604
10940,6091
31602,186923
10341,3376
500,6259
24936,10877
11891,1465
12663,8862
16124,2658
43048,188645
9869,1522
16161,5419
7214,6075
10651,378
10513,6506
4961,188957
9944,8681
26680,155746
14778,10937
10697,1332
8012,416
968,215257
9079,2470
2028,6270
964,10216
990,40879
10724,3773
37088,187056
40064,156174
43777,14819
13965,9663
18311,2217
10925,207492
11886,9503
42179,164092
16420,17982
9061,1992
8067,290
10227,210399
10634,4562
489,9713
10730,11873
41730,192708
657,3284
41769,3508
37722,293
9717,10468
41428,232281
48217,254
19133,10617
11529,2075
12590,14601
19096,6895
21619,177964
19621,514
497,577
38732,160522
306,156768
10484,494
37567,34094
9989,49960
4961,41412
1927,15162
19094,10698
41516,11005
12627,5756
19119,155436
21622,4620
10955,255
14052,171376
11564,703
11011,175676
296,4565
10214,2546
11360,3030
24341,14527
562,162304
16155,642
35176,187056
1959,240
35161,156455
21764,10683
9538,14819
45938,11508
9739,6259
18972,163188
681,4289
49565,207883
13820,14760
28117,15300
26031,549
8545,10183
31593,10410
11929,818
563,1423
765,157466
23160,1244
9427,4378
26933,10180
331,3800
881,227642
5961,1192
36349,18525
17494,180340
1815,3152
59189,9826
3127,6737
17487,155436
54663,9799
26179,6155
28966,154802
2160,12654
13701,1643
10394,14819
9414,380
26617,13017
36586,175227
16690,10336
8691,161276
32450,2415
7131,272
28942,15160
15762,3598
26710,160946
1415,6149
48706,1329
1680,233
9801,725
11859,1562
39891,178647
54003,554
19460,14778
11360,5608
11113,11707
55604,156706
9739,2421
10673,33626
8688,15155
10722,4252
1812,824
4592,5987
11676,8207
542,2698
957,4578
29884,13142
39875,14676
76397,180079
16153,4129
11184,11011
8011,46958
29355,6075
489,6009
630,11409
4929,33407
43391,3243
26936,15111
1051,796
9844,10508
25014,156091
52745,1963
38,1604
33542,242
11503,172592
14022,163173
17136,1566
33257,9887
12800,187056
25682,10278
85255,193278
10855,4728
13815,1601
33766,187056
9538,9826
687,2726
9331,591
4507,34094
11220,782
7453,177145
6435,2343
73079,10644
216,209966
17744,3312
31835,163110
13697,15120
31526,1704
594,3014
10373,2178
26378,703
18721,180808
32924,10391
21344,15016
32456,11953
475,2493
17813,34079
22657,9727
124606,172732
10564,6335
9319,2150
11820,171469
48781,9673
21923,33731
9037,8290
1572,642
1578,2320
15506,248
4970,14783
949,703
112969,9826
23730,12377
9378,2483
28501,41410
1907,3077
5622,2799
877,13142
4032,170116
9431,220389
25624,6984
10312,428
52362,10048
43348,10726
113777,9748
31773,176016
23995,5349
8840,161257
603,6256
10131,3030
18513,10148
28257,155843
53150,18082
31017,642
32030,392
12628,14964
26325,7347
346,233
10153,3576
39916,11221
29071,40931
4911,2187
88224,1930
10733,163127
58997,12377
154,1615
33319,1956
27277,2752
31941,2671
129,616
28165,586
12485,46951
68,1025
8916,1701
18587,12670
1786,836
9100,177872
4551,4741
817,305
15660,9740
36606,12396
39176,41586
9319,155790
40961,10714
11594,90
14671,161266
1586,3344
31675,11001
43889,231021
19426,181958
1497,853
33472,162612
40028,572
29074,40879
35861,192311
4480,1649
23949,1523
185,9859
167,642
11702,13116
990,236
17030,1859
7450,10364
668,156095
13950,3508
47942,163398
9013,168342
15503,5905
14280,9880
16633,10965
5651,572
38722,6038
13416,3743
6317,187056
9331,2148
4031,293
33468,14819
8512,207268
10872,33965
816,2655
9980,159600
780,2976
21210,321
2038,33785
2760,6623
812,7376
47333,6894
6623,3450
39503,828
24749,10506
10471,12670
27322,1594
32489,9673
12632,10183
166,1525
451,3927
521,6038
24798,10183
1483,5548
8095,6715
339,1499
10423,155807
16227,9937
31995,2580
483,1556
17614,5947
12277,1474
11013,158713
28963,7376
28120,9937
22590,779
879,334
3716,65
2749,549
14425,171703
2438,2992
39867,155733
187,4565
27465,10092
22999,206384
12491,588
17465,10081
38043,156478
2211,2606
11313,170603
11622,1533
11033,158203
10134,779
11033,34094
13823,1879
8913,157495
48781,6103
11285,163488
10633,577
11000,210608
87078,227646
47724,972
24113,9713
153,1005
20540,1739
30814,187056
31498,195396
961,10563
32015,12105
11033,227035
201,505
43488,185454
17185,208417
26378,12193
67307,155841
66,208633
28307,6165
9772,1954
1412,3201
8963,4123
890,3737
2291,173077
12238,822
11025,187056
11411,1262
98,1399
10400,4487
527,570
1498,3330
59143,187056
11206,2671
11517,156120
470,314
3591,9823
10881,14643
9208,1316
11541,7348
27932,10811
563,162365
27260,187056
34223,3688
11072,10511
820,2957
13950,169175
8092,6669
18992,177071
53027,248
667,392
10510,271
23685,179430
4488,12339
42791,9156
15301,9714
100,9227
43875,392
136,3258
16448,160510
68430,187056
36536,12663
15927,231027
686,818
20849,156851
11429,183435
3176,5385
40969,11040
1058,2669
9889,3258
363,1907
26234,5565
20277,158222
11935,1432
26626,567
1832,14765
8413,187844
40508,206686
5336,1755
14923,179430
2022,9821
9909,6270
22356,188924
22318,14964
89571,160176
21512,6075
14369,9880
54285,10226
1599,931
2576,14659
52999,187056
11220,3307
41769,13067
54979,33477
228,1992
23908,74
23990,12420
616,3080
17130,572
5137,14544
9476,13028
12311,170314
17804,33780
12722,7202
25237,11872
955,3737
23160,18024
29251,9571
10484,254
23601,9840
924,972
21370,4345
24264,4414
13787,225944
9427,164865
784,2452
17795,15017
36196,11678
41417,15009
12610,188326
10511,182800
15613,10092
57953,3593
10281,2546
309,12996
77,828
238,10291
5332,14985
13553,2679
41059,3878
45145,2334
170,1375
597,9673
10656,156037
577,1523
708,441
984,1336
12,10026
11621,188747
10806,158718
31935,4100
210092,2702
605,220232
260,226499
10434,290
10991,41645
124821,164500
2527,155963
12142,3762
1834,155860
1941,6917
11528,170038
16028,3762
28313,818
22076,14909
39929,10093
10637,6984
27591,168615
12589,6257
27088,1647
600,2999
4836,9826
10389,741
52794,14819
9772,12371
21041,1775
44932,387
11675,387
550,3927
9618,1563
14778,6054
9833,164899
8488,7699
10218,207716
9354,1436
3061,242
18047,155791
15271,818
253,179430
27103,108
40507,7002
889,1459
14573,467
25381,180235
10207,3180
36807,9661
14,255
20408,10092
22588,13028
402,625
21661,579
36040,193760
58429,10103
9078,3971
1712,5701
29778,3633
36915,703
9741,8872
31507,1295
47939,1480
33135,14819
23668,189574
333,3490
27973,14857
818,402
3509,202550
33676,293
20676,207268
37712,184392
10427,1016
6844,186939
621,165148
99,207583
10673,5628
29267,156104
94666,12105
2200,4305
1927,1419
1281,4826
11091,4183
14,2483
39176,9937
60994,181532
544,6844
15096,588
35119,2333
58770,2583
15121,165495
441,4653
2005,4344
41774,291
678,13142
10342,166276
29259,207268
59189,156810
11562,1992
205,973
668,3370
11352,184559
55496,187056
10002,160488
42569,456
11637,2554
8839,6155
12103,15106
27475,5595
14854,1812
16225,11322
11531,616
12660,1014
1126,4747
10995,212725
436,30
926,2902
11837,15199
3085,181659
29244,44443
11513,163120
238,10909
881,3588
1698,157890
62761,13063
14283,2096
80849,1956
260,236566
666,3593
179,242
618,529
12623,10909
55,171366
26860,191345
1888,4617
13505,4394
3875,6091
11343,3095
10996,2161
14785,12987
1497,10278
9659,18114
2134,2964
36648,1812
3010,157912
909,18253
30943,9824
8408,186565
1088,936
78281,187056
40969,2343
9625,14676
307,1808
31581,10041
27970,305
33135,9826
3131,2987
10401,90
10342,2866
15785,803
11249,187065
483,14819
3031,11851
8468,2671
213,11134
61280,10551
26603,818
41164,1480
41588,8201
623,34117
11240,1900
145,388
10945,6376
18587,46954
9486,33707
10949,13014
33339,10183
17182,570
100,207592
11535,9571
18588,2727
19101,170344
17692,630
40718,1316
14675,41185
18649,11931
24249,9740
409,1959
8489,279
51179,13142
665,6917
10493,3094
9651,156174
10326,2880
5550,6149
5001,237
27090,1419
9600,228342
14900,210376
14135,157795
9686,931
943,167319
12639,3230
30502,158395
711,3737
12634,15156
9281,208590
16225,9712
25237,5403
605,10084
43089,155497
43466,11004
10246,293
12,33759
578,15097
31701,11731
12123,179430
38018,2430
33020,3133
92663,3307
11033,33720
7340,1227
12724,9712
10859,11148
113,158540
15789,7312
31701,12670
19101,3551
15787,162687
23438,2284
9319,1589
14181,193889
139,570
18274,4168
20156,156455
6312,293
34584,2673
483,9826
31640,1419
24919,8508
1641,187056
47144,992
9707,4170
37627,9736
11542,162348
12775,208005
11898,3372
39929,166229
8699,41390
11420,12094
262,837
40814,10196
13550,163186
52038,176793
502,2535
9583,187056
11121,9673
45793,5933
26789,3134
8765,2964
16121,629
7863,10499
29884,169604
45862,9955
1648,5680
984,12371
33638,10909
11194,10794
11298,4924
21887,11399
9433,223059
10675,2587
26560,209334
19448,156321
778,7189
814,1567
11859,3713
73067,187844
4886,12570
4484,2311
30529,1631
10400,5402
8273,2874
12477,5923
266,131
19621,167043
32850,236500
41968,14636
405,1365
10722,172391
15992,201885
800,33457
85837,8508
692,12420
11137,3616
3173,10391
43239,4344
10651,703
8689,158235
14854,2564
11411,83
11894,7209
11836,658
21380,207841
19545,233
10035,2383
45874,1502
32037,13008
6619,7728
17814,542
414,170652
3043,189921
12491,14819
121703,158615
41090,6149
8289,4659
11176,155358
28292,41599
24003,1009
79,548
12090,6876
583,3571
49126,818
140413,1599
10881,199050
1909,5906
36246,13142
5548,4565
22527,642
16,2356
17435,10183
30125,14743
38772,4325
1994,183239
10774,41153
27444,14794
348,6016
20075,11857
3062,14530
10731,7255
24153,5626
4762,823
22572,4458
9953,2411
14811,11707
10218,10668
7294,7938
31511,4344
23943,5086
9255,5362
8340,5202
668,1223
1551,187675
27346,14818
50435,10768
10536,157232
26491,15060
10299,158086
830,3243
21991,160511
37921,6610
43839,225156
1701,14707
406,156702
21210,699
32689,10726
1538,2708
12110,3633
10242,158086
11129,5625
13132,1415
2163,1336
348,1828
16297,960
24735,165470
19426,41557
307,1755
93,933
36068,186815
940,7255
1944,10183
37601,10466
11558,14783
513,2692
253,3269
41769,345
10557,789
26243,155436
10310,197508
9488,470
1701,720
13791,161891
9355,9663
10383,2337
843,725
23160,2858
679,3388
11076,15173
36554,177771
45220,170378
10513,158727
29723,10812
18408,15090
11387,3096
9491,155546
6466,9826
638,2039
81367,208874
29343,5420
10906,6669
10019,4375
863,2598
42797,10329
10285,2483
843,34094
378,1859
5511,212412
5511,2101
9563,6075
898,33808
24,10292
105,18425
187,175603
19673,34221
15961,33501
705,210205
623,159812
13776,160627
10895,187065
9458,15295
25749,157789
11219,9826
29343,293
3089,185927
11235,5175
18203,34068
18252,4379
175,131
2460,290
14583,549
20813,206581
1547,1415
11688,1421
1786,5565
54979,2580
31906,393
10216,4375
9064,10085
260,2311
344,445
81048,173361
32847,15320
31685,170578
431,6009
10307,8778
580,167861
25473,219405
10719,207317
51521,15001
28276,156634
20540,5634
664,5096
3033,10180
1944,3096
43148,34079
11240,237
10697,187056
16664,6270
10479,422
16769,5565
765,157470
605,6193
29071,189151
35987,5565
14320,13014
6346,3440
68,1566
1073,159419
23160,4631
26983,642
10217,3032
28941,3290
1815,5600
29239,229973
57575,13028
883,4431
11859,156816
765,8636
9972,2881
18885,10842
47907,1415
5336,2483
10608,6085
321,10198
21484,229299
140,108
12715,4391
8987,1680
10135,9748
11359,33465
11074,276
1627,4005
10023,172507
65994,10466
96196,15055
11562,2102
554,2807
772,14512
1598,13073
8810,14819
4823,207268
38985,33344
11429,4188
34996,490
15192,13005
11895,13142
49872,5774
43905,237446
11329,6112
61988,3136
17481,155331
39503,6496
4365,5967
1846,155860
7007,18100
762,5160
95,305
29095,235074
8859,8224
97406,567
607,2428
20096,9673
20197,173259
1578,5573
18205,1566
20712,11486
1162,46959
23160,215076
19610,10232
37165,4565
22733,191026
27331,191845
18764,191028
38621,155881
33115,166927
21344,13142
801,2957
45694,6271
45153,10707
42114,14760
26879,188583
39310,156316
11012,34094
10656,173919
17057,14819
571,172210
49671,237
11454,1465
2251,596
30973,2618
7453,14544
594,3018
7340,14624
31674,9748
11606,3432
11164,271
9599,237034
18674,3581
32030,1201
336,156212
27655,213800
8810,4565
903,2883
540,11322
28216,2439
10164,3836
871,14759
11820,171473
12780,780
6488,158124
21991,886
11513,409
15283,2398
32302,206691
39867,157213
9323,679
13939,7002
620,5801
31773,165282
59181,3616
26936,15249
9679,9714
42048,5656
15842,894
13633,2400
464,2409
11549,14909
40772,206850
10675,7690
26895,907
11902,1956
10357,12670
28180,18450
18790,11073
10742,6038
6106,736
9613,6259
13997,169086
10570,2922
25750,9663
19267,542
11395,1991
45267,6038
41730,1812
49963,10183
11953,4267
29393,4129
11429,12377
13428,10183
8469,208992
10019,9799
9945,166720
11342,1227
16703,2340
782,3864
273,1155
11527,570
140,726
565,9714
392,1919
625,3104
708,3531
26484,161276
17057,9826
9488,1706
12531,572
12707,6178
596,9890
41730,657
10388,9748
979,33783
15271,11479
4201,2281
43442,4711
16305,2793
26744,195402
10278,6054
1778,206441
12715,162487
12311,6611
991,4862
28580,6662
912,3925
9064,190007
18387,5349
11598,2136
8961,15483
46732,10683
10847,3077
802,2669
290,1583
207,30
14533,225014
27430,1010
8697,1721
16723,168930
40969,11581
1927,4375
44465,6038
173,2770
12229,14964
35284,1956
380,1646
35119,5289
1373,13027
4961,14760
598,2987
18721,1321
777,1563
45767,10060
50374,155802
37315,6078
872,6494
79615,818
10948,33688
69069,209619
26648,1631
9800,186782
9571,1228
980,1582
1368,3737
13533,161176
38360,186450
18727,6154
1075,2808
755,10093
1073,949
33475,12416
508,2569
12659,8438
701,156195
30801,9663
117553,10776
11544,10336
14275,6496
37088,9826
24152,9887
1701,10950
17360,11064
621,4344
41965,3030
30177,7464
23954,14873
27088,549
10161,187844
8986,2005
41070,237392
47653,4721
17664,156234
9464,395
22004,14601
633,12105
42797,4344
31835,33557
16858,4345
10105,1690
30876,3185
691,3312
161158,206850
1630,740
28313,1009
605,663
22004,2708
41326,187056
18892,13043
10609,184989
1770,14985
12506,3644
8675,3412
395,9951
37094,2016
12702,657
49410,1521
5638,460
16220,1956
10585,11221
2293,168033
36040,10809
379,8442
172,155212
11313,170607
14924,164353
509,1421
10349,3125
1792,187844
9440,833
678,195402
11016,13142
10608,6382
31592,10483
10496,176266
11508,9660
269,918
17663,161155
13188,8250
5052,46950
15802,1632
10987,3335
11584,12105
33320,203399
9728,10714
10720,14512
31372,907
11133,4769
18929,164615
11577,4995
179,9748
110428,185722
20681,2020
3064,5600
11513,1161
9091,949
17915,10106
13373,10776
47724,1326
916,12371
7007,12570
20075,163968
27609,795
9776,6085
9318,8494
18212,158718
10324,9457
43307,174960
742,2821
10229,5922
42589,10183
5121,9672
996,195402
28319,188957
31703,5385
26254,6086
5651,255
50073,236286
5998,18118
585,9823
15144,10280
1694,4553
10445,8095
11854,5310
1719,699
540,187056
1598,6149
11787,169276
43885,190296
49842,6027
40028,2483
14022,184011
667,746
1648,931
12537,596
8587,13084
11198,1422
10464,936
26522,10075
11542,255
9989,3523
9433,2522
32144,187056
9028,3737
18919,9887
5651,2483
1927,157344
20348,168697
1365,11263
47697,171670
49584,9713
14035,161135
49397,166524
47608,1252
1893,161176
23160,11612
1842,15061
3109,11826
314,236969
5000,4518
11626,3650
9398,167193
20815,161166
19973,3485
8047,6373
2163,1930
18835,9713
30547,5153
10784,165252
14926,242
29649,6496
30876,208048
265,1223
954,4289
18423,155247
10511,182804
17810,231174
18317,3536
10657,1942
218,1366
59138,18395
26124,187554
36489,2771
18502,14760
1685,156810
21635,6103
18491,6255
29143,1003
10002,1591
11692,6220
25447,1936
47714,6783
42048,8181
526,2637
11071,18525
12100,4595
387,339
36647,206695
78146,1700
75552,10322
6,2231
40810,3070
39929,13130
16399,10183
603,1430
113,314
24106,234417
20067,13130
948,11221
807,3597
11351,3151
9077,18034
18910,6152
35139,3243
1040,3734
20197,1420
1645,11038
8868,588
73134,4653
948,17987
9081,1565
9558,293
870,1501
25690,572
19457,15009
992,163841
3309,14659
54156,572
55049,12545
16723,10594
11444,10180
363,3684
34106,10483
12579,34094
1394,225210
9846,8233
17043,3185
507,549
5894,10183
36349,3713
14797,184656
24070,192598
816,155762
9482,236590
10735,392
54569,10508
34681,10183
27973,14861
25473,12371
47237,3487
8859,33648
29805,658
11317,6202
26444,1329
21200,199526
10676,207031
16149,4344
37900,242
11035,588
513,1326
8195,3070
401,15106
51145,10183
21041,974
10891,1415
1370,168622
10222,8763
4985,378
4918,33705
42159,11700
42172,11169
12665,163533
37662,156091
3782,6953
881,227890
11839,392
9679,830
11906,10471
879,10084
27958,10714
18274,159743
3112,10103
42750,4432
44289,1930
26936,9748
11638,3453
223,1523
4911,8233
36243,161791
3050,187056
8859,3796
287,1485
28503,1786
540,193285
80243,198673
8851,172136
21159,10150
26252,156123
1281,3675
16129,12332
16288,12377
435,83
10363,155440
1075,10594
10387,782
26275,187121
11569,17996
992,181479
37992,195402
9746,1262
48448,10873
27277,188907
32044,160627
57100,10714
26626,10183
14195,9782
33076,488
489,6257
27367,392
5825,228415
9625,180668
561,179430
32458,33490
28313,7856
31696,1990
10480,168657
19086,10176
9483,531
342,826
643,186004
10971,1913
41253,14999
23101,18047
11316,33720
15239,157669
39871,9799
816,4379
29572,11508
30529,1956
10117,797
31767,193017
79257,162726
43872,4344
18311,9849
310,1605
7341,187056
15856,11732
11543,167564
21882,18081
69069,9672
586,521
3529,9826
11804,5439
855,2820
10216,10714
9604,2106
12477,13014
37135,10787
409,1963
10040,8697
10782,5947
3577,220
11624,6444
10518,201272
9354,6380
40760,173298
14334,14985
11031,11800
14373,18420
2891,6255
69069,10022
10285,12339
45042,222174
46702,164306
34282,9963
19259,3450
56235,2957
47955,41509
70687,187056
37410,9826
10406,192918
229,5314
10735,10809
29445,2867
19155,206119
9896,585
13122,202873
10671,818
17909,1956
8073,2966
11129,155939
36536,208349
41651,14768
9298,10776
28171,10508
10213,293
25468,10183
3086,15396
700,3272
1834,12670
31701,11735
1448,3185
204,657
2264,162831
7091,2726
10164,2336
11176,10232
31516,4344
575,222173
75555,34117
32519,10183
9745,1441
667,3271
27601,8201
10413,4917
68430,33396
11237,10787
9654,15483
7214,6270
1623,214597
2383,6202
11545,10183
682,3432
2675,167642
766,1400
41801,33841
1554,549
19,312
10729,159710
25155,13130
23750,4565
78140,2944
11120,3676
9026,5493
46688,392
401,6059
124963,3692
25313,12392
9325,191117
802,2913
2124,178649
10239,7755
17965,10123
43049,158054
771,208349
27224,164039
12238,189421
18491,4458
28448,14819
15785,4458
41784,3356
13765,162846
24402,190370
18148,4237
9387,234213
47288,209076
20850,156855
9824,15084
44800,1992
11236,964
1727,1812
4296,10617
18627,161791
18279,567
12715,10864
41282,187056
714,212
79474,236
29076,10175
839,1792
1884,1826
19204,15032
8468,13092
12775,9725
36614,12342
6623,187056
10342,157583
43522,13008
9812,2231
11452,171199
50173,14999
11878,188944
17921,3801
18892,196645
32613,3560
79,54324
27459,14512
10839,2808
12704,10229
49320,235767
9275,417
2924,10084
13,458
11427,202666
14239,3182
8981,5905
12280,3836
12635,164716
1548,175494
9506,14837
10281,13130
9894,378
10498,2122
631,154802
984,6093
891,736
29264,207592
29161,9826
10540,4183
51230,168346
33320,230462
8834,10410
6439,2282
1049,3864
409,487
38360,3686
287,493
1093,1972
41678,179882
5458,9675
2017,6149
10705,4152
50677,10391
11859,818
8197,824
84586,237
16085,3485
14269,9789
1783,2052
9279,4290
43777,572
438,6009
31017,1508
14778,9872
9061,577
4437,4078
2637,15198
15244,378
12656,6593
65296,12420
22013,186353
68883,1411
28169,9715
2501,10685
2832,238467
34774,2580
14839,1936
13581,9704
17994,10114
11812,179430
466,1667
8953,236176
13763,10228
46027,11734
1572,703
41762,11700
1645,7281
12793,9833
439,1010
73575,154802
1999,9457
4147,174994
947,3575
833,11612
12186,6155
1888,4918
2721,441
11967,10226
9776,2946
9051,2486
14237,4563
10630,376
69014,33573
11176,162262
42469,14760
788,2546
11450,2136
19317,9808
19051,12663
14,2918
11886,9727
2990,9937
21915,738
29437,3133
29586,163208
24111,9937
8216,6562
18414,14760
402,255
23949,2389
11688,1291
22016,9937
105763,187056
5966,9398
12649,8201
10314,15402
1591,187056
3085,156080
218,33556
1878,167830
16121,11400
2978,172339
11329,8881
17834,2343
12149,44449
31923,176666
1675,2559
15136,157213
9768,5638
38953,10392
682,212
12508,5625
2371,197602
812,10336
8046,4663
859,34221
4836,2235
9487,3126
15394,18420
39473,1646
10677,1691
52741,6075
1092,165142
11564,10726
10314,10275
17136,195402
33194,293
4927,13088
402,2483
32144,5097
7220,18187
29852,207317
68347,11100
9401,2150
13372,11999
32037,220908
12606,1668
14929,9826
521,9937
818,1321
10515,188747
44559,4100
12596,271
279,1233
38880,789
9455,41383
9312,12380
36872,907
78,238848
7520,3266
19357,192283
165,33888
1213,3799
111,701
1891,232454
5967,3296
32023,4551
66194,3205
40480,934
1277,810
10204,1847
3525,1443
10081,190116
73,376
1599,9823
1923,1010
7988,658
1816,4344
21433,10163
37820,34079
691,159558
10534,167843
16514,1701
21210,220492
4561,158713
274,14895
9821,170801
180,236189
166680,195732
8583,110
29380,4344
3063,9253
1572,1321
12705,3246
9612,6968
40430,3801
695,3017
1375,5400
20197,176512
45139,2618
1091,2340
53157,9897
44247,14805
431,10685
4365,1299
10573,158558
12619,10714
10050,4326
10891,158064
29074,12377
240,9748
12236,6075
41843,293
11456,15160
20408,9401
9495,18021
10585,187065
20455,282
16307,2041
14698,3804
23152,9799
213,15086
9472,179430
42569,570
11016,195402
41521,246
10355,158540
9745,1872
1715,163860
11121,4847
9989,6129
43805,14546
41938,3776
23160,168879
11184,3664
9273,409
9873,4009
11236,193263
8052,10183
17258,11061
4507,7149
21612,14831
3782,2875
27455,10183
1376,9826
363,228360
137,220046
15007,207681
13245,931
691,470
174,750
1396,197170
11385,3713
2320,220935
1598,11333
16358,146946
24192,5565
8446,13130
18215,13063
105627,189438
923,4197
11782,14964
17978,6075
13821,1563
3131,657
9045,206662
9264,5905
4886,178993
48249,1200
30566,3133
4886,13005
29715,1968
31606,9937
10322,2496
27332,2493
34388,292
28466,10833
502,1815
11938,13008
29444,10809
14736,4663
2742,13028
10625,13130
17352,157524
43739,9673
644,549
29911,3205
9953,6095
9989,3230
9826,3149
152426,167040
11455,2235
33734,155707
2502,10950
775,1963
10881,159700
6283,1872
2749,40879
43002,3230
918,1605
16769,5248
30331,14964
172,503
196,12371
24711,380
2262,162262
4032,170124
30970,90
68427,187056
1585,156115
13580,33459
600,14819
49763,179101
11629,15127
26203,15127
31592,15346
2017,15090
522,774
15171,3986
49096,9673
24266,155349
12149,1228
38251,174379
64204,205781
16113,949
210938,5876
16180,2723
80849,182313
26252,5439
35115,156017
7007,279
363,9673
29074,5640
759,642
82283,12193
11428,627
30996,171083
833,6432
33020,9663
34388,156026
10660,208262
30497,12394
12724,9826
20246,1507
2321,9799
5825,207317
11678,7021
11678,160177
11016,236960
17365,441
563,305
9085,160488
1884,5774
121,609
30874,11039
42538,436
15919,210019
638,2340
995,13005
59569,378
11634,18425
34223,228665
19698,13130
8840,9748
2149,1326
21964,271
19448,4434
93462,12396
10493,3342
11856,973
11282,167642
26278,9663
39867,157701
73079,12425
832,1449
47439,9552
14633,6157
11498,3363
880,11925
9395,13006
6187,7625
22307,9937
10153,162351
21468,10229
23160,1415
28941,6490
9016,1969
14904,10183
13199,14819
923,10292
26488,9732
69234,3284
35144,5571
11133,3350
8913,162846
905,14872
11561,2964
273,3737
38775,5938
10978,9713
508,2573
32562,10768
40920,10183
9930,3701
10918,158741
9778,40850
11429,4005
17170,14964
13563,10183
23638,10039
918,934
35201,2652
42172,9937
14811,11687
23160,13092
9824,9717
213985,10629
9928,14544
41115,13006
31546,15009
9962,6150
2163,9826
10652,2998
9586,3836
11326,164092
994,34117
42987,7464
27346,14798
37820,1946
29204,176095
986,1864
744,4410
4234,8440
9550,6086
817,797
13681,229402
20324,4834
9716,159876
9524,220
11547,201785
985,13006
38985,6342
10990,12670
617,3184
2160,15053
387,4263
4951,165301
3087,4528
44585,6380
1415,14964
466,9937
2428,6917
11313,170611
13936,165824
44289,14819
321,700
10416,168550
2124,9872
31397,15300
11366,13141
26319,174063
29143,6805
12634,612
4909,7300
23832,131
913,159529
19186,15016
742,9457
4307,155251
12477,181958
10632,15218
38720,4123
1162,10508
10925,157892
10730,10568
17664,162199
31701,570
489,1992
10718,1595
886,4427
22067,13073
678,1660
28026,6029
12559,840
35119,11038
9599,5198
9382,1253
26665,567
39907,6092
27681,159947
20321,212
11065,14964
12545,1691
38985,181324
9301,15363
24066,191583
756,5783
26940,585
25749,5202
2124,15483
17074,179102
26983,9937
11655,5728
7270,9834
9893,11798
17496,10575
43117,2676
50008,10183
9745,1014
30874,703
16129,8201
11847,779
54195,9905
8989,1866
658,3800
12531,2483
15800,220266
16992,2792
12663,33705
2148,4344
17169,397
11010,4461
36210,5331
5781,13097
40353,173861
88,7879
246,1462
329,178010
16154,9660
1421,34094
18602,10183
10628,5657
22156,15009
979,224663
11236,196727
19204,12377
16723,187056
20126,12193
120,609
31916,1563
9028,2802
1374,6054
7348,14626
12611,18508
27461,1956
11228,14512
26766,4434
8512,9826
2832,13124
10149,13028
10440,10226
11560,818
33441,10891
12280,242
31535,3338
10557,3131
302,1649
11086,3246
9800,1013
69069,157758
136311,18034
24106,14527
635,2835
11143,6092
22345,6257
104,1552
10142,2250
10531,9137
18274,156096
70,11322
11361,156392
114,592
29142,591
9691,10084
493,720
9610,1400
170,444
2024,5992
10849,13072
8741,11139
35119,3012
12309,8070
9494,1009
43889,128
5991,221749
5051,2389
39256,339
10147,33873
37616,159660
36586,175211
671,4456
15096,237592
927,2526
13907,178425
922,3731
33542,33461
10875,1416
30876,14895
9517,4378
10161,2425
12715,18142
8953,10028
18274,1196
5247,6373
1576,4565
16161,155794
13815,6712
12079,187522
650,898
6217,15365
45878,10714
817,179430
29071,156835
436,10508
16437,782
10918,271
47890,818
11228,18029
18402,7323
18212,1862
1049,3437
35161,10183
11630,5600
21612,41410
2332,6297
10944,1664
11492,4781
18395,2041
4961,192942
21828,10183
82432,9673
78146,2993
66894,178650
576,1556
27841,1313
10239,2335
10477,6363
9696,14964
11418,212
105763,209126
138,818
11675,179565
33823,10103
19414,156273
2264,417
6341,720
35569,6075
7451,3530
9825,1889
13704,5165
14931,155699
336,6069
777,11663
16384,13142
64900,9937
17102,11221
9323,13141
14573,9685
25473,14819
9739,5572
26246,13129
24003,156320
406,90
769,2149
12223,10183
41478,7533
11427,10721
10471,164253
9770,10183
1892,161176
10414,6075
1052,1003
9660,248
21845,6075
29514,7464
483,572
10889,13142
14638,18083
41769,206850
10756,3358
68347,189359
2620,177453
563,161247
18841,1299
36568,3478
29251,14735
10591,6270
120328,200558
16379,2149
310,186
696,14828
922,231680
36643,156095
10563,4480
31064,9748
8078,3070
10972,2574
483,922
9692,156661
23159,33608
10648,5136
12277,840
509,10232
17421,10075
11524,4918
35463,14964
31947,11873
24099,211144
5966,4999
1648,2842
31546,10768
10368,612
21252,10041
3170,5774
16301,578
31703,15001
17814,18107
26173,2356
14013,6075
24965,8862
9063,9937
43867,9920
36834,1310
11521,9323
922,9826
8689,189921
14873,44451
154,1599
41768,3134
1816,10199
2275,227890
13333,779
702,210284
671,2630
11773,13149
37218,3779
36245,2675
14168,1415
67342,3133
28134,3622
650,577
28353,8508
11064,1480
53617,4344
2661,2534
1592,2637
14195,9786
755,18233
18222,18035
777,254
14696,233
686,14760
11978,4410
10570,6069
821,3068
5822,7533
1618,4313
11465,164824
42048,293
16427,7856
10363,544
9611,197079
880,9457
11676,9748
172868,10183
2058,9673
16129,11531
4879,9826
10368,4129
37447,12105
9654,177958
1088,4677
27327,155482
11974,10123
43795,156825
36612,191145
13795,10468
890,5331
3640,1578
1642,10333
45572,34117
11521,9457
1483,9720
232,542
26167,13142
20024,1326
38294,15363
963,9826
36246,1794
409,1967
12629,949
10117,10950
17813,2251
10948,2527
11313,9376
3090,5332
7299,4565
5902,1199
1577,10084
29794,10292
4612,7210
21733,14893
11,10013
2109,167362
54156,2483
43002,9890
58925,1327
11596,6732
32255,1196
40220,189921
18331,6013
13550,172859
11561,8201
32144,17986
14168,1899
10859,178649
10159,10787
1873,13005
20676,9826
7008,2430
9694,217324
49671,18339
3716,206977
33016,156174
26254,186846
12138,5694
5851,4668
326890,14534
49671,3063
14683,6154
24808,2857
2370,242
9599,9951
29787,211000
1092,3533
863,4298
35066,10183
23114,41523
17657,339
19051,4344
2114,41645
14670,4344
27130,196987
18250,1160
35073,1299
11206,10226
1645,191314
9292,2967
497,180162
2085,237850
17058,9016
5767,15291
12308,13001
11308,570
68822,9016
43226,2345
21059,9755
1439,494
9064,161208
7341,9663
7229,154867
11900,4914
11448,549
11015,10877
476,2231
59058,10183
46688,3779
32617,163127
45379,663
12104,161919
3989,1014
16296,177334
8810,3203
4296,822
5187,6739
46119,570
10808,5774
2210,1566
27452,33505
50549,9663
11474,33426
44289,11546
42617,1652
9739,179428
8452,162988
6415,168839
6488,221272
10130,690
931,10170
114,1023
401,936
77,328
16642,188987
10223,9937
24130,209777
43786,10787
9679,1936
14831,6027
387,15111
2924,2733
41020,166862
678,1420
36107,4565
2057,701
24236,3616
6619,10180
24,233
7007,1946
10328,163515
98,192230
47350,1666
128,5274
13553,178316
11113,165278
11597,6464
12093,1192
9461,1530
36763,11612
1694,187675
12227,818
783,4102
15037,1013
9798,2980
10157,4668
314,18933
8438,1563
141,7358
25224,582
88224,572
25473,779
10014,170383
43148,3133
17645,9016
11549,194595
14369,9864
521,9673
78406,208563
16407,11836
17352,3136
18603,11836
13343,9253
832,15009
5544,18035
52772,160743
38348,33466
10510,207317
48364,10183
1050,1157
240177,1415
3591,160064
31587,7312
8012,33879
9886,8662
36040,33688
12715,167541
39939,226825
769,214985
29904,34117
29778,3133
402,3508
2088,5906
260,2051
10563,2683
27591,159955
9095,964
90715,9887
41043,10508
1406,9930
1994,199812
4722,161290
14282,8087
36372,5902
117553,196744
36536,2393
39934,237
837,12400
1723,9450
6947,164092
23159,3703
9011,9844
622,15001
27725,10562
433,2341
9611,161213
439,1014
10159,801
149445,10051
4011,5941
34528,2999
711,3558
11305,922
58680,9673
400,1422
42658,2011
26141,11931
10803,178712
40885,162701
54850,10614
22021,7002
9428,10041
57283,616
400,11221
16103,6075
1091,155821
2176,13014
140519,176793
44465,9937
105,9789
32076,3875
10225,179422
320,1812
2527,697
1405,1321
47340,10183
9552,9754
10401,395
36648,174871
1375,6075
10606,5565
48287,11663
4978,2139
11452,572
604,1701
12481,779
37257,11732
9835,13142
10384,2964
11297,9184
9654,15300
55177,1862
36349,13142
2182,11034
11332,494
9665,12425
11025,13160
38901,10183
4639,642
9257,2434
8765,4290
12663,2808
38775,10183
95627,166631
10896,194228
32042,9937
2907,12564
103,444
31952,5600
113096,187056
30295,230460
7007,2564
22625,10183
17169,14762
47735,13149
1093,4688
82283,154802
11306,11612
10341,167043
11296,2574
16405,207412
22614,6317
10690,4633
9285,5098
36914,198929
11633,4458
786,10683
9065,9935
74122,6977
4232,12339
6478,4344
41578,154950
14245,41364
9659,9104
25237,190355
18274,3184
49948,190719
265,532
37835,6110
44708,10048
9473,9887
9717,33461
16351,434
4365,4552
49225,4663
21468,837
41089,33457
26398,818
43013,470
16314,14751
36599,1691
1049,1453
30996,15085
11929,212646
267,3725
18892,33507
9599,1388
40814,18072
17640,13142
18975,3244
8677,4663
15037,2920
11107,6075
5516,179431
120,6464
690,6059
53150,2766
2887,13005
1888,279
48211,2356
10995,2398
467,9826
11206,11112
711,6270
15762,11181
10466,2570
2990,18130
9991,8864
14439,194256
11899,242
29444,6007
2895,186
438108,41415
196,9663
616,1938
311,570
563,8201
15007,163228
28448,1938
35284,4595
20197,176516
948,174424
10972,41180
4437,12405
10615,15090
34376,9725
10046,9503
24402,11501
28571,208223
6116,3490
1725,10449
18691,165870
8012,11061
17466,9826
303,1568
12279,282
1997,5744
4488,155627
15370,9663
4435,7157
24816,1155
11220,1010
3059,192032
2470,2683
27997,18062
1715,163864
10897,155939
10368,8077
28026,203215
39504,409
33519,1003
10345,41158
9791,4112
9566,178370
40969,3616
10555,1357
37843,5789
28209,190370
967,1394
595,6148
5185,9401
25719,159608
10162,5331
12502,6129
12281,9864
23730,18082
10930,1660
11197,3551
19101,155402
18988,392
11143,188
571,172218
42589,445
2319,1158
763,12415
8056,3023
20444,9935
10468,13027
36657,10761
9667,1279
32569,157959
42218,214996
1791,3720
2669,3799
49365,5202
33725,192412
8649,7464
11444,6590
865,162988
10410,13142
27459,191889
108059,9823
4951,6270
11812,6038
81,4458
177,6059
40092,188841
43693,5933
11895,5340
13321,5385
41762,10712
12702,33632
54007,5404
1688,291
18254,736
169,14915
11528,6075
139,554
112,187056
75888,233
124963,155539
25330,65
12698,181564
145,856
96,703
247,9016
25330,9864
10655,160201
11356,175357
27245,14828
32872,2301
70,4613
766,161891
1891,1423
6488,232791
877,6149
18331,159868
13373,11321
4612,14675
9299,1930
10538,8440
15668,11663
595,1155
11587,2122
1924,853
2749,293
10372,2618
24873,2732
9082,188293
44308,10183
43361,6954
940,4527
11856,14964
10419,4344
10154,10391
15497,4409
10490,209734
72277,207935
113,1530
11697,155291
21619,2702
10632,17987
27017,4344
26850,15160
1882,428
34070,236316
2293,162296
593,1565
10117,157584
18910,4924
3597,6149
1847,6149
207,2132
11454,5340
31546,46959
707,949
6404,3501
33319,2318
29235,9937
3090,33684
10776,9714
20324,10181
9356,18035
4823,9826
8810,8440
38904,293
20156,10183
23160,4452
14390,6060
15723,3684
6974,1299
27983,10103
260,388
984,177538
925,4470
44705,18118
902,157955
931,131
23160,1419
11,11196
24005,703
1377,970
7007,417
990,6075
12589,3289
11475,3836
16642,128
11597,963
29142,782
11450,2571
36040,10683
25508,195402
6341,12670
11338,1850
136,235594
46094,6075
11870,3796
31923,9824
111794,5565
112969,1812
19101,12663
41516,163531
1126,3739
9894,208575
859,4320
19140,6165
11601,162846
24066,169977
405,3927
1723,1721
9542,1583
29264,157772
33245,237
16328,1741
10029,10776
12702,187056
335,800
845,208764
12662,894
10435,3836
13703,12670
19596,2301
61225,6165
18113,208509
11704,1328
36068,3307
9453,10886
16,246
32302,193546
1621,160500
31417,195402
11979,2570
78281,4434
1368,5034
49126,3030
425,4428
2742,818
10640,402
18311,1721
23730,14512
1846,1936
20379,233981
1592,5593
9465,1415
11845,922
9845,8477
12117,6245
50677,2800
335,2089
11547,188957
3059,3010
26842,11001
617,3188
10978,2496
13698,233
2172,2143
8067,4116
12655,160488
2105,167310
53426,9826
414,9104
10684,3203
423,2431
10774,203287
9517,10180
877,3734
12118,5744
12159,4116
32872,825
46625,10183
10035,10556
11287,1480
32044,6593
14484,572
32035,931
11112,3658
26371,34333
36344,6678
42179,186
11120,6502
843,2587
49299,169635
26680,12377
23518,209817
94123,10323
1365,160910
16,730
36222,9663
948,157701
21876,1968
20532,180484
47796,131
22871,1956
9671,612
13416,1556
81,83
2124,2655
9651,9715
32567,7330
42995,1930
36583,2652
14443,4344
657,3272
10216,3070
242,718
10985,378
14742,166835
36141,14828
6217,10563
2895,1556
31675,5565
11318,5565
281,12190
1281,5375
36489,1706
854,156257
10403,4986
9079,10163
15310,941
10613,9140
2288,6025
28268,14632
7984,1228
2097,3799
34584,155410
4176,703
3028,4344
11217,2041
469,10183
3109,4129
8913,192865
19971,10183
6974,13005
1621,33626
16515,159938
113,188
21241,161636
53150,13130
20283,6075
24111,4924
10560,4118
43777,2109
27786,18034
89482,7239
10495,2246
14035,161143
797,718
11935,14626
564,9714
21183,187844
14873,10468
451,585
8325,15016
8391,187056
10540,4565
15037,802
1398,199047
490,2867
112,612
10941,211487
7452,1946
31535,3692
18172,1517
16938,186466
2721,188719
11025,5699
25241,11004
140897,1556
21972,6783
9472,240
10803,4458
845,227825
10878,10123
58429,12425
4281,2799
27814,177489
8392,18253
14854,1556
1213,10329
20770,2920
43143,156835
16914,9335
1772,6078
662,3315
54285,18293
4483,1157
2675,1715
493,2013
26725,13005
124633,7492
11319,11107
9598,5608
9378,14819
11174,238179
335,963
25109,156321
29918,178869
14873,9663
2841,1014
77780,7658
288,188907
11419,33694
28941,190149
8219,744
574,41721
37820,193765
10830,5086
14757,10183
15697,9890
39844,14809
4133,1803
9611,158558
18927,8440
10985,3090
10530,208426
11123,189411
342,566
47955,10563
12150,10714
48385,9748
803,10183
129,228740
695,3131
167,13194
667,9882
1788,207010
2290,2444
11013,2699
789,34139
55306,224564
676,155565
162,1436
7294,1453
10747,10322
5852,9844
1999,1679
1643,14534
27396,8015
36234,207583
27088,9714
11707,15167
28628,108
28410,10726
11901,1333
11420,14737
11382,10818
4232,160612
12229,192345
19050,162739
2769,5488
9980,2781
46732,10183
2749,2013
40508,193545
178,187844
29451,154846
1632,185722
1578,155464
63945,5707
857,11371
16437,188950
10627,171812
18502,162342
10929,9748
17443,34094
10145,14784
11808,33705
139408,10590
13567,158345
8764,817
11005,40895
14112,9672
14328,171476
10447,40847
820,6165
28448,5565
510,15106
10339,4676
9680,12377
52794,2483
31640,9673
11596,1930
4244,3321
42142,190456
9465,6034
18299,612
15506,1525
303,1812
12153,1568
10412,836
692,2231
11000,6083
826,3434
11351,4932
11469,4820
2334,642
28313,34094
69014,165314
10995,14669
3597,13130
9070,203223
13852,9808
29204,6220
166,90
595,3009
11037,13129
9023,9823
12253,494
18892,18020
662,10349
616,33457
7500,966
10242,4995
16347,156037
210937,220025
638,2320
2891,3096
30497,1420
10774,202429
100975,10183
9845,2492
11007,183141
1578,2792
35119,1890
15239,157677
26030,585
25969,170431
389,6148
20024,9840
10876,4319
19053,8508
20277,177995
24405,3347
48787,9826
1632,4942
9025,13088
701,2673
17113,33841
29805,15271
623,10909
8470,494
11495,3616
243,639
9879,33483
700,3496
22267,14748
2103,161348
11284,11469
8835,171165
12149,161264
53151,1517
76857,14673
603,312
15655,4144
22200,10229
6947,1328
8374,8045
409,1971
12143,703
1572,9758
3121,164478
521,14536
5651,910
22256,10456
56934,1233
20763,155794
9802,582
26278,6394
12582,212
10726,6259
2758,5767
2164,3801
49133,10183
28030,11406
10338,164889
17218,155453
10530,4344
1891,10527
14905,6783
9067,187056
10349,18035
11120,192519
19426,13059
10742,9673
31225,171636
149,467
91076,10965
22309,2409
29107,10292
22023,6420
11336,2858
33710,4048
2750,4344
14425,171691
11516,2646
329,1719
47686,10183
17770,207716
4958,7323
1018,2754
22584,9904
9465,236
11169,9145
14342,221615
872,164090
1551,6155
11772,567
8688,15090
148478,13130
10304,1471
9769,9673
9611,33457
50850,187056
10693,3930
143,74
2604,208611
3009,4565
11898,351
494,10601
8834,194581
2787,14775
1368,5144
9290,159534
12521,2583
890,3725
15096,2857
1586,567
8075,5756
800,100
23160,11112
605,3225
861,3249
817,911
10261,5484
10564,1009
8469,572
10495,233
24038,4769
595,1533
837,4565
39256,12667
1888,2564
8953,5202
32087,5387
704,164218
701,3291
42021,2136
9972,3296
14696,11004
16780,15085
10882,34137
9431,11168
110428,254
12127,6876
470,1591
41225,8680
18172,6270
8839,9713
27745,9860
11423,13006
28431,4152
10724,9937
9325,11500
11113,165282
27475,293
1923,11004
18995,195402
665,3575
3482,5375
783,4106
9348,6017
40085,787
212,13092
17343,3182
2288,7879
18889,2136
30069,10456
33667,13065
25566,14512
9849,10539
437,2158
2262,13005
29507,6172
13550,9937
8193,13130
10215,11434
3547,596
42604,11508
11504,18035
11467,1157
25109,1502
16234,163455
9644,12670
17264,155746
10632,4728
13820,387
19997,10326
35119,207476
3396,2810
32567,1963
28162,4116
3055,818
10238,3737
10785,3203
34996,3133
26255,5608
2288,3691
1389,8806
26200,10988
10972,189400
117553,196748
10867,931
37722,14512
1586,2340
3766,582
8440,13005
10671,190763
31701,818
16780,293
10212,1964
211,494
38006,8873
27475,10226
4929,169962
1373,170652
8834,187844
452,2415
547,1534
12519,1499
8913,18127
31174,9826
430,2109
10545,158787
36834,5933
30304,230009
1621,5628
8689,163053
39929,10081
43886,2382
278,796
18274,18330
31064,10183
24402,190057
41974,1523
65,9457
9437,5922
1415,4958
764,4748
30765,8531
90,15483
12606,14724
11817,4958
11702,169590
9317,9951
28430,918
8424,9986
10563,5265
42633,9937
2038,351
20980,572
49842,5340
1647,470
9458,156786
2832,14527
13696,14845
248757,158718
237,34094
42260,236924
5521,383
12235,2852
867,818
509,33648
161795,196433
11660,207268
27973,14845
693,18035
13567,10292
88,200129
23283,206792
36647,206813
26491,34215
625,185722
522,30
10402,1357
28650,215046
26661,2904
33796,4759
623,10051
13888,10792
129,33465
621,165136
134,4373
1718,3419
20239,4048
26954,293
66597,10937
274,6259
9354,7035
44190,195402
38978,9503
38,14534
41280,162804
288,15108
11868,9714
35796,8508
16225,572
218,679
12268,10318
174,4812
608,1826
1677,1741
4241,570
8677,1284
15239,1919
59181,11870
3065,11931
805,172382
1368,769
9884,41019
4296,14760
18776,10168
10843,202558
409,7879
630,191616
21055,10183
12251,10454
31117,1009
10995,11262
24402,3800
17281,10937
10235,2139
42469,10125
9397,5744
9331,155723
15392,2089
44591,18034
110643,5399
11064,10909
34595,9748
47237,572
5925,1563
27475,236431
4599,10235
22694,5498
1923,5340
10653,10226
638,2885
8051,367
105627,181957
10349,183515
11906,162806
36245,6038
9686,157913
36095,190007
11779,6027
9894,549
10995,3691
1997,4809
60437,8029
10891,158072
261,931
9440,6375
8834,782
10480,168641
42989,13068
10785,14909
12153,167316
9039,1562
28285,41329
11452,255
10570,572
169,1603
8413,10114
466,549
50677,10562
85247,207268
34783,9663
9737,167128
36095,233
318,2375
9452,6085
10536,9728
8688,2339
948,13112
10692,14687
9026,1610
9320,212
13982,33709
10479,3012
10001,5288
490,1501
861,12190
11850,161891
33523,4410
40876,34094
9956,222114
19259,3434
12509,2679
32567,157160
11857,4959
12281,201870
4584,15060
665,192491
16417,9253
3179,14570
609,10842
185987,1815
11450,5340
13550,172839
1213,2547
12527,11479
5910,6297
25471,9758
213917,187056
14398,14707
16306,10336
711,170652
31701,11719
32767,9826
2502,220
557,11794
11000,2944
8388,207716
43230,10891
33680,9826
16052,164476
4247,2101
12153,1812
9012,4424
9598,18013
36670,470
23761,233450
12705,167043
27088,293
12542,3434
687,3442
931,1156
26488,195997
744,3800
42837,8250
15927,207876
869,207569
226,17975
68,318
2330,5983
1648,4379
28313,6230
11770,1485
37797,2470
10537,10229
9378,14742
22067,10235
9540,1523
142168,187056
13524,185005
170767,176857
9024,9758
49410,13158
14638,9016
25934,10508
29355,191222
934,6099
77915,7946
16442,8997
40810,907
9268,9758
2832,703
31592,6844
50850,291
15171,4344
12160,9550
28121,13043
96357,156121
113,1534
10530,173825
62761,5159
23160,33719
31640,10051
380,1874
165,196664
15762,13092
11228,586
26603,10873
817,1826
47881,162333
11773,162365
75,1280
24066,1415
12629,258
47237,197514
96,226428
17169,10391
1926,6059
25719,11612
18395,9673
86295,2658
924,15162
21666,10360
27591,818
2666,33465
76076,395
11452,171183
9802,3859
16129,236
10652,6255
37722,6083
15990,214549
53862,6270
11247,931
30192,10572
500,207784
41204,2504
12140,11534
112,6280
751,1786
18555,6054
19403,15099
33676,208445
12635,164700
30996,10714
40440,173918
11676,168763
13496,9503
51763,10183
1907,2988
9493,168211
11078,5060
24961,177912
10623,2492
801,2998
19169,10453
14698,10041
31618,529
708,2149
31948,793
47615,166512
28571,10911
14291,2348
41968,10786
11331,701
9869,441
10285,14819
553,2829
30331,10329
14,10123
69014,12670
36658,8828
321,924
12774,738
11881,15275
12122,161891
816,14914
12232,4290
1610,13042
820,10410
91,33841
4639,9937
21622,4344
10397,41523
11934,5340
9873,797
14580,236
760,794
18993,191409
427,1382
9282,5638
98,10141
387,226475
11308,818
6552,178271
527,156052
499,90
10320,9663
24197,919
3484,1454
11706,168418
2575,15058
12487,1794
10762,4959
692,3443
11081,240
617,3192
23159,11038
840,4214
43774,33495
10170,2111
82283,2081
12149,10714
22688,6154
3103,6737
18133,6075
8592,417
40156,11937
9434,161213
10072,33457
11657,13112
10774,203291
25944,293
21128,5521
37264,520
16561,3485
42633,703
11077,9061
117553,10333
13497,171258
22976,197642
13466,3376
9426,1852
49689,169663
47620,11221
145,6150
648,240
989,3068
30924,193575
15417,2669
43388,409
10945,3278
18410,2552
29778,9663
19448,738
10861,3737
42449,156538
11444,4313
51230,218048
120360,9682
291,658
2575,33501
29173,4190
68924,10183
19236,236
27223,236652
18773,3182
31703,2580
9667,216079
9316,10855
1589,14985
7093,1650
163,159497
25001,612
19185,9714
5165,6149
561,6152
10388,207268
12702,9663
9607,12616
9588,3713
9443,3044
10590,11139
11561,14544
10347,974
28031,10768
2576,11508
32872,15300
31321,9840
1089,1671
16410,6038
18990,155208
10711,703
20246,389
57976,2956
20682,199217
21626,187056
26030,642
17663,214484
4497,211980
502,242
27554,9673
13899,14546
16560,4345
55018,10323
786,1803
4176,207046
11355,1568
96484,187056
31661,169086
1435,222
118872,159909
29455,190755
7443,185522
12540,6270
49763,15162
16314,193551
12205,172992
69014,5933
782,4039
10631,6223
11401,11933
8489,2792
10534,10349
11011,175668
10547,162461
17238,207770
8745,3800
53150,3335
9394,2752
105,4776
8289,9937
29845,11510
47881,189099
33214,34094
42149,9826
17496,178210
12520,3603
98,179780
18780,818
14140,169639
77010,174878
11076,10168
9798,9778
9263,10683
14035,161147
135890,6083
24587,1667
10102,572
765,157458
8078,18086
605,3737
98,157499
18983,161791
13005,10909
19,4565
10127,162533
16378,11800
71140,2598
490,2871
955,720
9737,416
1884,3851
6264,3966
58648,9937
10160,745
23160,157775
8867,8828
1403,183886
408,1647
936,9253
275,33598
20545,818
686,3412
55731,33885
11113,4344
1939,9840
9804,4237
9759,179431
36536,14668
19378,977
17820,4344
2637,11612
17205,34079
30168,11034
43802,163072
52036,10183
37820,828
2637,238138
11298,12564
19997,234197
15244,13007
8408,41667
11706,33384
6280,1009
23333,567
29067,4168
13888,13130
3418,3737
11560,200883
18279,1787
41653,157912
364,65
28789,184497
13320,164889
9597,161302
4244,206736
67794,14636
10433,8015
10264,1872
43715,158091
5894,1901
46918,10183
67342,779
11001,15321
6346,529
40723,1664
27277,1321
11368,3152
4587,170553
41590,166462
24,1449
21793,223901
424,5565
7227,226152
8849,1486
18857,1562
23990,9887
15717,187056
26261,177637
26573,4289
10310,5657
13995,1316
10916,3030
11349,14659
9086,9663
9573,185222
9025,931
9570,1826
16427,194121
42146,14512
415,855
10307,2618
10246,1196
43518,156623
36586,9715
13446,18300
11820,171461
3486,2111
38223,187056
20536,6075
10925,155619
744,3776
41243,11628
4247,572
562,162914
16410,15300
11307,9673
10357,2859
43693,10235
2620,8440
438108,12616
18264,14574
15,3661
12277,848
11849,12554
261,236
10278,6847
48035,18070
22160,155791
22318,6149
2097,233
11224,208705
1592,417
11042,1773
1213,3246
14831,4344
17768,10181
10891,5160
8386,171401
11145,6706
1880,193008
4593,232130
14510,10308
15856,1811
12714,156578
11143,41592
5894,6357
12487,3030
1051,4655
24182,195200
9654,158584
23990,572
31948,10084
4380,1157
9491,2325
63,4379
11293,7658
53027,10226
29074,6563
687,13001
9874,15155
43752,3799
28198,3133
754,12670
16241,10249
53879,4355
31767,5565
639,10556
33676,6270
11247,188237
796,3182
170,1420
812,10267
541,2696
9425,163561
10117,18179
818,3346
18992,2752
250,380
85058,207968
11015,818
16288,9706
2293,179430
29444,15249
1939,14780
11454,6259
9424,6318
47939,15162
16209,3133
11220,197582
27970,12564
43391,470
575,1002
20312,11223
4935,3151
10874,4418
25969,170435
6623,10663
11503,159431
21159,5385
2320,4460
20164,4258
12590,158247
31511,156764
43003,2679
2212,12105
855,4337
129,5280
44925,157955
21733,780
4886,168857
8879,6816
22076,156217
41843,90
33016,798
3716,3306
36815,717
1770,2946
42729,4007
695,720
238952,9813
2895,18072
10216,188957
14709,8508
7012,10617
11120,9031
28528,187294
8870,14626
220690,2981
27197,236
4639,703
3600,5420
4592,187056
602,6091
11698,279
41662,181232
29140,161207
9499,6149
9504,11836
43226,161791
9093,13065
9477,222343
90,167541
173,14785
573,9937
13408,169326
11576,18034
509,2564
6414,3434
31511,200282
15198,6075
11349,351
11522,725
32325,164253
871,12332
8348,167043
35119,33519
621,18453
21588,207769
37136,156117
4437,155689
505,2062
7216,14895
6280,228637
10772,2708
14832,179029
32030,3096
24558,1552
23160,1533
20565,154866
46691,1543
14425,171695
714,2534
26618,10183
11184,12105
32646,189449
22023,3391
605,1001
1213,3864
11313,170595
6283,380
26515,9826
26648,5136
19094,10182
28026,164296
172545,33458
1672,378
12664,15113
48287,187056
11821,1546
27655,9706
29425,10183
11532,9672
17711,4414
1213,4214
69851,4412
34376,2081
11052,6778
26173,9748
54795,392
3079,171826
88224,5923
2200,2606
2091,798
10349,10818
9671,242
37557,2311
81,210024
421,2159
21168,236
26954,12377
26857,4715
2275,2340
8740,2781
24130,7984
17074,9715
9008,918
29047,187056
522,571
2118,157325
9769,208445
27625,14760
11054,236338
890,161207
15668,206491
505,2546
4823,11363
2000,6255
10167,836
4486,255
10130,207976
701,5739
6917,156177
60855,2356
50850,10468
12660,254
707,392
29244,2393
2097,157524
11293,167043
14317,1156
10855,12372
11595,6110
12262,9826
19087,10178
85328,15111
12770,6464
19277,15278
2617,1253
27150,157758
18148,1566
8409,8015
9403,2135
80351,10103
5966,226219
9354,8515
37094,41334
78208,163976
10623,642
42618,155513
2440,158540
22244,4375
45139,192002
84084,5565
7227,4245
92348,2383
21594,155436
25720,2106
29244,41589
39780,3065
10052,166104
167,14784
86889,5484
11859,15167
10046,2343
13768,10791
162,6059
20455,5019
983,13065
37094,1333
10693,4418
9289,5300
17689,186718
260,770
1365,1452
10651,1419
7090,10183
26300,4458
43230,3243
73067,5202
38867,1956
11845,224663
281,1566
1632,787
15849,2904
23949,1328
10127,163098
18892,10266
11944,9481
48385,10183
856,209220
10651,14601
16442,2504
9889,4539
39222,41380
30892,1025
43824,157788
43307,187325
1483,3125
19209,10683
26560,5350
11601,6100
15800,10073
705,931
31965,5147
28881,14629
3574,10125
11532,5968
10651,2708
88,642
10954,4001
11420,4434
42739,33841
38360,10814
49842,6149
24739,4630
108553,11157
22033,12564
9705,159399
27130,12377
14904,187056
452,2419
27029,165470
12233,156143
8130,2465
27977,9755
10564,3725
92381,13088
11633,949
40430,12405
10491,208395
29723,2534
346,14643
71140,14601
25636,14964
9686,10909
10894,9826
38939,6152
76330,1808
10127,230186
451,699
10744,4367
41282,572
19731,11663
23943,10124
10654,458
44625,3616
178,949
6278,173912
9458,156790
10019,2863
32458,2658
585,6107
13006,3528
43832,3203
24736,9826
16551,4344
16969,185526
27090,6270
9552,10112
53023,10183
25364,234848
38219,234213
1091,3373
19204,189921
25508,2172
15653,3616
3001,14604
11503,4478
3989,5373
18168,5490
8469,2483
17687,12392
19542,1605
826,836
41843,1326
10238,1192
4480,7199
88893,8624
27223,167043
13899,9663
6522,787
16129,293
8690,10787
617,6148
27450,156221
13891,10183
27475,10714
24711,207268
52633,2987
5460,13130
902,14659
9824,157677
12489,164605
24008,14751
34303,6075
79615,13130
19120,11209
42179,18072
34530,1968
1843,4344
9764,5396
11932,10603
35200,188154
2669,214789
10935,9031
1791,4399
10658,9739
16642,4511
2140,90
43047,18035
8221,2348
2567,33483
22621,931
26946,158126
11135,1930
14239,5451
10003,2139
10436,10909
20850,161352
11082,12332
9791,953
69851,1326
14462,33482
14683,1332
37722,15134
48287,156801
11906,6271
30964,9937
825,740
38688,167843
473,2390
4823,572
11349,6259
10029,14570
11026,1523
31378,14926
47364,209714
21301,10601
11870,9468
18886,33702
9622,5347
10586,158217
10692,570
820,5340
4552,41411
3472,2173
16515,5420
1918,187056
30874,4017
40841,1365
30973,18126
614,6150
320,1849
69014,212784
95,1826
22176,193828
29987,10937
29074,9706
19053,567
10613,6034
42801,924
18248,782
11228,1261
993,10818
8291,1647
273,1253
539,1859
9540,4426
5122,12396
24749,162341
17343,3133
18002,3734
10391,3099
9065,5300
9611,7289
9357,922
18587,200452
18387,208992
59189,174440
13446,225822
5511,206041
46614,4515
46702,164294
11521,931
16090,195402
11542,6017
1091,14729
9373,18035
16980,10183
18690,162954
4234,2573
2300,177224
8973,6152
10615,18026
31701,11723
29473,10726
473,6257
60855,33928
829,12670
2667,6686
10925,207891
1088,1412
52038,14985
11427,9229
29071,11181
9905,155704
15647,10183
2054,4344
2134,4379
21413,10141
11236,818
18423,1437
605,1566
10096,4222
9081,161288
1435,279
19614,6029
10694,14541
49934,10683
687,3446
27029,11322
51036,4280
20289,199029
2575,11061
10215,175629
9819,1156
44772,10183
71805,2041
15143,11870
23438,13014
10909,1003
646,470
11054,2672
125109,12554
9716,156237
3121,208915
85058,934
42218,223059
8078,14760
29437,7980
9716,188667
47942,229299
1907,5891
2779,10183
34444,33602
691,9826
100,4523
9994,2011
4806,13027
23160,4676
85837,10594
92769,11260
46992,209077
185,3679
11560,11032
811,3704
25103,15001
11081,10714
10468,9547
10750,6270
37833,11487
9509,156816
50008,10732
13852,18111
18513,3513
28169,11663
387,1913
754,18525
10776,210234
7131,6737
47237,2483
54850,187056
3040,1721
69928,9094
17198,7879
1572,15483
15515,4893
18394,13122
4816,156152
8273,772
57946,3485
829,1261
15018,9748
18209,185459
12779,157524
24070,187056
11174,238240
27786,4458
47955,15162
43051,155714
159,825
1435,14534
6404,1415
18113,11254
32858,3133
10160,3030
16941,9937
12479,34094
18722,1480
11891,11931
21380,7321
180399,166241
12635,164704
708,186450
10557,6713
464,2320
9824,189115
29264,12545
564,2904
42797,209410
1050,791
11064,167615
8224,155418
42114,14805
700,156095
9057,8350
14811,4344
49462,3616
8981,3799
11862,13149
265,837
34584,1994
8067,10756
102,11612
754,14687
15192,8862
53150,11581
78208,179012
8016,4518
707,3535
9771,1480
762,10466
10145,12617
14022,1556
11471,9288
10941,1721
33468,33498
66918,5705
41653,625
30588,5571
665,3339
522,2559
2771,10183
5683,162993
330,1720
48864,179867
490,1318
184,1449
2161,227610
17889,14512
25538,18035
70199,9937
11663,41591
63435,5423
9584,155498
35861,9673
18222,190370
55931,156282
12281,236
13446,6464
30892,6262
2202,388
309,208349
33155,1365
4507,10707
36208,18326
36955,167461
27104,1862
10991,1262
25969,987
3595,800
12777,2210
475,798
17941,4932
9980,10547
9716,1605
28169,11931
133919,163758
10719,1991
9034,6162
4234,13124
911,15483
869,2552
12535,4079
35119,6139
8374,11005
287,965
250,15363
1277,207592
840,187710
859,4812
37094,2732
2114,9951
9827,221665
1878,167818
10014,3358
11545,3568
13416,3658
2978,172327
212,2602
43128,211768
12771,13072
2133,168683
17365,33501
24748,14574
9725,12339
11892,160313
11907,9457
10531,33740
23160,12999
10823,162766
13539,10738
339,163080
9469,3616
11370,3997
6020,171636
34595,10183
11861,5999
21991,1415
3176,34079
5548,853
11700,34094
9058,131
10158,8744
9609,4966
666,983
2900,9882
20682,199221
23160,164061
23114,194260
664,9276
16176,995
12207,12965
26179,155790
11986,9016
199,679
14035,5767
14275,8635
695,12670
12576,13065
80849,10084
28571,10594
4909,441
26626,8508
11247,18118
45878,6270
11893,5643
9296,166329
8392,18127
581,238241
223,228602
9825,158172
124,6068
845,1523
19118,157904
10237,9826
10646,155939
18250,208369
21143,210234
24782,208992
12104,4372
43349,4476
11412,10123
5968,183185
11224,9673
2927,6698
745,2800
11416,10364
28975,11018
49981,782
44081,187056
18587,207299
13441,572
9281,796
857,11111
524,33625
30923,191102
11427,4399
21059,237
43802,193278
2191,1826
508,1459
816,179430
17058,437
31220,641
2085,14988
12476,9678
10995,166276
2142,10183
6522,10696
36095,5340
11474,10726
1418,187056
17813,572
25189,572
31685,394
10723,1568
14571,6149
9571,10267
11049,4344
805,18401
766,530
9612,4862
15856,183750
609,11627
2075,13142
10895,3244
1049,1571
9357,6025
18148,10938
28268,180523
2614,11221
39907,14643
70,156330
939,2200
4593,213
27090,163053
8690,293
34584,3096
17037,187056
21159,160960
11220,11732
21612,14819
11042,3737
11477,8627
40810,3436
105,206715
9285,4411
10669,14559
71524,190317
1578,5565
36678,12374
10658,1339
42260,11935
10384,1472
1126,2755
1373,2013
38720,2070
11886,6145
6277,209849
10559,242
9506,2879
31767,13006
4421,11219
29787,9748
9873,18118
10782,4406
40440,33895
86600,351
53779,1328
30814,10163
41076,179878
16539,6563
10357,7051
12499,4954
12658,5756
120129,10786
10859,378
20649,14964
479,1155
27591,3347
12662,13092
667,441
504,549
41206,198362
45935,1411
2441,5543
20,455
49842,155845
11855,5916
1918,5902
502,186450
10246,179431
2436,10471
5506,15009
2788,1873
11706,1442
1277,477
10400,2792
31016,10183
402,4378
12582,9401
10098,170219
7342,1525
19971,10809
37835,11034
19133,11931
28333,9253
10072,41329
13984,4552
12211,4978
11906,210410
10052,13005
11424,5713
3767,585
77936,254
28421,160130
364,6969
29242,3134
1879,6072
22021,156117
9531,9715
580,207317
8346,970
23805,156294
4507,167193
23160,10718
172,1430
36040,10183
29649,8635
32023,174878
1281,11612
1687,4565
696,168346
488,2519
11675,3335
4507,11004
55496,10700
31923,156064
14328,2463
33625,9937
21612,9826
10642,206298
9333,188296
11002,15149
12143,2671
32037,949
1415,2441
28030,2636
4909,254
3175,5330
11867,175533
12105,3766
5781,90
36947,162339
535,1691
12149,1566
29064,9937
14662,208975
629,5493
115,167556
10564,2493
15659,10410
494,6019
31685,170383
22434,13130
11675,11040
10571,12105
36536,193521
13984,10163
10034,1936
5678,3230
13416,572
670,3927
979,4728
25473,2483
36404,3799
18775,570
187,171570
31064,14782
12799,704
57976,1968
25473,207317
10685,520
246,14819
7857,9887
975,4528
6623,3312
64568,155730
9737,219404
9844,10183
16288,214544
5638,2412
8961,155799
14365,3851
31378,11332
1075,215205
49409,173497
1884,10084
29786,6075
19371,2341
24920,236
10357,3347
17734,187056
16129,1155
9739,3385
1619,168713
11129,3015
1548,179430
178675,34214
11589,1956
41940,18001
12584,4948
11238,4344
33525,9738
90974,13006
18989,208556
52959,12990
36489,155167
464,791
11202,9156
11362,1808
11535,155742
9702,9890
11237,3664
8077,160879
38688,160061
17057,12396
294,818
644,3249
16363,4344
17057,207431
42987,191749
61369,12999
15940,9332
16225,11237
26635,41592
820,591
144953,12396
23333,10183
441,30
27451,10391
2502,818
24356,4344
301,9826
18892,18512
681,179430
923,6092
11876,2673
475,5901
302,10818
24264,409
10686,1462
884,2843
18892,15479
869,1828
6106,407
28171,9935
226,9713
12112,13005
24742,13130
11077,1336
43715,1719
2045,1157
8077,9951
4614,155723
10856,9826
12503,4747
801,6145
11373,7188
830,221816
16638,6091
6974,8183
436,2173
9360,158241
32872,172274
46686,3266
11524,4959
16723,974
3989,1242
687,2885
435,2222
10388,208992
951,3737
11315,4654
31527,193573
10281,15106
45862,10541
866,238179
11521,5981
1597,822
16769,727
470,1465
9980,5046
47615,180397
33740,12396
12484,176592
14605,179433
527,2660
3598,194282
614,596
31503,166511
293,395
18892,33922
49763,12564
10669,4707
4639,10051
9538,1475
2440,15053
9659,1009
55306,15363
924,12377
40815,9826
29425,161249
30308,7024
98,1395
32872,2098
23990,2483
609,970
11498,3030
10375,11612
19952,10562
9517,12392
27932,10807
40365,157512
31220,163088
9599,3092
11013,158254
10987,1583
38126,1706
25155,158142
36353,10183
32328,11500
42347,192736
49728,187056
32488,33457
846,4249
39462,3888
11475,167043
11281,179565
15506,4729
11299,321
8867,15090
2575,246
1933,2341
64079,10287
9716,161287
54407,10183
1701,822
43875,388
13852,5657
23855,6129
32689,9673
1619,13142
245,897
40374,2864
9039,14805
53198,208916
28430,199076
15516,570
9717,1930
3112,14604
48709,170195
2193,18015
26761,195402
13820,10410
1580,9937
24249,207268
17113,293
1720,5746
16314,9823
43011,192001
702,12980
14002,6157
41963,18049
745,5809
54568,188474
2841,1453
10855,9693
1439,3434
10632,414
290,1388
875,2695
12705,9276
10328,33352
105627,9748
16934,232550
605,334
32284,1566
8838,18525
11050,14768
11859,3278
364,163455
10625,190141
13783,3644
37550,5923
3082,5571
1277,2652
404,2029
27099,5625
1162,2470
5998,10889
36677,180999
427,15162
31526,1192
9427,164861
53879,188014
258236,2652
18975,197084
23728,11931
10739,5999
9472,9673
12498,170647
11507,6149
4460,2695
990,395
17057,161982
10464,5600
4267,7085
16723,192655
4296,161240
47886,703
29049,40931
42589,4243
36643,10364
17339,14643
13567,367
11297,6968
10154,1812
23111,2355
1643,33632
11932,187065
10860,3258
11617,3591
14573,679
22,179430
662,214549
43818,7564
13581,163226
9654,10051
379,542
66,441
23916,2394
9025,161288
77514,163751
47018,10183
280,4458
20348,11695
11382,1808
311,314
339,3752
27332,818
2546,90
11791,155730
100894,197618
414,33626
49806,15219
2323,2618
184,6149
47724,1936
115,219881
20289,5340
11033,10333
105627,6298
8765,15256
42193,11709
238952,187056
9776,279
3600,6876
140207,6731
31511,10325
83838,41185
13368,837
46767,234356
6217,1366
53426,13006
17696,13142
9323,12190
9362,14991
34223,3713
363,3676
10644,4320
9061,9937
34996,242
8818,165718
10945,6104
15762,172136
43805,10322
36647,14819
22478,10235
11572,156245
25749,6158
9348,11181
8584,13159
883,2439
401,10776
9040,417
11513,9826
578,3737
793,156207
302,9826
13343,11038
22423,190140
11026,10842
22596,1507
686,1432
12229,156866
36614,494
38560,166527
21041,9826
11975,33519
8961,14967
58102,166625
23599,1975
38922,9974
4012,835
9576,9673
660,3271
9659,5144
7011,15001
6471,160738
47796,9727
293,1497
54794,596
269,155518
173,3193
3115,7671
710,3560
11349,1591
27214,3358
24113,2301
44705,9673
42470,630
35200,188158
115,198673
38724,10508
10144,7376
10779,6154
9272,170776
10877,3692
49964,180487
79306,3522
267,704
19157,11095
12560,236
8333,14512
24739,188960
12236,830
24212,9767
10110,11103
10015,3994
85058,3703
10544,8908
36094,1650
21484,10714
3073,6737
25364,12193
88,33694
9538,11221
41495,195402
992,181471
939,2444
10824,10541
12254,1459
8545,13001
5521,4258
1901,5812
583,2815
9026,8250
38939,4896
9880,15402
9541,13056
36593,1568
55912,9673
16229,221806
11596,4142
9479,4344
31526,157194
55306,10183
10479,7558
11528,170063
11966,1422
10424,10714
27259,13153
7007,9826
183,5303
601,1826
9625,6162
5618,293
7450,10336
9620,530
69014,212788
223,34079
78,207268
9802,18525
18148,1517
15301,2652
2470,6078
11543,167556
47724,6876
9730,1889
25562,168622
74899,1523
29074,214544
4836,1930
13343,918
9100,1252
10998,5809
12520,6563
75552,184975
26976,13005
55441,193707
16958,195402
9905,10123
3062,165186
12501,2752
1619,33626
11313,156104
18836,8045
819,1499
12205,190073
981,165547
44479,9833
14844,170682
24750,4007
10907,222340
2109,167350
32048,9826
605,2725
43143,11181
213,10325
7341,657
22711,4098
2300,177228
27088,170827
12117,378
11974,12339
26517,231769
619,3089
12207,779
19664,502
44479,10183
13416,34051
16980,738
31701,11727
984,207268
22334,156104
816,4505
10985,6270
18856,236
27723,8613
121923,226618
24546,1938
9731,2800
17692,15097
7294,900
27414,207317
17464,1974
1092,9937
21972,13130
36599,11181
156,9457
11909,627
9919,242
37141,159947
17834,161155
33364,14798
10727,616
45609,10183
10451,18035
4927,158718
10122,455
10934,3730
884,1664
11706,18035
31546,11724
11228,1749
10563,9758
949,9937
24405,1721
29372,1956
29039,2483
11575,159753
1573,13015
502,2531
25066,378
26899,6733
10714,13072
102,1333
8077,158895
2320,10185
52633,2804
37447,8039
21035,2483
10428,2157
425,2078
1375,2062
26774,9826
10279,11053
43150,171956
19997,9826
223,1328
9357,5732
2769,12990
851,4262
11258,4898
14444,9663
15482,9663
9759,6149
8413,3385
20616,11827
17962,3800
409,1284
11356,11020
16638,7140
714,3587
27723,237
766,3970
9602,14512
22279,392
16938,194236
1853,187056
29371,10183
4816,156156
43915,13008
32872,919
2319,162515
12518,7439
118,212
2005,2409
46466,187056
48967,2570
109667,41329
14262,9772
903,3737
38775,4076
10859,5562
30708,185589
19157,2398
45220,14856
497,11263
3131,1857
1923,10988
11176,155354
864,1482
11178,12105
262,378
26038,238814
26850,596
783,4090
25431,207883
27103,1690
16769,164731
564,2908
9694,9713
11123,10656
8785,514
3087,207716
580,3345
9531,3222
22176,1643
59427,208333
12527,12105
2517,1155
39467,1566
12764,2434
53426,255
11319,156168
17965,4183
4628,2113
26593,798
40952,173298
8293,5923
8489,5565
75,833
9890,4375
10734,9772
8691,189921
11184,460
27346,4426
9093,6092
10607,248
27526,6381
1958,217324
31634,6092
13907,12990
10711,2671
8983,8150
1487,4252
25848,549
37797,3096
135,5288
36536,9736
10110,11400
31671,10685
9571,6270
622,3096
14534,5565
9373,14819
10872,12997
47866,828
12335,3872
12145,18165
2103,3801
33324,15137
9576,207583
10314,4656
11462,351
8289,2106
25431,33519
16081,4455
31655,33505
17465,6483
196,10322
643,154802
9716,4992
11076,15169
10731,380
18892,931
10552,9706
42402,5672
62761,11612
4024,1453
8222,744
1878,167822
18357,179431
15486,9937
18775,6104
27029,1690
62825,5288
968,974
16172,2081
579,158297
9028,2095
18,161176
1580,10181
5921,1522
43751,2041
603,4565
6072,6270
11282,11148
37347,162365
9306,9714
9556,3149
10096,8711
27549,818
28031,10776
82432,6038
22613,5672
20312,7312
18841,1852
23730,232085
203,7879
38665,190296
48862,582
37247,171206
76083,10787
11414,15234
6950,1402
1024,10768
2501,15483
9453,6255
10530,234184
8078,226177
580,227106
4823,160929
37108,4379
1370,3541
770,3136
14580,190636
27104,5733
11857,5614
2981,1291
18148,1009
1831,33479
29343,7994
31624,11040
9825,158176
28973,156634
21143,5404
5971,1563
9373,9826
11471,12354
10167,1568
11431,5625
156,894
29173,1299
1694,157490
9090,824
10633,3879
30346,187675
468,2347
37257,3344
1997,9920
13573,14604
992,161849
760,3864
23160,305
30168,2398
10304,1402
11417,917
13041,8264
2026,14903
10747,1556
36349,782
10134,14819
28436,237011
2887,173504
1716,4333
20684,6373
705,155624
19415,293
16234,12190
29710,187
100,502
28,6092
43811,6165
85673,293
23160,4627
48385,238596
31935,11106
38953,1419
43390,14531
12088,4565
26234,9672
13416,158591
11779,9394
9582,12541
47942,9840
8046,3045
9719,171585
11602,164880
13373,18396
9499,33513
29884,195911
947,4535
873,570
13320,1003
96,15483
191874,155331
911,41180
9626,9717
9093,14765
29071,14999
33468,11034
9442,12999
15080,187844
9350,2805
52961,10093
2675,14909
180,207268
72987,209051
11354,208344
266,774
78406,155881
37103,11001
11281,2546
1649,3737
17015,33384
11104,6618
16347,165580
26488,190370
8068,226790
10147,65
2157,15246
9846,41249
44925,1156
71940,1419
24097,189921
12660,187056
13189,2964
55306,494
640,177482
4886,12997
11892,34143
22233,3451
31798,1346
21219,6220
11551,180691
9430,168807
11143,526
16136,542
1591,1625
7090,2539
36915,9937
80713,206887
21871,162365
6488,158120
9462,1946
608,2428
22537,231556
172,12388
577,1442
25627,10326
36349,156650
9040,10594
982,15127
31798,155791
12239,321
1542,179431
12589,18069
23916,15149
21544,187614
128,1721
134,787
9033,4715
23805,156298
524,1228
11673,5560
348,4565
42407,531
12764,4959
36210,10637
10694,534
34106,2693
31606,2708
14239,572
8834,192097
43051,13142
35080,572
8219,158718
13189,65
978,13027
29437,2483
30068,190174
9453,3035
53879,9840
46498,387
547,2754
2017,9016
24405,156731
30874,293
33441,155582
19426,163865
10157,2993
713,7879
12127,9519
41968,4809
713,1463
33994,204021
9325,4344
23330,172504
12227,2526
24182,193114
91,1261
16229,13028
20649,13008
22572,1852
3133,17987
38722,12670
26170,162632
29235,207404
8388,10705
20197,12423
30497,10292
43779,209228
9208,219869
10513,387
10835,1741
10414,191222
3558,1525
813,179430
16180,14742
97648,206981
9826,3625
11220,12354
643,3232
16515,207819
10012,4375
9717,9826
10786,4147
68822,254
41090,201156
71805,207928
68274,5248
21055,187056
1956,9826
8357,161219
2020,9714
9277,14819
11231,1412
33518,41412
47288,4344
681,155514
14811,941
36208,156052
17592,187056
14573,2964
2528,4029
73,18035
12715,227693
668,3289
9960,1468
20197,18034
31911,208125
39225,11933
923,1774
25241,224873
41516,7330
9941,18035
3591,4428
2,10183
56428,14964
18919,33401
2297,192008
9100,237016
16225,187028
290,774
47951,2479
27130,6156
12480,571
1621,160488
31701,6844
2171,704
11415,10818
9884,949
53198,232222
2026,18233
17339,15184
1583,5340
29173,234538
18158,178639
52873,207317
26225,1419
1369,6025
11866,12617
9037,14735
11979,2908
441,10183
2527,3344
1535,2106
3529,158225
20455,5698
11791,12564
22561,12616
924,3737
44925,10768
4912,5565
23954,293
207625,1228
34376,13043
11558,160556
18196,41523
35463,6149
435,2226
5622,10183
26225,2708
10496,176262
14633,1156
32040,11578
13055,10183
2020,1338
913,159521
10235,189884
422,596
763,10122
36554,1956
14873,5650
11306,9937
829,570
1824,1668
10012,12564
10264,9748
8766,209027
634,12193
43143,9815
55441,5600
9104,417
1277,1233
3989,2535
9100,5147
1694,11181
31598,33518
33320,15126
12253,6951
497,167696
88288,1480
11310,155291
12616,3817
11547,6876
15598,9094
596,167043
710,2812
9348,6245
14585,10183
9373,11546
9531,83
4911,7477
34746,226001
2657,2571
638,3300
16993,155453
33518,3184
29993,6917
23160,2025
20126,233450
12634,3182
9208,1666
65749,9673
49792,6054
20455,41645
321,237
829,3737
74544,13063
5261,160246
11970,187301
11710,194998
16508,917
4012,2315
6950,15149
18394,6149
16442,13116
15849,4067
2330,15363
37141,13130
9361,208123
992,14735
586,570
22660,2752
18513,10661
968,157273
4896,193551
15237,4344
2320,9758
1791,14743
2105,226226
12232,4892
337,642
6283,2161
25009,3513
24747,6075
9823,12380
10012,1155
12229,1941
11194,7330
11599,1261
2907,207697
35161,10041
10577,11221
1580,4814
2115,4344
11216,629
1594,2619
21588,10327
818,1423
14390,10183
859,738
33783,11402
11429,168859
2654,10818
11364,1453
9611,184426
5971,10183
11859,156788
29572,158431
22307,10092
42229,10226
67297,2652
45938,10329
2575,10183
3132,187376
11782,12354
10725,818
1373,3737
1433,6783
18587,33720
47890,2904
11064,9714
312,6029
17205,12371
68064,179991
42264,191583
246,1938
12079,187514
83718,4433
40507,10601
10065,172266
218,15483
11202,1402
11815,9410
26976,10163
19545,9951
2043,11268
2990,2013
85673,3436
2160,227613
7504,7947
10117,2619
27271,14736
44465,156104
10688,185011
41651,4563
10802,246
4011,162846
36048,6038
28162,290
22307,10226
11589,11117
9605,176661
547,2246
42632,11240
1281,2598
1373,488
15805,203702
15789,494
6282,9767
25719,11677
31206,5565
9361,7879
11851,5440
14239,209220
53157,167477
13552,572
4823,5923
11632,5212
808,7376
11422,907
12590,269
31918,2106
18,10842
32502,5828
11956,977
8393,9649
10388,6203
10876,2884
47045,13130
22023,1468
29455,10093
47653,11430
19142,157430
13945,9725
61828,190884
12583,5774
10050,13072
3989,254
6471,160742
631,14527
9679,162842
54850,726
408,7376
47507,13149
2675,229652
782,2547
23550,740
710,3564
9396,242
10991,10988
43889,238218
6950,17995
10216,12670
36643,41188
10560,1691
2841,2425
29601,6092
10643,3243
80713,11612
407992,10116
8077,803
3981,515
10785,8721
10145,6262
12793,199656
22048,155760
11120,18330
9962,2251
507,90
10872,33457
77936,1523
2654,14819
98,235793
11247,155791
33839,586
9414,974
1370,4269
24998,2551
51363,2887
11065,7548
5333,13001
23096,1667
1358,190947
61369,233544
27094,187240
36536,2438
302,515
62,3714
11856,591
170767,189433
12508,5540
11525,2157
1859,5154
708,470
9874,3246
17078,18009
492,2586
39256,1299
10693,3650
5486,157758
1018,10768
867,1664
11449,33467
333,941
36606,5956
627,2694
680,10104
44326,10735
82101,351
41426,7153
20455,210024
423,14743
11307,3725
48249,497
11676,9740
47406,190370
12241,11181
5879,2983
250,1653
66918,14760
9624,6129
11543,167560
597,165086
802,1486
11584,2733
5336,13006
37112,18044
47643,186956
1277,725
47821,207839
3062,165190
73134,197619
11371,159408
11056,18130
9360,217120
2749,14512
9667,2800
3989,2966
41521,966
539,2217
9323,10718
1694,11612
8346,279
59201,173254
11072,34139
95,90
21032,158371
2300,177232
10712,1157
29259,206008
26425,717
1018,1453
2115,10707
3110,818
12520,7856
20318,1956
10395,4197
20465,4210
10938,187056
9304,33496
113,1412
10705,497
41609,156032
19827,13027
13795,156395
12665,163558
11035,1552
32488,173277
29021,9880
488,6150
38939,9706
16859,5248
13945,14665
10671,4547
12236,156702
194,5972
2161,159457
2322,155555
10991,210024
21039,226257
10576,293
11190,46953
26635,3799
318,12670
12710,10329
6499,161742
24518,155781
11,163295
2928,290
10022,18035
86182,155488
10510,1991
18519,3799
4232,157380
881,163189
41516,1963
22112,155436
18475,10267
22,911
4824,1812
13912,6075
9331,3547
13553,293
1415,4328
15723,10332
9748,12105
9739,226776
14342,220448
2135,5455
24272,3036
11049,9882
11067,9663
42245,818
40206,13148
30890,11935
120328,179021
14275,33905
26761,3030
14683,9663
4307,10707
39964,15162
174,161176
870,1794
13950,169151
9255,4289
58902,10685
4917,163045
2142,161306
28171,7955
9507,9748
8983,156854
985,4598
1630,33626
42260,10707
17810,155198
106,1297
17539,10183
27655,9824
2759,17975
25430,531
18550,10391
31701,6149
9616,12565
15136,10201
64568,10877
10491,156217
10323,10121
273,1879
25066,516
1093,90
406,379
12524,7156
123763,187056
53049,10768
47735,177922
36647,175042
14664,11454
926,9831
5916,9826
17481,229104
29270,40895
10077,4379
5486,11181
2000,18266
8764,10551
1394,169637
9445,4434
1716,2430
27430,10594
597,4388
26865,3065
73067,14985
8963,2139
247,417
48992,2124
451,549
9637,1735
6404,6095
12276,187844
638,9826
18250,156081
9282,1328
2302,3903
12634,226435
9603,7208
377,33457
1680,12667
595,2005
28963,3998
10480,10183
24167,588
25768,154802
3512,11219
61369,549
1586,15160
16347,18092
32562,173504
18919,14531
16859,389
17281,189477
10839,2349
15263,9888
30636,13130
19971,208349
10388,41158
37062,9840
10712,4003
18773,9826
1430,163656
1685,4565
26356,5809
708,3800
15278,10123
5503,520
25283,156052
12142,41645
8785,3096
10285,255
11517,14512
281189,187056
26522,10181
1725,9823
251732,187056
10975,6956
4234,12193
9425,1826
21056,10198
21159,11732
244,776
14638,155797
5486,14698
16081,4459
14551,6062
11,11107
36040,208662
5051,11001
402,2695
161,378
2362,312
52782,6271
10637,1483
2567,10352
16180,6155
11157,9748
10866,6054
26515,232766
1040,4645
15559,9882
30204,934
11553,233
78657,187056
327,1797
40932,209940
163907,155573
9103,10515
504,12987
10157,40957
23096,212059
18148,4262
11159,1328
10863,156217
14267,9780
33157,5565
3763,10349
33245,6564
3085,184534
15313,10183
25853,9826
12159,1449
6463,3431
11064,226551
1701,1420
627,11635
66918,720
28966,6054
9099,11138
922,800
18444,2041
33454,175245
10110,2089
635,14964
22586,7376
9702,193309
18072,9713
9012,3444
13416,8338
21484,5083
93,1417
8427,810
96288,187056
602,4278
1811,14964
6844,2618
8221,4426
9296,2793
19483,1859
22176,33756
339,1772
9684,3017
49370,163412
27102,181324
48864,10183
11943,697
274,208048
20324,6038
10400,5565
2749,822
9456,1156
5925,6089
12484,166720
10930,6645
11858,187056
6947,170179
1607,577
2048,520
15969,179430
5137,212
21137,11487
10615,4344
15592,180197
79827,12425
782,5340
29572,392
15516,189921
69014,818
694,9957
604,83
14136,163129
14854,6110
15394,155841
680,9730
3784,1650
984,1930
678,177362
10220,3703
10637,9672
50247,1459
11422,1956
20815,163045
100894,159959
1842,208942
51394,11612
11589,4595
40810,10076
11863,582
333,215200
597,10617
8689,166103
31017,378
29493,2394
13524,1956
14373,9748
9429,2779
1859,592
14664,6140
28679,8087
11713,907
1714,5737
24452,4015
15618,202314
1547,157499
10433,6149
866,238240
3577,2286
100167,186792
1277,351
805,163055
10246,10873
10229,10163
29584,12354
45862,11541
41280,157799
165,226370
8675,1721
17771,2315
18775,310
4497,165470
1624,210608
10867,4115
17015,33388
20704,6075
44247,10024
11129,15237
18283,4344
553,910
9675,3089
30702,10508
784,3530
22023,15483
1373,5404
43777,2020
11561,189433
1538,12670
10478,2702
8677,3045
278621,15136
1411,12332
954,3269
583,835
73134,4438
1894,161176
20483,15363
11804,3667
595,1952
8968,5707
13820,6149
9430,168811
2546,1761
10628,208662
14844,9935
11016,194943
9716,5159
3177,949
1018,3307
14911,818
2892,222
10533,10223
20712,293
29627,12193
1368,1375
11484,4565
10725,14512
41653,4313
15080,210024
154,5218
244,12616
21241,14941
6476,2673
3063,11372
6444,187056
10997,12392
11551,7136
1418,1157
11446,190116
4762,187056
21793,187056
9386,208633
39907,3242
424,1739
10534,167868
39462,158744
3484,5146
53023,187056
29076,15274
2067,839
26142,13005
179,836
11564,14857
11521,33479
11583,159871
45671,187056
53117,3616
9659,14736
10771,2820
55058,9673
861,769
28030,6027
10328,207106
96255,191001
12774,242
2172,2806
22323,17987
9454,234073
15037,18001
61391,10322
437,483
43105,3184
69014,9141
11896,456
31955,5643
14703,10423
41653,3508
43522,159370
47888,10590
31995,236547
53879,10194
2160,226381
10856,10855
30331,10183
22595,9273
27995,10768
135890,1936
24909,2483
44247,10292
4551,10572
11850,200054
129,970
23160,156661
630,704
10694,6149
11163,210728
1430,7548
3179,167043
11713,14707
36819,11117
33491,187056
9483,8826
23160,472
521,1936
29933,2652
69014,10430
949,10051
8741,232587
10128,3676
11934,6133
11010,5933
988,4605
26246,10950
11240,10199
19415,6876
10590,34079
26225,33719
37347,207928
34604,1566
811,156039
18983,12193
8649,3752
24266,2673
17352,41600
26347,10183
240,187788
43742,207819
9395,520
10144,10336
597,4953
796,2389
21612,6346
11881,2081
18047,6075
10563,2301
28907,4344
1700,18062
10829,158141
11906,14712
28916,208693
65156,10726
8393,11800
10246,13130
10677,13072
4377,7094
261246,205850
18111,1333
11779,701
11864,2831
20532,233
94794,237
3396,6746
12229,388
71881,242
104193,516
8973,221387
16146,162333
668,179430
96,374
28171,34079
331,178010
5485,15032
27381,193594
25750,14819
38631,3473
6552,178259
3179,10988
7348,196557
32041,1956
174,559
8078,155336
10020,7376
30049,12105
9261,237
24124,5767
17941,157722
8195,90
9422,5212
106230,9672
617,3180
11527,2343
11615,197521
29979,14676
14370,156810
12704,10685
10923,470
44625,6259
27030,15171
21355,3800
10742,3623
10599,6300
9362,1415
9730,10326
8346,1946
9486,179431
11121,818
26618,4129
17906,10100
10324,9673
578,2993
253,212
11906,33505
897,1872
10261,232592
19997,10424
94794,185018
469,242
11040,207928
66027,572
53157,14512
830,15246
890,2802
318,18525
36349,9727
11313,14768
10824,9663
3763,6942
12112,187056
10858,6165
25678,10278
44591,1299
275,6149
27725,7281
55,7879
49409,10229
41944,3616
1362,606
16363,165347
10414,41132
1415,10183
15158,7939
41164,6075
34444,10768
9872,12392
10351,9792
11427,33885
33542,2987
37257,4129
14362,41523
16442,8798
33472,162645
12537,183954
37036,44449
26179,11478
900,4479
20067,10768
9597,2389
507,2375
12778,40879
10973,7994
244,886
30114,10950
423,1968
744,2796
522,10732
25508,977
45938,10199
8860,5362
441,2161
38171,4849
38867,90
27236,3296
9567,4595
12656,417
9605,33979
49410,2355
13821,8622
90,3688
49845,549
13536,180668
39929,187844
27259,8087
46119,33720
43802,163865
31923,170356
134,3182
483,13132
11287,1956
4612,843
42048,34061
68430,193237
10633,1415
1694,18085
41034,11510
27223,14570
608,6112
19361,10180
16358,155294
36434,6593
14030,10181
12542,33705
1946,5380
27088,11316
156,11612
38720,193572
19204,162846
10127,162521
40961,10292
139,17997
27815,1852
10943,41586
46889,15160
10029,6259
8842,5565
18555,378
43001,13014
11936,2386
3112,3419
25690,207716
10829,1415
40969,15127
11474,192913
31685,378
73351,6984
9826,212009
32075,187056
17965,10392
1628,4653
11852,33721
10501,9725
10337,2708
55441,4344
25562,171261
5155,2065
329,1764
28988,209997
8224,6381
321,725
5729,9503
18647,1321
11657,10685
11592,7717
4806,1415
23832,12988
47018,392
343,1227
797,203800
12079,187518
15573,9656
10612,5331
857,1430
48109,10183
14237,10414
618,6092
26895,10198
11495,2051
23051,3588
11657,155331
33518,14760
854,2422
34530,907
16180,15043
23160,215052
46889,11322
15,3515
3083,206515
28156,1009
8996,4446
36670,155334
2771,187056
15,208349
6404,46958
11130,13072
36561,10183
43342,10770
9584,9844
698,1583
32858,1909
10242,165580
23160,5091
10299,531
28448,15222
1589,4048
1392,4750
3293,161159
18698,14652
15697,5694
851,33720
8077,1612
938,33678
19760,2041
18395,293
935,214655
20689,9937
865,4323
2160,10085
163869,12396
11942,3458
12560,4432
14551,11112
19742,12667
2616,179430
266,888
24012,13084
100975,242
10126,164253
11621,966
9942,15246
284096,187056
9064,15001
493,395
2182,9660
6499,3650
36351,236
16539,13097
11837,10292
100,11488
1786,174375
33344,10183
17127,184935
28580,33457
2575,3450
11336,9937
9960,170335
41462,11546
5552,199656
175,270
548,2720
176,157367
488,409
9654,159511
565,162846
22130,9748
118098,5561
1648,220265
19545,12667
32058,187056
12101,4565
11228,10349
8428,159947
12723,1605
826,3776
47643,158718
9495,3335
796,726
39964,10226
9845,33625
42634,15160
6038,9826
16790,15162
780,2822
15800,161176
4997,2375
12,179430
14022,6293
11544,1668
63945,2800
10212,156104
26371,178329
11007,183133
14369,6075
11423,703
11528,170071
342,237
2176,13063
500,224552
957,4587
24546,1812
25319,14546
20815,818
2649,380
1039,1201
9085,6149
705,12999
27260,4565
30814,9826
10978,15162
10881,1523
121703,10322
14578,572
67595,41394
11859,416
10722,14999
105,389
29794,1994
27430,1336
11413,12392
19094,237
13899,34079
12720,6614
14551,642
29259,175676
31624,4551
497,214548
10550,5440
17689,502
17667,899
916,4508
489,1480
39844,10292
3062,165194
194,365
4107,7005
1712,5734
1802,5248
68822,162034
37094,703
22994,4410
210937,9840
11186,180691
11368,34094
2895,3134
207625,232861
40876,11829
38867,1326
31593,9748
4593,949
12237,3440
33762,7984
39435,9656
9781,14964
10742,18525
8849,4320
574,236911
11595,2231
658,3288
84735,9634
13597,18129
13552,2483
11308,1721
57953,206850
30304,10428
10783,3694
38665,222787
9378,6464
207,490
863,4294
23949,14819
887,279
11038,378
13795,3593
11423,197161
12663,2052
3515,236
9487,8790
598,1003
9319,170375
51182,9817
990,10499
23730,10292
9025,4115
11228,10617
40772,11254
78373,1556
42458,229299
77780,10041
15370,188748
9023,156234
29756,163186
290,888
184,14964
54302,14643
547,10707
15209,1523
4232,157384
8392,233
10607,10726
686,1603
984,14819
694,3598
28430,5769
17205,779
57825,10540
4958,5571
2,1787
46691,726
843,12354
1725,699
3509,18420
21311,409
21484,189921
636,2137
35696,12090
6415,168835
7863,33484
49980,170154
54575,207583
26928,208412
23210,3202
14551,156510
8839,206834
22076,162300
34093,178649
10776,165334
4614,591
10727,13001
1373,9649
8785,8093
37835,13059
617,1196
21210,228600
39875,9826
14874,1715
17941,9937
8273,13027
903,12605
8961,10950
11319,10591
303693,4106
617,33626
9548,5540
9026,1655
2348,155582
21736,156395
25155,6259
16161,11925
3023,212
11361,14751
40064,15001
21450,228653
11212,196581
14729,9910
179,409
8016,2652
25993,160174
58129,190012
11692,585
8879,15127
31593,567
181083,7323
248,33673
9277,167418
11209,163127
26636,5756
47676,9673
10003,220
252,818
11967,9503
104,585
631,14828
10872,207317
72308,2606
8745,8086
9458,15381
25993,4924
27681,4803
680,1411
16184,3346
699,3476
9413,2751
37636,187056
47439,157955
13597,9887
10563,2679
20681,10185
37258,15106
10413,1563
34376,177185
31805,167043
11564,6270
11826,13142
54986,158540
18919,33783
2832,212803
326890,222
18205,818
9413,657
11823,5657
24546,6297
16093,4572
10555,4923
25431,12990
343,1792
20126,14743
28963,11707
769,14819
309,494
11285,163497
61369,4875
18502,15086
88,14751
11646,5898
10281,6259
15209,11001
9414,33705
46614,11106
1358,6012
5781,33740
12793,10183
630,1566
294,5876
28448,1666
86458,2671
31530,4344
11519,3365
45671,11326
14475,14604
67962,10183
243,578
47643,10181
30584,483
44289,11221
5780,156026
1040,4649
18451,9840
955,191881
14580,177678
167,3363
19137,158235
9694,4728
18168,1156
1024,2132
579,4210
23114,392
14245,10085
15347,9896
150,168595
306,9663
8769,169635
19014,162757
9552,3684
10447,3713
80218,9826
32044,40898
77955,187056
29715,14748
1613,852
18041,189868
431,2846
9523,5340
1945,1646
13466,10508
46798,9706
58062,193513
12090,2587
9208,3203
9444,4344
10536,10391
1831,212873
35115,208448
441,311
2034,33426
857,7956
13888,157524
9919,14534
13938,6027
9654,720
9594,9748
47881,179882
17205,10391
2105,13130
26617,196599
10771,2072
33831,11524
25237,190351
16933,195402
981,163758
769,9826
8198,7983
11676,6203
4202,5565
17744,15295
22244,6270
13188,818
34530,1956
9465,2619
172,5362
504,293
1093,2001
11929,212642
29318,9704
32332,4399
22023,293
402,3183
1374,2106
2742,156117
4762,7272
34584,2035
11212,1009
20287,5901
55496,14632
71140,736
33575,931
11564,12365
37019,10325
18172,6075
14696,5332
33138,582
10995,11254
10498,3440
11886,1701
20126,11039
11837,161919
1793,5430
17130,15291
9300,177998
13346,11671
9824,6737
11894,960
107,33461
10859,2350
156,1252
43612,15016
10774,596
8336,13005
1369,6086
10742,5774
31938,193534
41613,10183
13555,171376
346,33558
12311,3180
676,3800
19143,6075
8851,221696
699,156095
42618,3447
20713,1806
59569,10714
1722,174389
261246,181532
31923,155808
2061,4668
2161,15246
701,12090
11528,170047
408,2013
30054,188016
10428,2812
37835,13006
6277,3149
17965,10770
9989,2157
31509,208315
3101,1157
58455,154846
29710,8250
37247,3616
11888,155821
4421,493
10234,4426
2440,2286
11220,15127
11355,5801
554,128
19259,2487
14626,1691
951,5091
29938,1852
16563,165914
574,212
46702,164282
29267,190287
31767,186
1997,963
40440,4271
8470,2690
9622,190116
9281,703
780,54610
18357,2526
949,10726
755,174878
25748,41002
10658,11500
11832,1240
33,209631
9932,1321
35073,155582
2045,1706
28377,10714
10985,12670
11676,9854
29512,225938
11617,5616
24070,172789
807,2231
11228,444
16052,164468
30547,4487
9098,9713
4154,5600
26517,3133
15196,10090
1365,6059
755,380
895,2139
1040,4812
1093,2619
139,550
36670,10261
71881,567
26180,9098
3600,2135
12698,181560
12589,33353
11336,732
14195,2671
650,3261
11854,13072
1700,428
240,158261
10160,2884
1435,1556
12279,2051
5506,3478
17113,708
928,3586
17295,836
597,6917
17745,5767
21041,10562
77571,2564
348,7956
10996,18035
5001,701
1924,849
17343,572
43279,162491
38006,41592
15598,9639
929,4593
41801,156771
711,818
11023,41355
31591,1797
14292,179431
10435,18035
771,169829
1893,2011
10155,1927
10735,187056
1786,2349
56235,10772
19884,1400
14275,2394
11224,2143
38775,2771
114,995
3087,4610
504,3489
31417,3262
11536,8241
34614,2402
26204,9826
3009,208212
9824,200646
26204,966
115,1930
29425,6898
40478,190477
12120,177392
16028,2884
9605,8506
59809,570
95548,378
26798,238242
24402,572
24808,4252
11420,187056
6075,10712
26958,15001
29259,189102
36851,207938
8849,242
9257,6110
18693,4344
28333,41240
25750,18072
180,9826
38775,173431
20980,2150
1369,422
20375,11363
24808,2158
122,234213
197,3754
31546,9748
26484,188583
9267,161842
4485,2281
291,1671
1779,14737
90,14967
137,904
11675,6275
13597,2158
22094,166801
699,658
3780,11716
26517,41308
30636,33513
9716,1459
10829,158145
245,641
707,3523
37112,4655
34288,9720
45578,3344
47697,178977
5051,14819
9340,169953
41805,155790
11886,10508
10029,10183
8996,187056
19542,4118
31681,10033
3090,10594
37302,10060
14537,1293
1843,5568
68924,10041
24356,10183
1538,1749
3780,13005
25768,238540
43119,6165
12281,9673
8428,13130
10856,2483
24402,10505
8007,1327
5693,5153
9082,1443
10930,10329
18279,33457
29968,970
876,158144
10882,3098
32600,33626
12657,5165
25719,13027
18111,34117
10610,6333
17263,15127
9448,161992
41925,110
98480,10280
28216,378
2024,1402
9538,5086
807,4138
1642,2547
531,1436
2103,402
11935,196557
37036,15272
17494,10685
2000,228691
11596,160612
10779,5280
11472,168386
302,1731
15098,10183
11033,33513
214735,255
9797,13027
36245,173254
13524,11117
10879,12193
19507,818
133008,193662
6620,380
13437,3088
1627,188953
16363,1457
11916,6956
9545,5572
21734,4129
1710,5430
4961,2766
27609,15136
45225,12396
43117,798
43111,276
21210,9673
9713,8616
49981,10085
10496,5155
17600,33841
12484,4550
988,7321
12660,836
7454,173383
117179,13130
16155,10291
9096,5968
2320,13015
1883,5863
43368,3352
9446,4954
927,9963
842,9748
12107,18035
45335,4048
623,159792
25241,128
20238,10322
10531,2587
8291,12670
18118,1321
9091,1653
2907,166631
37094,4948
9619,2227
20367,9935
20197,33586
31117,6104
21948,422
769,10391
2069,6719
32872,6782
49410,1420
26648,1664
1433,13073
33020,9826
12775,3098
11368,782
819,625
841,197602
9559,177609
24936,1546
8342,7973
80713,9713
17127,13072
9964,10292
17409,10950
90148,7606
11484,1483
840,9951
25468,1946
12625,2020
1653,8658
16026,14714
6312,570
13787,931
36447,10508
9837,186939
15516,18086
44916,18035
2761,1223
18978,10982
5187,2336
52794,10721
10533,34094
11357,1546
8867,1465
8831,4379
452,6034
8288,9585
468,237
311,542
289,10644
11281,3335
39916,13031
2362,10009
43751,65
29371,187056
41417,657
10569,160488
40842,15137
11058,402
8221,1157
27150,780
9331,441
8487,171636
85689,9673
4886,184312
12149,936
1957,1157
15849,13069
9654,14601
20439,227148
1371,396
11474,180085
12715,10787
13496,798
11413,6167
123360,5565
9080,2106
129,155582
281,12670
802,4125
7091,3133
58429,40879
58416,4553
3131,3882
65994,157186
38223,1328
22913,396
8195,2001
1058,4666
11596,12396
1538,1562
13562,1307
10065,172274
10925,11181
1359,5636
119617,10594
193,162415
10742,1562
10879,918
17113,156389
918,4480
1811,9951
68347,163561
929,3735
9696,6670
9558,177589
25313,14893
4985,6075
5781,7515
11551,3599
18771,3588
44414,14794
5638,14964
12651,13065
11176,2479
19053,187056
14557,171416
4133,2149
9208,1353
18910,41380
2043,6149
2124,236
839,321
10669,3593
14412,378
1371,10329
598,255
15018,11322
43003,9758
29259,159197
1376,2231
9453,441
12144,936
605,4563
25095,8029
42694,11590
8986,4750
43805,4268
218,18069
11820,171453
17352,4344
14621,185722
25641,6270
33214,15106
6440,6178
10555,7879
27625,9678
931,11512
18885,206691
5482,570
10412,14819
10126,221412
10627,171808
872,164623
3110,3591
22293,6158
10897,795
77,11469
4012,258
21542,187056
25749,10842
10728,34079
170,5600
9417,11931
49872,3205
36855,155582
21252,6069
15209,222174
12619,570
2069,3149
18264,187320
10802,3182
42787,188960
11076,1329
85328,4552
32847,4375
40508,156334
9482,15090
916,226582
615,3034
602,1627
12540,6075
9960,170339
161,3688
1052,6025
20197,5641
26719,9807
4296,14541
331,1719
17365,417
2758,1307
10868,6098
10694,5779
963,155843
801,1327
48992,9890
9594,12354
2755,182638
43226,14909
41282,5744
163,9663
23518,160876
4762,1584
13339,10624
510,526
122,3930
10564,387
1694,34117
21629,11860
9800,237
27814,572
41828,208580
11096,7942
665,154820
638,222
5608,13027
8766,310
172,963
831,9951
9430,14964
243,635
14269,165580
11331,2763
584,159953
25853,5565
29343,570
39890,40931
34683,10199
124963,745
24558,2349
18395,11869
29825,572
16281,9717
14295,10183
42566,34079
10670,1812
301,33600
13560,1326
18190,15160
86093,13142
139,6271
480,2692
3010,172391
2320,14601
3035,1299
6,520
9437,3877
23919,161267
47957,11181
11167,6025
11510,5288
17130,2032
13041,202291
26491,8250
9444,3462
8953,392
22102,10049
613,2535
21334,1155
9040,458
10783,187056
36107,227790
198,1956
18550,4654
630,818
789,3023
20289,14964
823,12993
842,380
16297,207844
31225,155417
108059,14735
2191,5144
31923,5608
37218,4613
2620,155790
1900,18026
63945,169276
27681,1156
25239,9748
12684,9937
616,2796
65137,1930
1966,5127
7454,2349
24998,157488
10921,211487
846,720
342,725
705,207583
15379,1968
1643,572
56715,12554
11031,179431
8656,187056
11313,170587
45174,10183
934,159841
18148,10873
435,2210
33253,10594
30636,14964
21733,3700
18069,155291
14683,9887
37135,10336
25736,10738
2024,9672
1786,12392
26602,13088
6947,220979
5156,11112
36669,234365
32872,205631
3509,188950
17409,1582
8005,616
10168,156798
541,2367
26774,2483
114776,193017
21887,6496
14030,165866
20108,33487
12582,184989
16859,188748
509,162262
29173,14546
709,2149
19157,196722
100,567
23160,720
18491,490
784,3457
63945,2483
2086,6078
14275,1483
678,11435
20348,161188
35284,11064
89417,15199
3509,180440
9544,8015
32332,166256
833,1899
12531,180340
15875,222195
957,1826
8866,3864
1073,258
9462,588
931,6198
19997,389
3050,167625
53779,160246
52440,213798
489,9673
12599,18330
38223,470
10568,5951
2211,34215
8619,182662
22076,162304
6917,156169
15192,1739
27997,4344
43332,1394
1281,5347
584,999
289,1626
17281,10181
10396,8015
26648,33720
8011,233
16072,185728
25627,458
40087,14819
3543,3306
10571,5490
5968,596
18172,171665
1956,225061
9453,738
14527,1936
11238,190536
12596,4545
9604,2139
57946,10267
28031,156321
17949,41334
955,14675
15660,5565
11966,2752
36647,175050
67342,9712
11411,163396
11444,1382
11412,188907
898,11267
32041,11064
21242,14687
44585,12101
24005,9937
14832,2913
11282,15214
13555,2546
45878,158235
11416,215162
34595,1421
82432,207583
755,15363
170187,187056
4993,9826
30049,2904
15560,2106
278939,642
107569,494
88224,10721
269,6054
995,234193
7452,1918
2017,15363
4558,2035
11503,3986
22021,10601
42599,572
2123,8440
11005,191311
10299,9826
531,197065
58902,789
51980,7025
4978,2355
78331,3300
10242,9826
963,155790
29584,159289
10592,11038
32850,6844
17264,3875
31608,10562
12715,18118
11047,3035
856,155790
931,11004
11935,10410
20127,14512
703,9673
10687,10183
106230,17975
30295,3800
21159,183205
19185,12394
803,2450
692,2874
869,690
9523,6149
18250,4572
33076,9649
14698,2251
42617,392
10223,1322
24152,4553
923,9276
40087,9826
4722,15250
11907,13072
427,2102
29904,293
5551,3801
10102,160246
16876,6270
5333,824
1618,4610
27052,5565
29264,213
58129,238795
268,853
1725,10181
8336,848
9582,2486
1941,835
12535,2567
34723,170468
26371,10198
8913,187844
39310,6149
979,156075
10730,158252
20794,9826
161,159369
3640,936
20616,2069
22130,1889
15347,9900
11657,201512
1937,2853
20758,6038
10342,9937
8769,169639
10225,952
597,209714
11568,6783
9737,166856
339,14828
9313,14577
16139,162333
20465,6259
28448,6342
860,2106
11005,732
18250,10183
13339,6733
1024,2486
153,213
986,848
75963,10911
43786,1956
11937,9253
9459,13088
33,800
17130,15161
16026,5159
86889,221882
11385,2510
438,191494
3131,4931
329,12616
7131,716
10020,10336
42617,526
4518,18396
38749,170850
621,165132
796,572
29393,18072
13055,187056
7341,9826
600,1589
21468,197377
28586,4079
1418,14534
812,234183
44490,237
5879,2483
3640,131
26626,4552
13764,65
12149,10629
23160,4855
3065,10988
405,9457
1373,6083
13435,5565
37144,160342
214735,9627
2923,642
2293,171343
8536,175656
48217,9826
11317,4438
954,10364
600,188114
50031,13097
9093,14643
8463,237
24808,166109
35610,4379
32044,5573
11234,188959
36208,9727
10575,9673
21515,12416
29825,1003
19155,182045
14776,168750
10611,10226
670,9957
10162,4258
18,169593
8854,13065
9623,11038
25749,9663
10823,238141
13435,4410
1884,2343
22307,15016
24212,4278
134,531
47890,192125
9319,5627
69035,487
293,680
16980,242
12143,1480
11649,2849
9769,160089
841,4234
2034,206318
10480,168637
12521,6259
9886,10919
2334,18118
9584,293
11528,170051
12104,6027
29592,6165
2280,170737
30315,4063
10871,10714
11202,40850
252,985
9698,236316
18856,90
20640,2393
34388,155762
1847,4942
14475,33885
31174,1930
9737,167124
9268,4009
17993,34215
2576,2913
11542,4720
15849,10414
31941,14658
17030,18034
29347,1299
65262,6844
41651,6104
28313,5153
29859,9401
2323,227656
38617,720
43865,186919
12764,2959
27444,2483
898,3859
9378,11221
23805,2081
47643,14536
8963,226742
29456,9673
17015,1316
33278,516
10429,2157
10949,516
7514,4741
10156,4428
1405,13027
32041,4595
204,5175
66597,9673
11971,34038
17494,9937
10491,4305
27973,14870
22910,10685
3132,782
10493,9844
29473,3363
2300,177216
278,207883
40760,18028
10995,162804
10563,1691
12684,703
2116,416
3110,157930
9873,14512
833,15162
18088,7312
881,4406
24070,207317
43136,209093
9427,1252
15596,171439
25014,6091
14022,236316
10376,3799
1418,2320
10416,8580
11884,1370
1677,1416
10954,6384
312,1638
10836,8168
871,4379
8816,240
55792,34152
5491,213987
173,3799
15037,164615
10339,4327
18910,818
6619,2317
6498,1406
18395,155336
12770,5948
10694,1701
9631,10410
12665,11325
10132,4305
32689,293
50435,3718
10949,180975
983,14643
87462,10714
9614,2702
72354,6165
504,10714
1594,3839
11951,8574
11247,6270
23832,10471
598,983
33441,10009
210092,174448
22595,188317
27375,9937
32625,187056
29887,169814
9208,15263
8860,200808
153,965
29912,5049
9472,7864
1377,2341
10206,3133
20213,189931
2124,18118
10166,154999
9346,1411
11000,1196
41843,11869
48150,1523
16337,9366
1277,5165
51242,214887
617,2920
423,1224
178,9748
36724,10983
9671,3593
10375,200784
69014,148534
16934,9826
25471,229409
37451,478
391,6062
12277,1568
550,825
37722,818
14275,2398
11361,10059
29161,201674
9606,200055
31117,9678
31037,9682
114,999
16227,582
336,2020
812,2343
11866,10617
10720,10280
38688,3754
75892,514
3132,18420
52782,236485
10776,165314
10210,4320
11971,4320
31657,8054
28448,9672
27030,924
39929,11663
26142,187056
876,1475
43596,12965
845,11501
4435,192772
28476,33885
11129,8508
28963,2343
22,4062
278939,168350
1997,41586
9428,5561
4584,964
508,699
15300,174243
39907,225938
316,1157
64204,496
12521,183953
11026,1328
764,9713
8012,9935
42172,708
1433,1721
10077,9840
11973,840
4886,5333
23160,7246
8834,591
18620,9833
9613,6162
1052,4659
13553,211661
33851,2532
903,11430
47045,5490
9494,179431
17295,2263
10656,1552
11593,4948
10865,14785
10180,13142
8346,18035
877,567
9699,3800
625,14900
96196,11254
16550,6562
28377,8303
52855,10183
20472,11931
11692,18069
125109,155582
25768,238544
138,193227
1498,14512
9479,12200
9476,18249
28165,10292
9024,9433
28436,10794
29512,10183
4201,15016
10684,11124
10859,15483
9654,10604
9448,161996
845,177973
9099,10988
10537,226981
807,4142
4929,1502
19855,208349
13936,2284
63617,196363
35172,4690
15927,14744
11329,3600
14317,9902
11503,232716
2760,10718
11478,736
2134,212
27102,12392
17887,9673
10803,208085
839,227038
9717,1812
2608,187056
19101,6731
18172,165143
12484,167159
10586,9672
680,14707
14412,919
2294,168054
35588,10322
605,1721
9772,10237
500,159753
1786,3321
36819,4388
20348,167043
11587,3440
16139,293
14442,189111
9423,7281
10945,591
931,155410
118,818
17612,187056
1585,5570
339,467
10778,4617
46727,11722
46992,4048
9406,90
32872,155620
9962,572
52782,186714
11422,14638
17820,165872
975,7956
6521,6078
90974,8729
82101,3799
1911,5475
11028,6149
199,671
8346,4532
5608,13084
23033,14636
28963,9727
297,699
11478,10669
16642,178977
27723,11931
32961,1321
802,612
24402,2483
1677,4746
112,828
16229,2465
27632,204352
44414,12436
9705,2157
33364,170333
16314,193547
865,3713
782,4035
275,15151
2275,9826
11557,6054
11141,172471
26725,2483
31948,818
42122,9249
238,131
40760,9815
31948,10617
47955,203586
1598,41381
24735,11038
408,3737
22910,378
8078,18082
9441,15166
4435,14704
17711,15067
22317,184671
93,596
9357,4728
3509,14964
1937,1808
473,2358
11123,199076
8428,1859
23102,9682
12770,5090
9266,155791
10559,226626
61144,10183
30996,10873
5902,1956
5916,10562
10843,3307
41975,175107
8491,189421
12112,1157
10897,187056
11859,10410
928,4237
802,4129
10216,521
4421,225710
42048,208112
9764,18330
2604,447
260,218567
18420,193227
38772,33519
10806,1013
33112,9639
5910,658
36222,14819
16220,2343
95,14626
84586,10768
42254,236882
153,3490
15244,12414
90,797
21484,74
4203,822
11357,179565
31378,907
26877,459
11942,9748
31642,208176
32617,2673
1583,14964
33542,161307
11656,9748
10606,178913
3766,195402
11564,7002
2099,206544
18987,154802
11343,2250
39428,10229
9401,11258
13245,3355
28100,4230
24106,1244
32047,242
4886,15079
11973,4170
9411,290
18392,10768
925,10594
100,11362
11839,616
47199,258
8961,179093
44375,10183
84285,15089
139408,1946
14698,6362
1583,10776
9894,1005
52263,162846
10467,6165
15919,10508
9003,155619
415,851
1911,616
25319,9748
10206,187056
31597,8101
862,4290
6620,179367
679,9951
4497,34124
15564,1994
18885,206695
12780,4147
13320,190094
5486,233450
409,2053
31650,703
762,161817
1774,2398
9991,6075
11676,155419
19259,12400
793,10183
12456,14629
1573,736
42617,6731
473,6009
11370,4152
11167,4606
759,6099
29343,3473
488,2511
43795,180831
31546,10183
2118,163335
939,582
823,836
21056,680
651,1850
10896,271
9089,7629
11217,10714
44925,5600
65156,10226
623,1326
56724,171848
15037,14602
176,157375
29437,9826
10601,334
9772,10184
23333,242
245268,213798
11300,6149
9725,1890
10451,1918
38360,33494
27236,9883
1435,10180
18111,5155
17887,10909
4497,6150
47796,14765
1103,5034
45129,14964
711,6059
17692,269
13966,5885
9386,10333
32872,177259
12635,4750
703,160442
24807,170141
23949,572
27970,2172
20701,11181
10619,185466
23855,7597
27526,10183
31597,5552
11399,6027
1448,5503
4639,10714
1927,387
17814,502
37410,6078
1542,10532
69014,157154
9798,9937
90,8181
8052,1332
37094,10726
11854,3737
17130,12990
11240,10183
33194,570
28134,4326
49845,190628
9267,161822
42114,158130
2788,198673
1245,33360
44695,10183
775,333
4587,170578
54569,2251
11384,4654
159,6054
27945,33600
25944,131
10168,15405
34328,10183
15613,818
6114,156112
21142,10873
6217,33841
5156,33613
51179,177964
14342,1721
811,14544
26356,2036
17136,2872
11456,9826
509,2560
17127,4513
709,2019
6646,1454
10280,156093
9679,156117
21143,212
24711,2483
17813,2016
6499,2398
8222,1332
769,5565
10686,1454
8074,180751
781,11612
12205,18035
66043,169635
10427,10856
1091,4711
8963,198423
12629,1653
21666,1956
10445,13072
1955,208666
30959,13153
26038,163098
497,2501
13963,1228
423,1468
1607,1797
924,3725
614,1743
27970,212
33468,13063
10016,166701
15734,163526
13936,165804
9360,158233
21252,6691
28005,187056
934,159845
88863,10085
69851,220196
435,2214
8697,5572
2661,339
11598,2954
39578,9706
707,254
47045,5600
50677,10481
24249,1353
11327,13006
1662,8442
5889,3045
43596,2471
136134,736
10687,169141
598,208289
42514,167615
14931,6093
889,4428
10168,156802
12496,5600
859,2336
16281,7172
1770,393
140,739
41821,41601
10494,6844
88174,15106
177,3754
19157,196726
31923,157963
6844,192002
41516,225468
40219,34117
11316,388
9455,8559
11851,9937
22490,209064
9296,8469
818,3371
10149,6458
198,2444
30304,13014
13203,171508
705,2887
903,936
17352,15249
177,1660
16148,703
12703,570
10686,1938
11030,6562
36616,158340
11844,156052
11038,156120
5801,2385
10997,3679
6917,156173
8879,75
28029,6447
24936,6653
20156,1328
26326,11663
8675,194943
10925,10327
173,339
37447,2339
28448,5728
9362,158072
22618,12405
22621,9974
13446,1439
9013,168359
11977,15228
10147,33719
80849,1192
21849,181085
27458,2389
10618,780
12149,18525
12662,549
4614,949
129,207695
11524,15234
12653,514
41852,168471
12777,1157
25319,10045
10394,238142
9654,110
49963,187056
828,162365
62001,191206
11854,3200
37900,15234
54003,10183
26723,164119
42737,339
4995,14964
15592,4959
562,10051
30197,11454
29825,2483
8439,10508
1439,393
37722,181655
27381,3133
45153,10183
9023,10336
37797,295
44708,158968
1645,33519
16129,157499
10515,4190
11834,1605
19120,10937
909,165518
162,928
7220,8828
9089,4543
44591,159245
43832,156221
36404,2799
9457,33696
13787,8616
16914,1956
11343,1526
18773,2483
18698,183523
70,2792
1483,9887
3101,4735
12521,10183
11313,170620
1373,3725
10478,7439
25670,170585
133919,15160
9967,697
819,739
31941,2956
27658,10183
1792,6593
9051,966
11602,10183
27768,10183
4762,4918
50677,1650
3472,612
39770,567
13403,165607
10894,2467
3088,158274
26912,1719
4951,179431
1587,2029
389,2123
12499,10049
13820,4470
1643,2483
8217,3595
58416,2439
5927,5135
9359,11073
20334,9989
52745,10787
466,2375
9400,12670
562,736
11092,5340
1689,5484
9585,1241
1586,596
14854,10176
68569,157681
25898,65
11857,1524
1368,6112
11595,15234
15961,34079
16299,10183
73,1755
1538,387
11621,1755
11827,391
30308,1568
11420,592
22718,4551
19,206472
31923,13130
9768,1674
5991,5136
2118,167149
10733,8862
32488,14819
17819,9767
37447,2957
695,3457
195,4129
33766,197758
10728,188959
36630,10061
846,1826
4421,13065
4816,3045
10678,3848
18331,1992
403,33885
6644,3423
25636,10183
9816,4344
9737,18026
20701,166862
1597,977
9016,9951
33668,7024
96,3688
47657,10183
13063,4344
35669,162729
10314,166233
45139,170335
22201,222782
83,15097
6471,160730
29723,226157
11775,8201
44585,15167
27526,10614
26964,3297
25473,9672
73575,4932
9394,204204
11307,13028
12579,254
55306,10041
1688,4565
9989,7508
20455,191219
36606,166321
43904,178210
16380,6394
10401,5771
594,2173
4965,9951
19204,10292
18693,5694
9272,170768
8587,2143
9549,8044
9051,6711
36492,156930
27396,770
37719,2199
16633,4379
9960,170319
9487,11539
339,11933
4961,9109
40810,1794
26204,572
23160,188351
31498,41586
41670,6149
47697,1157
30194,155652
99006,15137
9054,1495
9611,7151
38884,11935
949,159434
425,1452
28569,10048
26573,14544
13597,189094
947,2673
10685,9937
43148,11221
27414,1991
11378,2384
9929,194576
9451,2016
15503,4580
48260,9833
948,198914
841,4238
11413,4671
13403,237
21871,797
5879,12420
430,2138
11287,6075
22584,2041
11868,9259
8007,219404
573,10714
9092,5921
905,154802
105045,7059
13820,6027
2022,10911
423,1899
961,5721
69014,212780
50819,10183
1607,5611
11379,2276
6644,2752
9749,172471
9989,1576
12589,797
9440,3692
20246,195693
78285,159601
29592,4075
25155,161814
26690,848
16539,733
38545,156121
43279,10364
1380,12670
136,184807
11373,1545
12309,1797
31939,10183
13681,1543
11549,4399
31342,12541
337,6054
549,2815
116844,33457
11037,407
11300,6259
281,570
73,279
11529,242
15673,237
10715,1339
31397,162801
91,5331
11420,33640
1682,9027
12095,798
46702,164290
41659,163976
9299,6688
38955,779
3082,33618
28159,156318
11873,1010
10599,5560
1485,6731
42045,10232
36658,9715
27070,9016
691,3272
11430,2043
881,4410
622,242
15596,171443
8325,5490
242,186
296,2732
49762,9862
312,1642
11185,9826
8440,8041
18871,818
6341,2957
9599,6898
7090,33457
11953,1462
2667,616
32872,10226
9064,6154
47201,33344
9331,11106
16139,12377
10424,1741
1368,798
9026,208433
42245,14793
170767,6897
166680,10183
11546,40957
3558,818
34101,577
2383,6536
11198,13141
41253,1480
16235,212642
14030,165846
11354,10776
1924,9717
54491,6653
43961,5565
14262,208048
73134,612
5051,572
39314,158040
5336,161157
1373,14760
27994,197915
8392,1156
1944,3487
76,224279
100894,428
11899,3658
12577,12189
9413,2251
33343,237
9331,502
15122,9817
29987,9673
13203,9468
9266,6075
127,3800
2212,5340
10242,41402
28029,596
49365,228244
694,190107
3109,2792
10934,15160
37517,207268
990,818
11698,2024
12484,157096
11703,10180
170767,6092
808,9755
4539,158951
11564,293
26933,2065
59181,194236
11676,897
667,3739
28916,173458
43132,173643
620,4769
12127,436
280,160131
9359,3799
12656,9826
10217,1329
10774,417
25221,733
2300,13005
7229,10685
4780,3614
58129,33457
874,717
57953,1329
31151,209791
568,226233
10935,680
9282,9826
28628,10180
18183,1918
10014,4375
10323,161171
3087,10229
1052,4663
12639,9663
2320,4245
9801,187056
585,12011
13380,207317
1551,10937
39274,155608
58429,33719
711,1310
935,2531
29627,208424
14980,213
30069,8338
17494,10909
29039,9725
51787,205971
1694,10124
43715,8721
46021,818
2103,1565
32037,10663
111,417
107,397
40952,10685
565,185408
22033,293
3179,612
8487,163671
11064,818
14638,155435
16121,9156
1834,11528
9824,178857
1050,5809
1415,612
17640,4344
11442,6139
12262,11221
14442,198780
2928,7312
16093,11322
11937,3622
12702,217157
9028,798
19050,1480
9016,1872
14430,6078
8467,160962
11471,5446
839,227042
479,160910
330,911
39434,41381
30366,1571
26477,11931
15096,3801
11340,2879
117553,10683
36040,215416
11091,14751
26103,10291
11864,9743
29973,1480
41280,211291
1585,1252
2133,168679
18420,18115
2575,1421
17905,2708
77360,10180
48677,15009
9277,6220
9707,162954
18080,33476
36819,4392
34322,14768
879,1400
39283,155641
17768,14906
9386,591
10836,2858
34376,196901
17494,41379
9448,34053
11000,1013
28430,4627
10040,2562
2895,3065
2925,190722
2640,41203
981,156037
1701,11207
10050,6270
11676,11314
29572,246
41940,7312
34322,229401
5917,1701
3484,1938
9659,205624
36068,11500
334,5561
776,3203
33155,205740
948,14698
13122,180523
18935,10171
41428,209992
13950,14857
39844,14895
12086,1228
1834,3152
64,514
9964,12394
1632,4410
22958,10085
3088,9550
861,3388
31701,5600
46754,187056
11047,1405
196,999
574,14638
10363,189574
339,1760
4203,184989
13105,8438
795,6155
45938,13005
9675,8070
19423,7312
779,4026
26515,6712
11450,2954
12698,6078
16246,6149
4421,3376
1957,2320
334,3817
11033,2864
105,1743
32325,10211
33644,6876
16,279
99318,9273
7091,10712
10474,9713
26326,4470
237,30
11398,478
15170,2172
1093,830
473,2362
9879,3688
37969,977
8859,11461
5481,3358
48385,238588
26617,14514
24739,2187
31651,10183
18587,185953
9584,3306
43109,53994
403,211660
75793,184816
1277,2433
10774,2458
27930,11053
42989,212
34276,818
2608,8508
35888,293
24662,4344
9359,18083
16508,6305
3635,13097
5729,5543
247,1157
9799,1568
626,3125
36670,3345
11974,13112
7520,3734
32613,1963
43518,181564
24674,13153
11896,13008
25566,207592
1359,174076
10856,157904
14770,162066
10559,4776
988,13424
10471,1522
49934,1661
17264,10084
46702,4344
16375,10183
11598,917
3989,2580
12589,14544
18535,4048
229,952
414,157166
11974,157758
17612,8508
33560,237
9378,2341
38360,187325
31498,7172
880,1842
1632,3739
39927,10685
23069,191591
19846,4434
26603,11870
792,18543
302,1552
11293,3202
10394,585
18713,242
11220,13017
1842,10996
12506,3230
10464,17997
2280,1480
967,14906
28421,770
11365,14985
24106,238512
207625,818
914,3061
18835,171636
1371,9748
60855,187056
415,9715
29478,162701
43258,6150
31583,10856
9560,5334
10437,180975
2749,10877
12145,3983
37144,5340
39938,179585
1694,4005
24249,2483
7229,378
9962,2483
31696,207268
123778,187056
25719,11454
85926,6038
132,187056
4923,198738
143,6092
11414,10717
192936,1475
1677,5718
90980,155744
29735,9937
37266,6038
10510,1605
11854,9673
18988,2011
16973,1438
16379,1568
11974,180523
20306,10183
15209,4516
635,14765
23303,10482
21413,4986
11599,195402
1630,460
12528,3593
430,1443
109264,11634
38251,174363
92381,9974
11157,15160
32689,1562
10210,6044
38884,10085
3767,931
11583,159859
11867,175529
12900,1739
10530,180217
11527,3002
639,3201
902,4995
36850,1890
4935,334
103,11325
16619,894
14703,612
3591,3347
1944,10818
22561,163402
17030,171438
28353,572
9008,12193
171,970
2055,2673
20644,155457
13969,208633
11045,2492
47697,169967
29756,3358
2103,18211
6593,12667
36819,10166
678,33456
10028,1566
12764,13006
11624,2700
6187,254
24077,212
43596,233055
40085,3772
12276,1872
4241,2587
11013,1443
929,1328
51352,4399
11697,3754
19076,5868
626,34079
43889,14636
11909,2957
22958,3616
36488,2081
1283,15090
12154,8508
27090,11800
38722,208397
8981,388
46681,11034
9719,158558
38772,13149
1538,444
5608,166541
12509,13072
277073,1326
90,188294
14114,898
30068,8447
30666,13027
41059,220195
22318,567
10156,488
3079,11181
553,2805
20712,549
38203,163277
12206,9562
9585,2587
12703,1595
13553,14512
226,1415
16857,10183
964,3284
996,33456
342,1888
14267,10199
44641,10183
18885,193546
2022,161762
8649,14828
136,9748
11949,161817
31225,14512
101,1465
3989,210610
26378,14845
28580,156318
11553,1941
4997,12670
2666,207268
10228,191881
2501,14967
1375,2298
10479,4090
1586,787
13984,33624
29464,395
9582,8508
3587,6894
37227,158130
51179,33456
9278,3713
24559,4379
9945,9259
435,2218
11317,170487
204,430
9824,4924
62327,331
2625,894
10122,15162
210092,164092
4248,572
1499,10278
29140,10629
1213,242
203,2236
755,6593
8193,10183
27092,158718
166,5600
117,214548
541,2375
88,208591
10563,229299
19157,196730
9820,187056
34376,33922
91,5254
47947,161823
12241,9937
23518,1930
11879,2669
32847,9673
15999,2964
42401,191001
213,441
35080,9826
34379,155716
47252,1946
31102,9713
10867,1956
39434,15127
299121,4344
11485,3430
220,9673
23160,10877
29142,441
423,1956
10486,5600
18299,9639
26200,470
1720,1420
37650,242
19742,1299
9716,11510
9798,10909
425,3737
2990,582
16620,164253
7303,6083
19380,9937
11353,33490
77936,14534
11237,6722
45938,738
27197,9714
9460,5964
51394,9937
17127,9673
7348,839
56583,10183
47504,10041
42758,2073
17736,10183
147729,409
16299,11208
10176,6511
8766,161208
9532,4133
34479,155730
18502,11931
37233,10909
22435,34041
9798,158938
771,207317
22660,207928
745,6155
39543,2800
984,2483
170,14765
10145,11113
17494,549
15559,187056
10708,156052
53119,11508
9631,6149
14411,3071
600,161840
43777,15271
258236,11508
842,417
10338,210184
19545,1299
19415,1200
10676,13005
1944,966
54287,161289
8010,4978
3396,2225
20334,209216
2517,936
2749,570
34689,6932
797,14819
42448,5609
22171,237017
21183,494
24241,5565
11313,170624
15849,1160
1049,1543
12254,6664
11804,11441
8879,1502
14117,4344
6488,1415
29264,11175
935,160387
928,5156
3573,238241
88,10791
18828,1812
2832,18130
34723,168598
10570,1463
65137,9672
12312,212330
28257,10092
1373,161207
1946,4563
2045,9826
76083,10084
9880,6270
105,206687
11157,187056
22733,15203
76857,9713
21334,161837
5503,10685
16,1328
11064,33626
754,3868
14615,1415
38765,221091
26766,10729
9678,15001
3587,291
7340,10266
27397,10132
983,4100
26300,155065
88421,14629
14557,171400
15417,4552
11542,9937
9696,157716
48249,4193
876,6074
14282,10084
9267,155707
8810,175994
13368,224326
11572,156241
762,3969
61337,210018
19204,208580
34093,459
36536,1946
42637,154802
62,3222
5653,14765
11892,2620
28047,5305
9884,9748
18172,2920
425,159955
3526,160269
14237,3181
54715,15214
29242,234759
11797,3133
604,187056
12710,10508
26635,188625
166680,159558
21252,2320
1363,155291
20681,11031
10117,18021
10552,977
10627,171792
17692,10503
8545,970
16235,14765
31995,1930
39497,10183
905,4549
11694,2752
8983,34079
30331,8508
28100,10760
3512,13008
869,4565
28100,4344
20423,33786
1411,161264
10338,168573
9067,4565
27814,208289
1846,3152
39780,207928
4483,41406
11584,221412
43889,238210
33345,2853
1542,167506
2668,33709
11176,12396
13496,9910
24348,10183
31498,234747
21035,572
2978,14768
1092,9665
9739,779
11816,5600
3089,3851
4191,1522
9542,167043
21142,570
135,4048
27451,6496
8077,189414
6439,2673
9398,167210
4935,7315
9570,4380
22004,13142
31161,10123
104193,235971
10176,5385
10496,10563
884,4425
5491,159955
8963,2534
12611,10950
10518,6091
10784,220
1058,1885
14237,282
40633,5565
56715,33396
42114,282
2470,9673
46625,34030
3062,6415
145,946
11103,9714
11072,162078
12778,4412
24124,11663
2071,5406
12521,15127
4507,188991
742,1228
316,14534
3001,155762
18602,187056
963,4549
9560,13149
26596,155512
85673,157202
9902,314
586,34094
70581,974
957,4575
10339,818
884,237
247,596
47555,4405
1955,203624
10388,195648
185,378
20697,6075
22076,156193
20701,204102
586,2953
47643,186009
10592,10859
705,163110
9833,164920
10525,177216
13899,14819
71140,10092
113271,155582
990,554
549,2819
40945,10183
427,9844
35569,10060
11884,2533
31812,167043
212,6038
32059,10714
19,201028
401,1941
9411,6149
9453,4426
24,9748
13408,169302
240,1950
605,6104
34528,8997
37684,1295
17295,4097
309,1608
25750,12339
11015,7694
5780,2106
11692,305
42589,9663
9798,3635
20770,10768
145,158558
296,2736
947,4100
237,892
27029,172399
949,214983
9576,160410
13685,187710
10559,9826
2110,162461
21619,14819
10637,4106
47643,157096
11307,818
51242,2356
1850,837
14242,2024
1415,8508
11586,10093
20980,3183
11162,5151
13428,966
10867,293
16642,1157
2371,186450
5622,3735
211,2300
13667,179431
665,3071
3115,161791
8584,9935
510,6255
12103,15127
11535,6075
942,15167
22,185200
15209,572
11056,1452
9801,3434
28165,233
9386,782
38631,3221
1907,14751
811,1826
762,11487
3981,1475
48408,798
9660,9255
18449,3739
11062,1919
26744,157138
32023,1909
31023,1755
17362,178210
12493,4725
2832,207046
344,1779
9280,2560
10724,334
16973,11615
47542,977
250,974
1945,2171
44018,960
7504,187056
650,4562
259557,1196
29425,34079
76754,209998
31372,11020
17047,212
32037,10183
778,13008
60555,15290
15961,209817
124029,10235
23916,156193
1406,5458
18871,195402
42401,227379
27970,10125
18215,9937
2018,238241
7131,12564
10144,4152
32015,10329
15239,157686
17692,158345
11072,160602
841,2766
12502,7321
31602,10275
18706,9401
21846,5053
7340,5086
11474,14512
43752,3588
10029,612
10636,34094
238,165725
16375,441
11543,167581
10366,3222
9716,34117
9077,1299
11462,5340
9366,11719
16562,10671
575,2885
1786,3061
9317,7569
21793,4414
50474,836
564,1965
30890,10183
26038,238810
246,11221
11026,179567
2302,2606
10610,6211
2133,3366
778,2404
18072,2671
32331,6054
11352,3800
2978,3977
11838,5251
583,2974
10478,1808
10225,2546
10212,238135
987,155744
9732,6054
837,3740
25018,11545
1831,12670
29464,12532
23160,10637
763,11513
17689,5430
11338,3713
2440,13065
1415,1421
7453,818
18892,6270
1597,5600
11966,642
8214,1946
3526,6255
2160,1860
2637,1415
11516,8721
46976,392
10567,3077
61416,972
571,156390
9268,797
4923,9826
8953,2283
10778,3202
11942,34079
30068,187056
708,5886
438108,4379
564,1160
18414,14964
703,162463
26973,2389
402,459
21734,974
10178,1956
9404,720
58429,9937
771,15075
905,3691
541,2619
18910,14626
31546,14782
11467,5809
8913,157492
14667,9673
45153,5975
1093,3599
11503,171247
13969,5600
10387,478
8689,155678
2436,4458
11544,1603
1653,158525
248,157904
101,10703
9624,161318
521,209714
20197,445
309,1421
10940,211487
9942,167882
43119,156650
11944,190855
2897,703
8068,797
35638,2843
27678,8629
8981,3344
29264,191260
5994,34004
9091,193533
34723,170452
578,11280
46976,526
66918,18082
34082,9799
315,1664
13768,5774
16305,960
3132,18107
462,5565
14683,3857
163907,14652
64,734
8073,7439
15762,293
18220,2913
69851,818
5051,2483
19664,208878
947,18034
467,2321
16646,3563
10160,17985
28519,6731
15506,5319
26725,9712
32227,387
40969,9748
9798,14536
10014,6152
13446,34117
35371,3691
35119,9872
12770,642
792,208992
41070,4711
2760,194568
11599,558
45174,187056
2655,10224
10843,15074
14846,4812
2022,9468
58129,34079
36536,3800
2097,12667
238,4677
17447,237
818,720
8336,9826
10714,10787
13697,3521
34388,2106
73247,4663
11023,178471
24749,159955
28162,392
845,584
1678,233
764,1829
8851,234732
18513,293
4368,12564
40961,158203
24203,6104
10995,10303
616,3077
15613,9739
786,5540
66194,2604
11907,196682
40353,186466
30653,6075
10843,4470
46976,10809
12139,2604
12527,237
617,1936
18887,10310
15394,14570
45793,4344
5991,2217
19448,166625
33408,9937
2927,6109
28172,189921
47620,8087
35101,11823
24276,10183
2107,3912
10377,3301
50085,6069
16973,171134
1927,582
15251,3923
9717,3593
48385,238592
42634,156037
11072,11931
8193,171556
47237,194998
1572,720
2767,5836
1956,3593
7220,14687
31624,6259
17447,165770
28171,539
26252,5159
2293,157690
34996,14819
10866,155498
39462,12667
9472,6075
26201,157186
2669,47972
40087,7984
451,3737
9611,12392
11658,158553
21489,3232
14136,33885
6404,2867
10468,9844
7299,3236
9059,4238
44708,128
14874,207989
34838,187056
821,934
15018,190370
14886,444
41779,187056
32030,470
234,183955
8409,1522
48213,161757
241,5600
18172,5608
13939,444
38701,14999
497,818
23160,6262
635,1453
38880,183814
9716,12372
10437,2964
5425,34079
10337,9840
1591,5809
22490,10707
4614,1815
38147,9649
11692,2964
692,2671
39867,293
2576,189422
18988,18096
34082,234849
10671,6259
635,1803
22500,34117
25297,156320
17820,5987
21159,11537
12160,5074
17538,570
527,30
82101,41393
36536,192098
513,10768
26039,10291
26560,1890
714,2136
2020,582
30308,176798
109264,6027
34044,235204
5187,3182
2832,549
18491,157444
24226,33457
63,277
26843,11031
71943,11221
11281,798
33575,6075
10872,10123
62,34152
279444,9826
20213,216734
33343,10471
2907,10483
27352,6783
12540,2920
4421,6092
19953,2349
14249,10085
6415,13065
11983,1605
15421,392
17465,3609
19326,9465
15037,167982
16980,34079
2667,10984
406,156052
18462,4803
20815,164810
11506,14837
42245,158130
18513,192913
25768,1935
805,172391
18975,9673
183,282
10437,65
56934,10183
30801,188907
10787,189115
23730,15167
69234,2199
38554,3344
16765,10183
43443,190855
23160,160841
825,1334
11986,1824
31646,209662
24065,570
11360,4344
21210,179569
479,700
26173,11578
22293,10842
16154,4924
35583,6091
36245,3603
14832,10683
11132,8508
1933,5911
880,236
10028,208498
9604,157938
1687,2821
10222,380
92769,2726
26271,12392
10081,10508
14425,6732
8765,10048
24936,1721
15618,11272
2897,168277
47018,437
12775,13072
20006,1356
28650,690
9691,33456
9716,12990
13,422
927,6300
33102,10183
10098,14514
10112,90
42238,187196
10973,186188
5155,3399
3127,155730
2149,1664
21544,1919
9945,161935
3019,156033
10328,208737
1429,2231
18148,9812
31378,18098
12637,1416
20127,156190
14675,242
10478,5756
11859,6259
9548,9826
691,487
36105,13059
1725,797
18587,10333
18190,2340
943,167316
3597,15127
26038,185953
20649,18026
575,1706
5966,167861
9451,3687
8860,8119
33680,169057
228,5319
5062,9937
11456,4923
12530,2041
10722,12332
314,11322
49980,18035
10948,18165
21828,208992
2,730
7454,189102
25466,949
8766,8377
8422,33625
9054,1422
70627,4245
10585,156075
1415,242
28498,8087
65156,33699
9524,2652
13597,170362
5506,159334
46889,14534
18190,596
38646,6917
10677,7937
17006,10601
10640,736
24828,470
38294,13042
11418,14724
595,818
4032,170141
99826,9716
9716,642
42448,4995
12493,1936
11474,635
12103,1384
2118,417
11963,1438
5550,9663
11370,14577
5689,11823
9679,10085
26180,164149
9806,9715
11219,4183
19004,12616
9378,414
9361,160279
22584,156063
25364,1508
593,1228
9540,9826
1632,1812
39867,155490
8069,9835
22828,10144
1913,1567
12531,2687
20115,11039
18212,293
12597,10629
74122,1326
11083,3914
165,12026
704,14669
10423,314
33150,4847
36536,196583
3604,6211
27977,2136
11113,11411
439,13001
9034,4044
11471,9748
11697,9503
8649,33625
13550,2456
548,6148
632,219855
9686,9706
93427,33564
11074,10714
40562,9840
9559,12414
429,1321
10775,4654
13938,5641
79257,1321
24197,444
44004,9715
20684,10183
638,3296
29478,33632
70345,207844
8469,236316
24951,207317
1888,4427
10849,5571
32037,13005
11850,9951
44289,180340
19953,1357
568,305
928,3737
1359,818
1572,10950
20287,14964
11859,156650
709,417
1389,736
5608,6652
15,10594
8675,9715
9489,9799
13969,3616
10865,33696
709,3800
10126,6149
81,3800
8221,1950
680,11442
25750,3752
44103,7025
27545,13112
43532,7312
1377,1922
17170,167198
44203,41411
24097,2884
11594,157943
31225,1013
11587,2619
166680,162327
15050,10937
47942,10617
402,703
18939,1009
47340,1767
3033,2793
29267,157337
11639,2434
26175,222340
10132,2142
14811,11704
11411,9663
64802,9766
8981,2299
571,11183
187,9717
507,1562
16249,12988
2637,230413
109264,2136
497,5571
29393,5923
34288,11615
29473,395
823,4174
1687,158018
52961,1421
67297,11508
45153,10541
46727,6363
18264,15225
9268,236
26946,10183
8849,1332
319,14964
36652,818
3112,378
9362,2025
813,5091
41974,11546
9922,12332
10242,41329
976,242
948,156075
14537,12987
16885,14985
36404,159346
28384,4344
16,2487
12516,2679
4543,179430
623,34061
27367,33701
17991,9663
11562,11869
14433,34117
40087,2483
13562,1295
9995,4562
33676,12398
13403,165615
13526,9937
11051,162708
609,3093
42048,2107
12237,236
8649,11612
10347,6110
10216,14626
9529,13160
9759,1880
691,3467
9373,11221
44625,8508
12280,9574
7341,255
9279,210190
28105,10073
990,18249
10497,178649
613,3060
40440,11240
11880,12564
12092,159312
23159,1382
6016,660
19,154802
13122,170383
11423,4399
17339,3450
400,33625
52654,207876
8386,171247
9451,6078
1572,14601
23730,6149
50435,2389
11454,3877
19378,9951
24982,2580
11420,3983
14626,232503
16405,10511
20723,158389
1834,195402
30502,41585
502,840
2291,14819
26827,242
8810,192213
12703,1546
139,12996
8012,12094
5894,3170
31611,11504
16399,212676
26560,2805
20927,10235
280,175468
510,30
27452,1816
644,156702
198,1326
7341,2483
436,242
11354,3616
67067,4458
7294,1787
909,4344
11121,14744
10995,34117
43774,992
68569,10144
11827,11487
4825,165546
40916,3616
10314,166241
856,6513
14052,171377
36586,10045
12122,9951
600,11400
9771,6075
24481,1705
11866,15354
8656,840
15379,10787
10680,3616
12086,160243
1883,187
22033,570
880,1956
14662,10183
9077,1706
24584,14905
52717,14629
3132,10325
1573,720
33680,8627
36606,166329
18780,195862
25319,155317
30017,155876
1542,167510
41059,187261
24018,10183
18927,2492
26258,10325
11013,11677
27601,570
10279,11590
234,154802
31357,14768
817,1432
10690,1373
627,10261
44383,9401
29394,387
220,189599
44414,207268
25944,570
9208,1825
42337,33841
124843,187056
47045,5905
10575,236
621,795
8469,157632
9333,10391
1103,4668
3526,185482
5121,378
45019,187056
63945,208781
10385,6103
47886,211043
8327,161216
36040,34079
842,15160
14664,13142
2172,3713
37636,2804
11129,14534
10833,206718
28988,3679
54655,1873
10023,172504
29601,4344
2028,5600
9611,173497
870,233
2263,6148
1802,2073
35712,1664
26895,1009
10576,157499
10775,1568
10229,4333
11849,2280
9282,572
957,4579
29968,15160
16347,13014
13618,572
16363,156187
26860,156578
36372,13059
15802,12420
12516,186789
4234,2793
15785,3593
617,570
10180,509
12545,155482
35696,200433
19601,3207
9305,187056
1368,6149
14811,7329
10876,4653
2000,5967
31685,163138
43001,159909
10035,3616
10208,12998
25698,156825
786,2080
9844,34079
11536,4956
7450,4270
25748,10093
14881,14819
5910,455
26610,191820
9585,5600
20318,74
21733,10909
17589,3071
594,3015
36404,10325
9716,8778
44297,9989
783,2883
11471,380
401,1945
3082,1546
161080,189417
40969,4328
11448,6230
11319,33885
557,189094
12661,6876
790,4079
5638,14765
783,789
36599,6270
11659,1014
45938,15160
2640,10123
664,15160
39868,189921
565,234598
105627,596
15849,9032
46688,10399
278,378
166,10707
212,10714
8973,6506
11568,2636
9331,10175
15762,12377
26331,159753
82432,9824
436,2149
30636,5153
9880,7376
1900,2149
11703,255
36243,11100
5709,11931
28580,7464
4244,3923
43634,1328
16636,10103
10633,2993
6037,703
28257,155844
34223,10292
9348,163561
8536,849
5608,10466
31004,12569
39074,11501
10687,169125
2891,187056
11091,1525
7131,220651
9473,11217
68822,34079
10872,1991
10823,18072
15482,176217
5651,4411
38223,5585
171,33648
646,3268
12235,207268
38874,6154
9964,4295
1073,2340
662,563
12590,428
29933,184152
75531,1646
48216,187056
441,490
9208,162365
12090,6149
11477,11933
11071,223059
11362,13006
563,1826
12309,13027
8961,226380
42345,167215
85255,169977
9045,1739
3512,3376
31023,2109
10001,194160
10280,3405
13982,9826
23916,156197
108059,2964
45139,222184
11121,570
33016,200969
17057,228428
96,8181
2770,155939
65550,3134
115,418
14537,236
4507,11732
31225,12532
22478,213488
1927,14760
65137,15234
9662,15162
36344,158639
9576,1326
21159,9366
954,4123
105,999
3780,2499
196,1544
9011,184546
910,155436
11859,33456
37135,1009
9746,478
43089,9937
22289,34079
18995,351
9544,6259
476,825
43510,160325
867,10333
12311,181240
11162,2606
33560,13130
39871,11109
30973,9649
9331,2149
49225,3094
4911,3261
34288,1442
12793,242
49633,6506
31361,992
2617,2522
10756,179430
849,161896
541,395
9696,7089
121923,193278
605,310
11708,391
31955,10685
13550,156661
19405,8102
10739,5625
1597,5604
22307,3298
13320,155851
36724,11479
597,182615
521,212
151848,345
13899,7281
11077,1930
13555,3473
17801,195402
547,2673
41588,208283
9616,5340
122,14819
5062,516
760,3246
967,3074
27331,10391
30996,14805
2436,6556
39256,210614
818,2334
26946,1299
25431,49950
22323,34117
32048,155440
11911,5810
1927,8828
11521,3192
11589,9450
624,1679
13098,3391
14551,797
11379,3386
27130,5941
8913,157496
10170,591
269,915
9054,186447
1653,158529
66,417
8470,1930
11592,168196
15969,198756
11240,6731
831,191150
19590,1447
24634,1328
929,7671
32456,9673
16131,10183
26761,17981
32037,3450
33641,414
562,720
42245,10292
10491,215141
437,6009
2666,12965
4203,155816
1024,10984
1573,10950
73351,3703
20197,14570
18889,2954
152,504
3396,2339
108553,10332
20334,7879
11284,170383
47653,207592
30949,11454
467,2325
766,616
11185,164092
6283,10911
10285,1890
18113,549
1824,1453
710,1308
9728,163651
5491,818
18551,3739
12590,162846
6646,4418
31581,11034
37517,9826
26638,3002
146,779
15037,171556
10762,6956
11478,15219
856,6139
63020,207901
29572,254
16306,161919
32689,818
221917,194000
19997,155440
18357,4344
16448,160511
7220,1375
16153,828
27367,3259
11353,12396
1213,1913
1377,2516
20075,10593
10907,1938
10604,1691
16154,793
309,970
22023,15211
407992,2383
9980,3680
10243,8468
11023,178475
14746,10229
2275,2483
11571,9935
992,10787
14923,179431
22356,188925
483,10685
55912,157194
8851,234736
20196,1432
627,9887
11775,2708
1541,531
8536,175644
2669,185722
23626,10250
863,179431
9285,206298
52263,156174
9067,5484
1213,13001
10862,3817
47643,160780
9357,178649
393,179431
811,10637
42449,9701
36208,214549
25719,2334
924,1912
9268,14601
11360,9207
11326,10392
31657,11612
29927,449
40842,1382
43897,168297
11982,8841
7090,12420
20536,6165
27932,9791
1811,10183
3132,10085
9268,2708
16081,194258
1792,779
10548,209476
26602,1480
13696,159959
21052,6149
17494,931
16306,2831
10536,155163
237,388
15370,33787
1374,3737
10376,270
10549,509
11004,642
11259,5091
9318,2343
173,270
11967,798
9694,4399
11082,161280
1573,14601
604,779
12544,2041
11804,172900
24922,3015
19664,160855
39180,15162
11366,3737
29095,3633
40639,393
8068,14601
2722,2864
780,161207
9749,172455
778,1416
5781,13008
1411,3684
4108,3792
18551,159607
12724,6517
20312,2669
17409,10511
45153,187056
2087,159600
8981,1872
8068,2708
11830,4129
10643,7671
4816,2708
15762,10714
52782,189438
28436,3614
9457,155508
14317,157972
55306,14831
872,4344
28421,6255
9453,14794
20815,570
114046,10990
37797,188845
62422,18001
1678,223059
41801,41380
23160,10938
8012,10594
9057,4679
36245,90
15596,171427
34327,156835
30157,10183
32613,4549
41516,41586
16052,164460
13567,5767
12485,9826
2102,1670
22244,2908
32023,3633
28200,9673
11357,3335
10722,8685
2649,1421
37658,9673
11904,2921
76395,10590
5608,234174
993,4516
8130,1453
9928,1436
5608,4615
8741,11400
120,3098
29425,188959
43306,3800
5506,15363
2164,12405
42260,4129
9611,987
10563,6351
41204,1415
8871,1991
74544,173977
66894,7312
1370,161048
287,1482
13791,10183
53157,8629
15516,10776
12095,160488
1126,4748
47942,18029
9652,736
40876,14964
1689,4476
11357,11040
24587,14536
1857,238465
2142,3450
31955,378
627,206829
38880,3038
540,158758
11881,65
10575,14601
13553,3298
178,226463
260,236567
2142,417
13920,5565
36095,4434
31357,33455
31161,8627
6593,158126
948,34117
33258,11492
31916,15140
10530,160977
14696,10614
25166,34079
26378,6075
45964,2604
97447,1691
880,240
9349,12193
839,4204
36955,206958
33364,164092
985,234129
16619,1252
3591,10121
31671,378
31220,1963
22383,534
30719,207317
9964,10471
765,12394
29267,4372
11899,4931
24559,2964
9016,9882
8745,162954
9616,10093
8428,12988
92298,9748
11934,6129
18841,156810
40087,12339
62001,3136
179,9826
11077,3650
11071,6092
77469,2496
10065,9714
32221,187056
135,193749
28,6255
51391,1196
23160,818
8327,9727
39867,10714
598,2394
21056,237
8696,293
14430,190225
9600,228343
28059,10183
10774,14522
30159,10909
320,703
20682,1454
1418,14819
26850,922
11191,169283
13531,169171
7008,3012
40957,9927
562,10950
2436,41645
9340,169945
12,33760
578,15098
32041,74
39867,222314
811,4168
30140,158697
247,1328
12662,293
1541,828
4476,5973
36434,34079
42725,168132
8869,158199
25944,10292
48831,34141
11915,8080
6,10685
522,1950
40969,10183
49397,14601
10110,170009
14034,9727
11566,732
11596,156282
10009,6054
978,1968
178,206544
25319,188959
18587,6149
10065,9848
42122,7464
8220,745
52778,3182
47237,9713
50819,187056
18172,13130
795,1333
47070,9717
13702,5906
47796,158968
33468,2687
3083,11663
8869,223059
24808,14527
1654,10364
32047,417
364,7002
16085,11508
10549,456
17130,3687
9415,833
9034,18035
26976,173655
817,4522
38274,10183
49745,9937
687,2300
26933,33458
11979,4197
2460,128
39851,155936
10978,6217
10158,6496
10427,2708
1633,531
11797,2389
11591,4491
27786,10183
85673,1879
11838,4210
8221,18035
36536,196587
2288,10201
31417,54611
16220,2652
15417,2064
9066,187056
17941,6201
2294,168042
21242,798
11429,10308
1572,18525
782,856
2133,168663
13965,2284
11470,2964
9100,1525
15659,14765
14442,189099
797,572
812,173259
874,4352
39939,11485
1883,378
18172,226958
13768,170587
11282,167663
8989,6746
144,220
12105,6027
2371,441
24739,34117
11617,4616
1277,1933
10154,6220
14443,1299
10564,173186
13580,7950
11929,1010
527,331
12276,1909
11610,5614
32331,236
27814,236942
665,11508
11906,616
31393,10125
24097,14781
5916,1556
41968,207928
18395,155271
9764,1969
553,2492
562,14601
680,11446
32298,10183
31593,8508
43149,11873
406,15090
1994,183240
10987,6259
10323,185343
988,226618
12548,2336
38,12400
9622,3075
13765,4344
2750,33648
11351,5457
10384,3412
26725,9826
28436,198141
26408,6085
10534,10683
2323,4932
42879,187614
121,10563
703,3489
27346,14819
364,3298
20123,11627
31397,3644
11103,6876
24546,10855
859,3182
2164,160381
14604,41351
1653,5967
635,3177
1368,2957
742,1773
31671,222529
14881,13132
348,1829
19952,199080
24100,231407
25853,174176
41968,13027
44875,9826
5071,7386
16219,209476
2761,2504
25944,9755
95,1432
16617,14676
52654,818
194,6025
600,12425
41280,293
55441,1307
26689,9937
9691,977
17819,13028
10046,957
9542,1734
11963,181230
26686,612
8289,6083
9846,10889
10985,179431
15992,703
20663,1543
679,3389
56428,15127
11787,3179
2210,6149
2165,6381
13055,14534
8217,3018
12499,7028
11164,7814
60645,10610
14373,2149
24008,4237
59401,393
32227,4957
337,9986
41959,3363
1894,163242
9499,254
548,3737
1718,6091
47890,1160
613,3064
11797,10712
10530,230456
2502,11134
76,1201
15119,10278
33324,33585
117553,331
9080,1293
11196,642
33738,1480
19157,6054
8386,171251
14832,380
17057,163975
3112,6932
44373,12105
3132,11134
13685,2669
657,3289
43029,4344
11002,2163
1552,161155
21413,13130
28504,34117
4267,1157
7500,6297
2107,12670
280,175472
10776,2778
24405,208251
41913,158718
13199,12425
8224,445
1599,18330
108059,10726
42989,33699
25698,4344
435,295
1428,591
13555,189921
18502,18034
58985,187056
11861,187056
266,884
11011,175681
2501,10950
55727,6075
10122,4379
42114,9955
4993,180397
19507,18127
905,585
18,4776
1374,6075
33408,736
9093,9748
604,6150
1927,13073
11228,1701
10560,10551
10633,7856
47676,3306
33364,207691
11054,165583
5000,41511
3604,10700
30177,14873
18248,180981
9694,13153
185,9701
16363,2901
36629,12353
620,3090
765,157471
786,4044
8077,9663
845,9826
11507,158988
314,6496
43811,191406
19128,10189
10376,6930
2891,6683
36652,6917
9407,478
10399,187056
10117,204904
883,4432
15613,6149
17450,10508
32574,159201
24920,180191
21544,156799
10404,1756
102304,187056
11577,10176
1245,14905
32023,1299
2288,699
2134,1436
11498,1453
41426,158431
2211,220
26291,192528
9320,3823
10774,9826
10635,9986
18196,15001
601,3335
9603,11933
36943,1524
16437,9663
16980,9468
625,393
4012,10183
37698,947
9482,182709
562,12670
17692,1196
10706,4375
957,4583
9605,156153
756,190719
1058,3182
33319,188
261,3737
8845,3312
22477,10183
27932,720
12715,156393
1245,918
96,10950
88174,207767
12719,1873
8961,529
11137,187056
15292,1524
3040,3905
32872,184952
78149,214956
19662,3494
439,1759
17991,209992
62488,160945
32872,207583
8870,839
9549,221295
1550,40895
755,3649
14249,534
41426,4470
9355,194713
105627,189435
4923,572
27451,572
156,817
12089,4049
564,157894
5998,2546
594,3019
18513,10958
10173,3392
40095,12377
13476,162262
18889,917
4483,1308
1405,6038
14267,10183
676,3365
9442,9755
197563,10180
31773,15160
9306,2766
9479,9720
13696,13142
9312,2041
617,3152
42048,5657
36536,828
10780,3342
464,2410
9602,179431
20438,10183
27997,3263
9429,1759
32613,157144
10409,733
5709,2136
69014,4470
47449,1947
1911,5894
47942,3347
62761,1415
10437,161174
24808,3199
14328,171493
10723,14677
117553,494
14433,173453
23615,193511
11361,3875
10567,12616
10545,90
12476,157634
14807,33702
11775,6148
23160,11666
3293,157935
23939,194170
10687,169129
11639,170362
12484,176572
9387,14665
5247,190370
18491,14819
825,12670
9781,10183
14030,165858
646,3272
24012,2505
75596,2781
625,3105
11135,5350
708,3532
18978,10466
10502,3301
15417,6951
10930,1571
16427,163127
174,665
8656,4040
43277,33879
9685,13072
505,1591
50474,34079
3080,10325
19448,14819
687,2060
31064,3487
11059,41645
28377,162846
2742,15037
18966,11931
96,14601
115,422
22076,162296
10411,5332
842,4239
17692,158353
10412,207915
10342,6278
924,4197
8047,734
57351,12355
10232,2606
6038,2280
2891,10818
9013,168347
32858,158741
47007,4129
14908,321
979,549
550,1541
707,726
452,1330
26978,187969
42792,161254
27414,186463
31388,1453
21128,9937
15842,9673
26246,7002
71140,3713
36971,10183
18790,3637
21185,9815
42569,380
29493,703
1281,212
11051,3571
17696,4344
1103,12190
21484,10292
3059,14546
5966,966
32015,6149
1645,9937
2990,14687
7227,33626
21143,818
14854,159803
2320,10084
18910,2957
8293,205850
2046,41171
9343,5967
9333,2987
43277,156028
11544,2766
38618,409
710,3272
8963,4933
28236,2178
41730,14913
27745,34118
19259,7208
204372,33458
16295,171665
494,5946
1075,12392
134458,181122
9383,4005
22,235626
50363,110
14369,10556
5458,572
9886,2588
19448,9826
38867,13028
9403,1664
85837,14819
15171,206052
9509,182733
11101,1956
296,679
609,2723
14168,13008
269,919
17414,14762
25750,11221
35161,5829
567,236909
10660,8015
18392,3616
316,1657
36593,208208
879,5600
9942,167890
24470,9503
9487,3338
14683,14819
12503,1157
9691,18107
11416,157194
17905,10291
1492,189558
10978,1334
31646,158045
13950,14735
11338,822
23132,9854
32067,11018
8920,195032
17810,782
102057,15160
14626,194226
1628,163392
15347,9892
10575,6148
7090,11001
10849,184989
10242,12396
10656,1463
713,931
33468,10770
43436,207416
27815,9663
8852,4379
22828,9937
68348,11064
22160,195402
5483,5159
35284,131
11888,2393
547,128
5506,5166
20455,1299
12613,10076
2898,6054
9482,160159
21430,13078
6723,155716
46286,162724
25783,8658
61752,10183
15144,1421
11071,2766
16448,160515
10501,1321
11544,1156
1093,3152
24012,9673
192,161167
3989,3263
25361,10988
2022,162632
12456,33491
10283,1422
11860,90
11113,165299
66194,10183
4031,160488
9556,41410
85837,9826
72277,209619
1024,10183
13945,13084
26626,572
179,434
23943,6270
40508,206691
15096,181239
42597,13028
10995,2956
1394,6711
12106,10950
2172,1465
147729,18165
9490,14964
36606,166309
39113,11034
3010,2504
21925,10183
527,10508
29084,208591
565,5340
41848,11183
32015,701
1957,212643
859,1332
91893,10864
5425,1523
113,2059
37094,194287
2048,2964
11282,162914
29515,1667
42232,164400
8420,2393
22435,10857
16082,4345
476,642
22688,934
265,1224
18423,155248
10019,13130
760,835
8850,1815
10389,2490
8989,210214
33644,3266
11879,9016
10419,174594
809,4159
995,162722
9490,10776
8214,828
30331,209138
782,1718
526,2638
39929,9748
36040,188154
11016,176716
567,33632
23855,10594
205,34079
441,791
406,3925
149,12190
616,2280
20927,2778
21143,4014
912,4812
2280,170729
11468,851
306,12371
15999,801
9461,9390
10633,15321
53922,494
9872,3801
15121,6383
11878,14955
27545,188476
5179,10873
9081,1566
4108,3796
66894,416
38849,9831
5155,1850
10973,209714
468,1896
111,592
692,1740
43806,209409
47959,192381
2617,1534
554,2568
25209,18105
41659,1009
15136,157238
9355,4565
36095,236896
203119,8201
9772,833
2470,931
10077,3737
955,6104
9932,378
33676,13130
11206,33630
23943,155722
27084,10183
2300,177208
8675,156166
5689,4663
29343,2766
9488,6110
5917,14574
20472,567
61391,18109
49565,214548
694,198471
5187,3190
18671,155436
54794,255
14573,1761
15596,171431
38884,514
117,155714
11532,10787
2005,9826
12665,163534
10835,6149
3782,6954
2457,9826
33355,4344
32872,210726
17263,10183
10117,188933
18209,14999
17962,188293
26408,187056
1954,2362
29343,10471
38621,392
22618,156181
9540,572
1599,15325
13673,207317
41070,3593
22033,177894
36759,11428
4961,223059
12211,1014
26602,9673
6028,703
613,1698
18205,163127
14801,34117
23470,9828
3682,2334
287,1486
2657,10683
3682,155490
43715,162536
11591,2588
39907,14546
30421,10995
2926,6717
8856,779
24739,10738
26865,1618
10212,180480
9461,167352
117179,10280
9582,208764
11979,6027
11812,1253
40087,6732
14551,11836
9454,233134
3079,6737
1126,2658
25684,10278
10734,18128
1791,9673
397,90
38772,13027
9267,11931
29074,34094
14195,9783
14369,3282
18111,13092
65296,224663
5825,228416
36208,6149
1088,941
1538,6149
38631,2050
9798,720
8293,2386
7984,818
8007,226426
4365,7151
11897,18035
47796,1010
549,14964
17494,14735
38558,10909
108,4549
11465,164821
18172,11711
11072,160586
22694,10776
24405,7312
43867,235228
43867,13084
115,1337
11973,9342
11520,179430
20712,211088
1281,12670
10373,8843
1714,2733
11347,9201
1075,236316
3482,1956
9622,233
31220,15149
782,33611
10995,187200
6644,188944
562,18525
18784,161246
29584,163095
564,1949
26103,10950
13685,1437
10349,166512
11023,34130
11002,7347
1363,158605
662,677
26680,2652
18550,10717
38096,966
31798,90
54569,1328
10022,8696
9556,417
26766,208273
311,725
5001,242
11791,9401
26269,8440
11675,6271
17263,3096
8860,7188
30497,4580
1669,2106
4612,180550
886,2411
42218,10183
11804,172717
872,156028
13550,172856
9532,34079
12653,5739
707,3519
11852,10688
10975,1321
31526,157337
10372,2505
9772,200808
9319,3688
20312,2486
25934,2470
31701,11736
44635,10183
40160,189411
9556,1706
2264,162832
13282,9666
11577,10688
8869,158203
9086,255
27130,238513
31701,6259
430,13027
9480,175186
10110,170013
10161,158558
11942,12371
73,6496
488,3711
10126,10211
10443,10617
464,1499
20064,8029
1103,1562
9024,11869
11165,188727
17612,1328
152426,9937
13697,6054
527,6267
20815,2831
11482,1284
293,30
41678,3262
441,738
1970,6095
24188,13088
1088,270
8913,171247
24560,176516
842,12993
271304,295
10428,11615
2770,8508
11563,6149
9652,33788
8386,11870
54541,1329
713,3590
5998,7596
9016,1860
18498,15001
18573,2564
50031,6165
1412,738
37137,521
39770,187056
319,1872
241,1583
11655,2907
1574,10181
49565,1956
16296,177331
2575,470
867,6259
25155,222287
41291,159743
47692,9937
22828,703
240,10391
33344,4170
1619,534
821,11038
8699,165288
1913,5897
1597,591
18212,160223
2669,1860
10630,14819
44247,162538
39907,5499
1598,9748
49671,173504
88,173490
10545,818
32872,1517
342,5767
28577,5565
50091,187056
21635,3152
850,170499
11130,6038
27932,12670
345,33625
12608,220
28881,3180
634,65
19118,5887
5822,577
16941,9950
11210,9957
6396,12648
22171,570
16850,1956
35101,10168
4639,18114
66194,1299
11141,14985
27092,10596
12149,798
11293,6894
12684,992
19460,9713
18172,14557
29244,160799
42623,10909
20681,3070
8740,6876
13580,14720
483,33885
11382,6220
10973,14760
38688,163131
9714,1437
31217,907
32669,155790
7227,10084
26850,11343
30304,14669
8810,10689
14585,1438
10158,6984
8834,4934
9086,10322
19698,14794
16515,174617
1907,911
31993,8508
10014,6270
9289,11139
37749,162758
813,12670
10863,9937
11244,4769
18248,4580
19357,14724
14831,6158
27767,187056
23160,156824
10350,1721
2182,34117
43864,1253
21596,10352
315,627
32074,2139
2297,1328
26958,6300
11812,179431
10990,5340
27092,931
13122,10685
890,160175
5511,1972
30194,955
12619,13130
13550,3298
28046,192125
11047,588
7500,14677
31611,208507
802,3182
601,1432
42612,14819
11536,13072
12490,34094
9271,8440
99,741
109264,162066
10363,9937
821,3012
10009,179430
31217,188721
9945,41380
17218,6075
12142,1299
21159,41373
17205,14819
441,1706
6521,9937
46785,10594
431,2147
5961,1872
2161,9741
38665,178867
83,269
3028,848
105627,1946
31641,2669
19259,2109
34374,4007
10310,9833
9406,8271
29514,13153
12480,738
18274,3986
11773,9844
170,208418
3526,160497
11895,156236
42668,14819
11072,18465
613,3068
2371,6540
13416,4610
36093,8029
1680,1852
16858,886
22,1318
31546,226768
61337,11612
11898,4129
11637,7312
11547,10292
12501,188294
19429,163098
1052,1565
44373,1721
29903,293
2453,12670
883,919
41670,11508
1628,10614
9298,4308
10635,187387
77010,852
1448,3133
44932,9951
954,212
1913,208666
797,2483
430,12974
50008,14530
928,4713
11429,10125
17494,2334
19357,192284
12185,6075
10351,2250
13466,494
10824,9826
22871,233
4191,155845
593,157938
53092,33630
11011,175685
5506,181331
10722,744
10551,156493
10035,2201
870,3490
9061,1196
838,208349
71140,33756
36606,2793
36584,10410
84087,2393
8413,8468
12535,11931
41021,9748
25848,10625
18203,10637
11217,9767
635,2860
7303,14768
49633,6917
10670,202186
883,4436
405,378
6961,818
40815,14669
17813,585
6187,2336
11001,9727
804,2051
11966,14828
11343,1571
964,2199
15170,10483
10633,12532
927,2551
9021,65
9719,171594
820,441
1956,212412
14114,1691
1946,282
10981,10183
9647,207317
10023,172512
3309,6044
14398,3262
9472,179431
26488,33490
43117,9951
42114,10093
48894,4558
28902,4942
29478,6984
1018,10183
187,15365
2832,18171
12079,187547
27104,10198
1613,215404
43865,2858
6114,160292
10379,7942
36955,949
11224,7376
22,157186
760,1563
828,9738
8221,9826
10330,13027
11702,2708
881,3703
12717,1649
9716,3525
9768,10229
576,642
11896,155816
2657,222982
14136,1252
18988,207317
10515,182600
13787,7856
20139,158718
25430,5744
819,3012
10697,6281
13945,5086
10326,3800
668,3269
41913,1862
22156,10391
11796,928
24662,11500
13531,169151
8839,6054
9824,155490
20067,173431
29572,187056
11655,3338
120,2407
10839,11400
31602,10958
17917,4344
34376,4379
668,236
9340,169925
594,3023
30159,235910
1600,212914
17994,9712
25313,931
1538,782
28292,4344
766,4060
36536,222097
10314,15216
422,1381
11529,7024
28169,9663
890,6027
1073,33705
9453,1405
18394,10183
6488,158129
28043,9706
28368,1227
14778,157499
5781,10707
13698,12094
17689,173606
11545,4333
49584,6038
26488,2483
9281,9937
2048,220903
544,158505
25431,207973
10213,9503
708,1308
403,10144
32613,186195
5548,679
4032,170125
16563,207928
5000,254
11773,2086
37833,10776
32872,6270
13580,33460
10486,2071
2149,14964
14328,171497
59199,10183
1970,172998
9285,183728
11544,168490
1924,163455
11596,170383
8536,9717
30421,10084
16888,293
11082,161207
10835,12354
17804,190970
43774,9673
32027,6186
44414,9826
22744,128
28368,422
12634,934
62143,186685
46691,2231
10660,208263
29621,803
2288,10181
392,1924
28436,9957
708,3536
22797,9826
10136,15001
9574,13027
302,548
29794,10183
12489,10685
29584,10183
9826,3284
11489,1952
198,2436
19545,9663
78,4565
38722,10235
9665,166464
31357,818
1089,4668
25503,155436
71805,41599
25749,11001
16563,13027
5921,155573
619,2992
29852,9786
30892,156479
24748,12440
1592,3012
43510,5299
1954,4379
842,4243
33539,6054
42260,162339
28117,13028
3934,3183
11657,378
9299,8477
9450,1673
9362,158064
1092,9840
10324,158967
19204,215305
20678,9715
18929,10041
28171,4337
53049,9833
10670,155582
39929,33725
9544,15127
80713,15162
27271,156650
31589,195402
11004,1992
12775,3070
9333,10562
565,9853
101,782
16780,12394
11657,1667
18196,14818
53049,10183
10040,18525
335,797
2675,4932
468,15135
10407,18035
809,378
436,3930
10567,183414
10882,223448
11596,166329
18989,2580
331,12616
19803,6149
2164,3822
2978,33386
20532,5149
16220,10471
9430,1941
6075,14819
43875,2011
9447,206052
42186,11034
10671,258
34783,2487
4558,2031
10555,3045
9798,10092
786,170333
56135,6167
5051,11221
28384,160517
57834,9682
12278,1308
9509,534
91893,10600
607,9951
9299,206440
140413,2653
423,2428
44414,156834
25241,1523
20197,14794
3543,6819
42622,4344
13595,5540
47070,12193
1213,848
8393,155296
9313,2546
16,9826
620,11096
67595,1556
31217,1956
48992,10183
11222,6054
13343,33519
10972,33553
17136,3616
43103,11254
9689,1741
25853,4569
47890,223344
27444,572
81,2763
14873,13014
18408,10183
33020,11221
11444,1862
43897,40895
24066,12414
268,849
15659,18396
42589,2483
23378,3205
54845,708
42618,6562
678,9016
38985,181325
12622,33699
925,4735
18885,6956
9348,12670
10615,2336
11414,12425
597,10703
9454,173003
17692,209714
10829,158064
694,1533
982,3995
3591,159955
9460,6220
14904,1003
4997,7344
14868,10183
19848,6593
575,14819
29512,9748
10327,10909
11069,158269
86458,10726
43307,163072
10494,233
29461,5923
7229,931
49803,6038
5333,6431
17264,383
12501,15300
2099,1812
20694,9963
12616,6054
16642,14514
10652,18543
4460,3513
27099,966
9819,8097
31703,9712
10652,9683
9685,8917
29244,316
43867,177035
35337,10183
28216,13129
12237,3737
10895,33674
10890,248
40508,206695
11469,41406
9480,179431
31378,5331
11382,2276
10173,8015
30192,10967
3716,1847
22356,188933
996,9016
1725,3306
36606,166313
309,1328
28177,8087
14926,2341
53119,2315
41780,1321
3019,848
9472,2920
28966,10141
71805,207750
21876,9454
40930,10183
12490,15090
11224,234683
696,9673
113,2063
8413,191586
9398,167198
11698,2203
98,2831
10320,177201
13416,12425
21626,5919
13939,6149
40952,157470
28029,208992
11962,6027
8665,155652
522,155167
14140,155645
9654,9714
36536,155574
15096,237593
21430,10183
11236,14659
15037,3616
526,2642
7011,202210
508,293
8326,11707
17130,191428
393,1908
22797,10123
12280,9826
1891,160134
11527,14643
9545,159936
2616,170091
33364,2971
1694,174413
43715,179426
9482,4458
19087,5202
36599,293
14603,11687
817,179431
24010,992
35669,3633
16606,7188
306,14819
11787,208611
1607,170652
17467,779
83857,6293
842,1157
9884,206544
11051,161216
9749,172463
755,246
11489,12987
586,2941
9945,818
16905,12988
11478,171095
867,207767
36758,14893
9070,155030
1089,12670
269,736
11938,392
583,1405
9299,9713
29039,1394
77936,14819
11850,161294
18573,10326
10028,4697
15096,8168
28650,176221
431,191494
9323,310
27973,14866
16992,378
4507,494
32042,3546
4929,4129
3529,703
661,2386
9377,520
1879,165872
13552,180340
15592,5248
27150,197239
11046,1956
36819,2343
11575,159953
3080,4344
499,30
11401,41591
226,9673
16288,10154
9260,33905
14289,9794
7514,6026
69848,6091
42589,156391
7454,2321
1092,41412
20637,15009
23550,10198
1883,789
12634,34145
43751,194430
12159,6154
17006,1701
12767,1655
5801,5252
13702,9834
765,7946
9769,1936
23160,215191
44625,10183
303,1459
138,3986
110428,5565
12611,818
744,3203
30137,10308
437,703
622,1523
49397,10958
41653,10144
43532,4344
26626,2483
17464,9663
303,1809
38987,187844
14844,840
11411,3312
664,1157
760,3901
644,310
547,6711
25239,184352
9686,456
8467,6241
14580,13142
14873,44452
10407,2251
10651,13142
10297,2613
11986,4280
24548,4411
13437,10391
58429,10596
1894,10013
64802,10181
10178,207449
11836,4237
7453,10121
26425,242
170,5385
9305,4166
16372,3358
29794,1299
8913,2551
21185,10600
561,3648
93313,1582
9692,3640
1052,1488
19049,708
9741,9715
841,1815
1924,179430
11690,12354
56235,10183
180,4565
19731,1560
26246,18525
47340,9887
630,2213
33253,227427
11465,164825
41516,13031
43867,3289
11354,187844
11860,33626
967,194576
5921,9748
27995,10183
9456,10183
8413,10135
1580,5575
9064,9663
11787,155457
15560,156039
75759,155490
923,157598
2097,1299
14662,187056
3536,6790
14506,305
3780,2483
871,1826
2493,157186
26290,10683
24274,9826
592,582
56167,163110
22267,14745
167,1566
33278,233133
24182,18035
176841,703
8835,171162
8367,2868
10603,2043
27197,818
37094,159930
409,1968
31117,234456
44925,254
6404,4197
11881,201069
9447,157972
9422,10909
1641,14527
10219,6324
45220,158547
281,4563
55931,12190
571,11732
10162,8739
21588,12377
10831,9002
3065,3926
90974,2041
521,13028
26371,237
14328,33861
10995,9673
113,208349
22490,18453
26618,9826
42116,10183
47951,4931
5516,2409
41516,333
9873,12093
32044,2483
4539,50244
9619,6281
29161,703
22073,214548
37233,6335
149,464
31656,15363
14268,49960
1049,1157
25430,3089
9401,703
1894,14819
11220,4552
10388,157892
29425,9826
11773,236
9678,494
36599,155490
1672,960
27526,9748
12771,220204
107,7155
10046,1502
14864,11363
8963,6791
14709,8635
19490,2637
8838,1465
11864,9951
33660,158416
3132,591
1710,13001
13,162934
12520,10093
20337,1850
75552,208692
975,1402
11456,4130
24010,10738
9540,2483
713,6038
17281,6099
2760,10714
97,10568
2665,11931
22010,1601
10391,1156
16220,782
9833,4344
11378,3612
42566,1568
579,9663
840,1523
10754,9465
670,6062
18220,14794
17264,6075
12262,6086
704,163865
9475,10786
493,10601
9545,11399
47199,791
9424,2041
5879,13059
27141,2672
10331,1227
7520,3458
21525,34136
44479,187056
31623,1956
39327,1317
8987,8158
828,8506
29067,10308
14615,9673
10547,226240
229,10125
11692,2334
326890,159315
26602,9840
25993,9706
29095,205739
10238,1156
19673,4565
402,931
43875,208244
32872,11320
36536,2849
393,1400
11366,5331
15673,10325
14442,208705
43258,11001
15462,156401
128,5275
24559,6384
400,10738
3079,9937
39907,2820
3763,15001
1548,175499
27549,192215
1574,520
10990,6149
10663,171563
21355,316
11852,572
36266,226577
43390,4932
32076,3392
1705,4458
10344,1299
29095,3133
22244,15106
321,156195
638,625
103,167104
35806,6165
33642,10726
16090,180172
11779,10183
29756,2598
12145,10123
12707,155529
543,4728
29239,7376
4951,497
9806,1701
10513,3002
61265,9937
547,242
16642,190061
5486,236
48598,10183
39269,161545
32302,14751
27723,10183
20472,3096
314,180734
9285,293
11028,5340
10222,7910
5511,7453
8333,155735
11443,159643
10774,572
14013,1485
25719,9673
47474,291
9583,4541
54804,196499
433,2342
5544,1605
830,4191
9397,41525
10390,1480
120328,128
43111,10909
2428,2974
4836,3045
4296,9951
430,2106
32023,3133
103793,187056
10510,2618
18148,6954
11621,33482
2625,166927
3078,416
1439,2052
7341,11221
47434,189131
861,3864
14464,10084
30315,158130
10568,3776
9879,1936
2470,6038
2722,2848
74340,840
7090,14632
4584,156507
11507,445
104237,184656
9054,658
19483,9678
19803,11199
24674,1252
25109,12371
11355,12193
29450,3739
3577,6588
10590,422
27197,10564
10375,10714
30950,212
21871,549
15136,157218
9989,171854
29885,1691
345,1817
31923,10683
31945,629
10652,12371
40095,6506
714,1774
18644,4344
9610,3389
36819,1969
1093,195402
17962,177185
41160,6075
9611,192839
11940,5921
9605,293
1586,9826
16425,2683
25350,12993
2021,212
9454,3071
13939,1721
9423,4862
24711,572
12661,1009
20312,11297
12611,163049
1093,4689
8358,1252
2320,10950
47819,40847
43693,14765
25361,207560
16184,236
23132,10586
1936,10229
17295,187203
995,33600
1632,14819
17667,635
605,1530
975,2504
179,174375
11395,5570
5991,11333
23750,13027
13041,572
1374,5144
281,6149
12608,5514
32646,12097
9613,1328
12719,458
7015,7464
42013,176127
10856,202703
665,3035
17496,193507
1371,4613
792,11314
8333,15090
910,155851
7012,7658
61048,18015
422,2056
14443,9980
984,1589
28448,207928
573,212
8413,14888
26725,1003
20196,9739
13,208143
9469,10183
28295,14831
30890,217880
9454,3205
9359,10988
4307,514
5503,797
32613,345
37753,9937
18561,1336
100894,232988
1626,1667
1694,15085
40814,703
11935,18034
7453,4270
9846,12670
2760,167200
29030,977
37712,9663
10312,13005
11224,5152
607,3242
33518,2766
16314,14536
43003,2887
813,1749
9331,470
11634,3691
29264,6898
2527,966
5000,7345
67595,10123
9373,13006
12634,6147
27632,616
9509,591
14,9957
19415,8011
12774,572
1654,3098
51179,18254
7341,171411
42245,158252
568,14601
86093,526
15653,494
8512,155790
9717,8871
12160,4391
764,156075
69526,221083
1779,592
20539,1700
12079,187551
708,3272
39543,14872
19433,210034
48894,1529
5332,5923
617,2087
74395,924
20322,187901
4911,12670
25155,10183
10510,2081
864,1442
80713,10226
16448,157409
4507,738
3482,156031
32628,154802
18509,6075
12112,9826
9267,161818
11355,918
12518,5305
32037,6898
1073,207268
9395,2944
16806,187056
430,14751
10330,3582
42795,221301
31043,12670
26179,15162
10204,242
314,572
524,2635
10156,194576
43961,12433
396,2587
783,1956
2469,2727
27322,12532
26261,177658
20238,33600
297,10791
1089,18525
979,156478
20481,11541
10668,1562
9340,169929
16858,165402
9480,8828
26278,4862
156,236
51179,177960
23567,157897
49565,5774
10604,219988
43452,1480
9654,12670
21060,1862
621,164246
33468,11181
24740,9937
44562,12394
6499,33885
43047,3020
911,387
2017,974
42013,958
11446,1156
840,3243
11574,185461
10779,934
796,625
27994,6149
21512,18034
660,3312
54287,9951
9469,3446
12618,188127
288,797
36647,13116
10029,34079
10734,2161
10016,166697
61651,12414
11365,10818
43905,14796
10133,189449
10132,3740
27103,34214
7452,1650
642,168374
198,212
11228,219404
10862,40850
38018,157799
20472,1299
17918,157430
240,6049
711,1412
12500,18448
35265,9673
31685,90
2119,6316
15413,196548
26936,10131
16638,9812
25749,178148
14551,166529
8438,223044
24405,3588
214735,4553
44203,3358
708,3540
8357,9820
3482,11064
11429,10292
35196,10329
27899,9826
16425,1691
18587,15127
2103,12405
2019,15137
816,2534
436,3800
616,1402
957,4270
16858,837
3090,33685
22021,6145
22642,9826
27764,187056
56715,227887
12112,159278
507,1416
2895,3033
19738,3259
9003,10327
10856,40850
1607,160910
233,577
11675,2547
26331,12570
614,1284
23194,15140
39504,4411
8834,242
21538,14626
67297,1563
2655,1328
8388,181028
11044,2796
16563,3582
1585,65
8866,4214
1624,4896
9571,13130
9480,1741
11259,2123
74340,182185
617,179431
47955,818
18919,634
258236,165461
20075,11492
150523,6091
11258,2227
260,1328
113273,187056
18837,210024
16620,164245
97406,33624
397,822
9285,159141
27150,4005
14683,572
16227,195402
10652,14546
93457,209476
52735,2679
12484,188957
31535,1436
1719,90
136,235595
77079,160324
28120,195402
25430,12193
427,90
21544,176218
1586,5585
11430,9663
10236,7059
17689,6951
28055,233450
769,1857
83,10503
9665,6091
335,801
47263,3588
20712,570
35080,12396
377,12339
845,155582
11511,4896
62697,657
16249,5621
8007,221092
46466,5565
11145,2673
38721,4183
11827,161919
9611,160840
77936,2983
11847,12193
17645,1422
21386,65
18783,11400
18498,157667
53712,9826
30330,3741
8850,9715
52772,582
32502,9866
4025,4195
15278,898
11773,14601
14905,392
36536,169886
4639,2013
15875,180800
40810,233
10699,4056
12105,9528
557,169887
31546,172492
39283,10292
1052,237386
750,3864
42215,977
47890,1949
11873,2348
34314,10950
786,5288
10875,3836
18587,157813
16973,572
108059,12670
18333,161534
34746,293
24559,1956
36141,9807
36647,202703
9582,9468
18,229863
8393,155300
11478,161837
913,159534
620,11100
11092,1014
36586,3133
40423,185343
33516,223106
294,10768
10220,5887
35685,10061
18129,10453
31321,14964
5143,10582
682,782
531,10085
14580,195402
177,1335
807,3927
273,14964
11308,949
9799,159953
95,179431
31602,12414
11157,2751
12257,1326
8386,171235
40353,13005
860,156767
22692,1157
2118,167145
3035,657
31952,3133
10445,1338
35144,18087
1680,2771
9671,1552
3509,2588
26522,7856
4978,1900
586,13065
36234,14964
31321,10776
15139,295
11527,392
28410,13142
513,6194
547,9935
8691,2148
857,207883
11959,5699
42989,206087
32646,15106
12762,194018
45219,208040
24826,10183
31676,9937
10314,166229
1392,6019
1624,387
25430,918
9454,2831
2749,15167
34774,385
14785,194451
2502,1453
11231,9748
19414,14531
10448,1551
22293,657
16606,642
11054,165567
9263,187056
693,3455
100975,572
52654,131
45608,818
11167,33625
10145,15106
2749,13073
9346,6270
490,2868
10591,6946
10830,41355
1583,494
13376,65
14136,34117
10784,165261
2924,5340
10130,156803
923,4633
36648,9717
133919,33494
1712,33688
52633,11034
19124,11034
9545,162034
18283,246
1092,234089
19848,156854
28209,10827
125952,187056
226,205733
24873,7002
127,5272
38867,13065
25842,33966
9314,716
3536,10364
18587,161814
682,12354
44875,225061
9798,18419
12229,13042
10938,10180
1375,843
9964,157760
3055,14964
11398,3292
9555,9672
5544,7460
11336,818
26031,6149
31225,234106
8413,18031
18993,12988
12212,9663
12079,187527
801,1653
9469,494
983,235774
4108,1926
177,1014
2320,185692
17897,331
8340,5939
33472,2411
337,789
11526,6029
2667,44451
8583,3258
40087,9855
9319,2944
32689,1664
18408,10216
9080,4928
5725,190370
107743,14602
30497,11541
18477,18034
11662,4565
25750,10103
90148,13006
1405,33780
12611,217415
44932,207678
775,305
3472,5898
44864,2199
103413,236
19204,157512
40815,14783
50677,520
9538,9815
250,14819
36222,11221
19740,10237
110,1533
2749,4697
318,14964
2323,1480
34636,155410
775,4627
162,1437
2502,782
29347,2588
36095,207268
11775,10909
2200,15272
320011,187056
73575,10084
61578,10183
9616,172792
11012,494
40913,184369
1577,10410
963,703
10576,10292
635,15001
404,10235
11535,1395
4485,4461
1415,10594
47115,6075
11112,4411
40508,193546
11006,6212
16858,160840
16129,207592
9623,3012
25466,1852
11873,1356
12157,9673
11316,10614
10591,6275
39934,173504
23531,13043
23160,1501
2048,14544
38582,7671
10096,242
607,2547
5801,202735
17281,9673
10144,3071
16347,10103
13702,9838
44634,10183
13376,9193
16427,1900
27103,17975
18168,10183
10995,549
1412,4316
10604,6054
1573,4709
2832,10714
9401,41379
32146,11268
12154,9549
604,221385
251,417
39578,818
10383,8685
53426,188944
12309,1338
2662,14751
11621,2853
873,1416
329,2041
33994,3737
33680,191786
15393,635
578,223059
3597,9748
9366,177565
2666,4630
841,530
1700,6259
24106,172628
5486,293
13193,237
154,161176
14275,520
9096,3126
73247,2964
10567,10506
10872,5362
31675,13084
595,3010
494,7540
17770,10909
10548,155395
19426,34268
744,7879
16288,10292
11024,10988
30237,10048
106,209714
11826,18115
13698,181579
36657,9717
644,1603
11027,9937
4896,220
842,840
522,10338
33472,162601
36599,10714
32250,10541
11465,164829
51036,178665
16672,11130
50035,187056
32858,206081
100,18047
1580,5579
12308,5756
47697,9826
11884,18069
10670,5439
8052,5305
20075,5641
59569,155393
11342,4379
27495,189921
696,9840
700,3497
26356,4720
11357,798
11974,160840
78208,10199
40374,10183
10028,1936
103960,2139
11602,222
43915,514
409,1972
2200,6091
80708,15160
108,5257
10324,1253
896,3737
11252,2669
27625,9951
9039,6259
46727,11454
19075,497
22318,8508
541,383
107,4931
1075,4671
11423,3879
10525,6711
17058,9826
11013,11612
9016,10594
26983,3607
995,188907
638,3394
18620,10183
11899,12998
5255,41312
31064,572
10671,4210
1599,202692
10545,213097
657,321
73,215876
40961,190007
6,162914
17641,2526
1547,542
10949,8250
29394,6149
15969,15252
74948,161279
1630,1664
10449,1157
9716,11612
20565,154863
42633,10714
522,180193
27814,164605
11360,2161
5998,2343
11686,236316
2048,236
9357,9937
124837,15134
33155,3801
47943,9937
9028,5332
8536,11254
43886,1415
30666,10714
11282,167541
8386,4523
9594,6211
713,2659
10210,2710
37288,187056
43795,5097
9699,5439
20339,10911
10497,5859
11314,2163
24066,155751
1572,444
9479,657
10402,33625
76,811
23943,293
6472,6562
17908,15162
784,4051
2786,33702
33345,155493
2291,173066
95,211487
34723,170444
41971,41260
769,9672
176,13132
16296,177339
226,9840
41653,2606
1893,4488
25361,6300
28165,11931
9791,2881
5143,12436
37214,1956
17645,9826
3512,949
2148,10391
33796,409
75555,6152
11236,170344
571,156866
978,4558
8688,4487
9499,8508
11576,10594
14271,9859
840,206711
31417,13094
600,10075
28910,3133
93457,2792
13715,1228
26725,255
34388,220
10855,12369
874,392
34377,10180
856,41590
210937,168750
655,12670
15802,190370
18919,14999
643,162845
4421,3588
22004,171043
21253,11121
22323,65
11300,9935
8852,8685
54003,974
602,9739
25066,529
17906,4742
5729,7499
17037,207317
10228,162749
70801,6271
30502,4931
783,4107
84214,214514
10663,171567
49981,4373
63020,1900
925,3910
6715,787
681,11259
10685,10714
541,1001
31657,2956
2517,233
33642,931
924,179431
43002,4097
687,2796
178675,158718
62327,13078
23592,1968
4192,201536
12589,10084
41780,189920
14040,3797
579,3735
12705,3792
12722,4747
11247,196691
37227,351
13700,4932
27324,236
28501,7172
755,188711
25503,918
29095,10842
3035,1706
146599,12532
196,2284
3133,155453
5638,7479
16606,5879
21876,924
222,220
14794,3551
47869,33501
48309,1563
30973,3034
10249,9715
20637,10183
9616,157008
53119,10939
818,3290
402,1419
47340,2483
18158,3243
29173,14819
192,34143
45840,1731
1722,174369
11077,7208
250,10123
42230,690
47237,894
452,2416
37227,208918
16241,161255
5506,4129
430,2110
808,2343
10549,497
1694,12377
2172,1583
699,3269
2280,170713
61178,9826
10625,18453
291731,155532
26258,169995
1103,444
666,1809
14369,554
8069,191144
13783,1327
2501,90
10383,33841
11519,236316
11085,1316
20348,10183
11937,155298
13777,818
10158,207988
31395,6149
22130,2483
707,657
626,9887
2087,159588
11347,41586
20126,14536
713,1533
78146,10329
964,156034
1884,15285
14320,180975
15136,157222
13528,9937
9319,8181
22692,162262
18646,194001
118075,14819
11397,179430
2118,162262
33245,173504
10388,3398
337,549
9292,6168
11050,10707
46976,5808
16314,10084
38554,3202
16235,15001
33016,8447
23160,192190
607,2173
11215,5625
16026,204171
46924,212739
3484,1963
2292,1361
872,3177
9977,13006
43379,12987
3040,616
19209,3593
36536,11176
12237,189921
12637,3018
26174,195402
9545,5739
32284,6149
79615,10683
175,494
907,4500
16550,6270
36819,10028
26333,10614
805,172383
13704,11696
1723,5751
10843,202559
13005,13028
11632,155697
38360,4663
918,996
11900,3927
9016,9736
26774,40931
53198,155539
201,441
35031,161207
14583,209129
18588,9937
12159,5918
59387,209026
13995,9717
1888,4606
13820,15127
938,801
37103,11823
27723,15127
40961,11268
707,159558
80287,188907
13528,14743
1075,2069
18513,9897
1572,14512
5485,185408
11479,5968
11879,208975
16638,6165
1892,10013
31944,5933
24560,8739
10774,2483
9325,236685
28285,169411
48787,10392
20642,3897
11586,179566
554,2820
26352,14964
31641,5739
329,158340
10491,6054
24341,4290
801,4125
28026,203220
28162,11285
14675,15160
8765,4563
54380,187056
18587,2620
24100,10183
220,46958
42522,13017
918,4513
19850,3262
1891,3388
8056,1739
31591,192035
10677,7795
22301,10397
9745,6203
8766,15001
105,206736
8677,2708
41050,11612
9306,9410
1807,1419
21299,13032
9622,4539
43004,207716
14854,780
8981,10183
11827,444
494,2173
943,167308
1075,2203
10349,8802
601,1603
38800,187332
25853,5919
571,172223
41280,3501
29437,206850
104433,582
42448,18035
49409,8201
10856,585
10806,237
21515,12339
5801,2467
47886,293
828,199065
11249,8368
504,570
125945,536
57825,177907
28966,33638
9611,3687
8072,155517
8078,10085
8076,8181
15655,3905
4291,10941
8987,15009
52745,236
39907,33457
499,2506
25166,9826
78256,6001
10047,570
29074,977
2067,9951
45878,10292
3766,6946
40687,6038
978,1956
18892,34130
10314,13130
39074,155440
1956,12392
1815,4942
11644,2380
11130,2505
1051,3391
27841,9401
9584,1721
613,2300
8916,4967
47237,9701
5925,4276
6435,616
20482,155554
33506,1890
1927,179102
99,107
10998,459
27130,428
21193,4344
9482,180172
19053,14819
29715,163188
301,163674
9350,4245
15136,34215
30566,155493
49633,3571
8699,4411
12086,228181
11355,10266
124963,10093
927,1299
11517,155735
8193,380
102304,572
11657,10051
15573,180487
47653,9727
29512,34079
9466,8527
5503,14601
10022,10103
18910,182810
4043,9826
1583,4523
7090,190370
16859,187224
896,2692
42994,9717
11629,3593
833,964
1281,90
36536,2479
30996,184274
5966,169276
8834,2340
24099,1566
45267,924
1618,9823
22490,1197
43739,6783
36439,230915
197,30
11285,1571
11452,171184
62761,4005
11343,41393
32331,9673
451,12670
319,163656
750,351
23160,10873
9325,5650
6970,10453
8327,534
137,563
8428,1701
12774,2483
580,2988
7500,4728
10061,217083
296,2651
9489,182195
19403,15100
287,128
10207,5344
19383,162262
562,818
6016,10183
4024,612
48709,13059
21525,187056
21032,6411
29464,4258
36947,40829
14168,9503
680,11434
8327,202335
136,235599
15802,572
5503,18118
316,596
10771,6350
68440,521
11083,3451
26517,9826
38225,182662
42801,10183
43504,5565
15849,10821
27591,3986
13768,399
15121,10181
2604,1228
24182,8029
11561,200802
82523,3451
20455,10842
10612,1209
530,14544
11005,818
33320,190446
9394,155291
24936,14708
11935,4214
11823,2848
34299,10183
13098,4562
17295,13006
29204,176104
30331,187056
28553,11400
38006,159212
10823,156802
10548,159290
24018,108
16227,190629
1541,279
15371,1454
617,3193
23954,13142
91,3640
11879,167043
10544,10726
11202,1956
10014,225209
36630,128
10159,1721
65448,209476
21060,740
10729,14512
12092,10336
423,2436
41090,10594
15940,14964
116008,11290
29074,156040
22692,33457
10061,840
10567,178645
913,159538
42193,194470
1245,2382
11103,2676
43516,10629
11934,8508
8413,11001
1052,13092
16642,1556
41428,10875
9611,10266
38219,14665
3040,5369
775,8201
10694,15290
16395,189921
14136,169639
74544,1992
12655,3149
38805,193017
9956,1952
29235,10560
34328,11635
4484,824
745,210530
25237,1956
183,167043
784,457
47643,166139
12335,616
9261,10183
31546,3609
49225,911
18111,10124
9445,1308
9644,6149
1607,5343
9062,171282
43795,188028
57976,2957
842,4280
11778,228755
11411,11428
9028,1522
253,3392
47955,7856
11470,1826
19971,2483
15559,156395
700,6587
36349,15351
42814,12193
11702,10718
25495,701
1802,4025
11359,187065
29396,157758
19457,417
8871,1605
13553,14805
11808,6139
16642,154846
43136,612
11657,14536
3784,10738
877,11578
66043,10360
19971,1328
530,15162
9276,233296
49365,9826
2371,242
53157,6149
10692,6259
18172,3616
880,5331
3989,592
47886,1879
13370,33534
31498,234743
25355,10183
9377,179430
765,157459
25473,10022
5844,4005
77936,572
1883,529
30168,886
441,10818
2768,2619
16391,5950
58669,10183
86295,11116
11527,530
31516,4410
994,570
39503,11612
11206,213833
27591,3799
22590,10624
6435,190821
9799,8574
1926,6007
10440,155231
9542,2340
10023,172496
19621,1930
11229,378
9964,157764
15244,13008
11222,2708
17814,12371
10502,6054
935,840
117553,8508
1859,2109
48781,6149
489,1680
121,10364
47263,4344
8356,5918
1281,387
16161,162219
14683,11477
10911,1956
45878,166323
10652,6203
19742,210614
43148,5155
3591,2164
859,2983
468,30
12395,8099
9271,177258
18551,1556
15028,3800
25319,161270
29778,11221
13966,10183
11893,4619
21717,11333
12589,12101
40969,8508
804,4263
27472,178923
30497,11545
8961,156117
10433,5572
5511,2708
10534,2913
5854,1930
880,3371
62825,208289
8422,9673
4587,170554
97,4563
12479,3836
13945,34117
13553,189921
17218,395
1586,11363
11163,5049
623,1786
9386,3088
2438,6555
28774,9738
22328,11931
47724,213
5683,232924
670,7412
2501,818
14412,1326
19326,10640
27098,7476
1714,162988
22307,11532
699,14735
29074,3986
26300,779
1786,10144
11975,10909
9483,4948
4708,254
17185,207658
117553,5609
25189,1992
3079,13031
31962,818
10413,2434
5767,6038
658,3272
4995,158968
9013,7340
12241,10714
11942,33457
34152,10616
20992,13142
35861,157296
11296,2957
8981,494
140207,470
1892,2902
9473,471
43348,1859
951,6149
14551,159743
50474,184995
73,5301
45219,154846
29047,12396
9667,218121
45218,212899
18988,10306
16103,526
11187,10714
7091,9826
75892,734
10163,4003
18205,534
56583,222
8073,7972
3515,570
13715,1419
100975,2483
23111,6027
1997,2960
232,1356
24816,2343
2000,208244
1550,10226
1075,1158
7453,3713
1907,15097
26531,6783
10218,33719
10322,521
25099,14544
18555,6270
17600,12105
636,4565
39428,207981
29140,3030
1394,41410
64802,740
4978,7328
7090,572
10034,428
1694,2635
10859,293
11935,1612
9922,4461
43905,238053
1913,380
24,779
9308,6270
11331,2422
3482,90
27329,4278
603,194063
27271,5572
10941,9854
28658,6092
964,154802
1403,5469
745,516
1678,3799
14873,4809
78146,237
11123,5387
2546,4112
10386,208611
65137,12193
8220,14964
28313,1803
18111,4005
957,5539
9552,198435
21876,13008
25018,9663
1843,187056
10449,33457
594,242
9079,1605
49934,208992
29825,180340
28528,187295
33638,9503
36095,612
37627,3203
9342,387
616,4549
8810,1789
1049,2320
820,170548
9995,1952
9507,1576
2109,167371
10467,4344
19204,210162
11307,5970
88288,14760
13409,15009
2210,9951
167,15106
49477,187056
113,490
9276,231149
11060,6523
9826,1308
681,33626
26517,235173
29778,232083
6280,228638
9559,1562
1573,10808
38880,173259
38953,5331
451,887
9691,591
8012,11578
12100,233
18414,10988
30765,8723
2320,1562
3175,177999
54028,14512
15394,214810
667,3284
12241,18098
105763,2020
49410,170881
43739,2705
617,1664
4011,10809
1637,258
1497,14512
14676,158175
12664,15114
8913,157488
9282,2016
11285,163481
763,157444
15482,160612
617,34094
644,936
49397,155291
8358,9957
14390,14819
9416,378
8974,1826
38874,2792
16938,9826
42701,18034
42469,10183
23941,14964
5486,10714
53150,10183
27104,4652
31397,195394
23160,3762
76,815
5143,14534
5548,163081
37232,33499
1578,11925
480,10540
12722,6711
2923,9937
44925,4129
422,2467
35122,3190
23160,11117
306,15124
16198,10041
10015,11399
65796,190970
11293,3739
19738,189093
759,90
12129,208361
981,1003
24749,10983
10342,3501
26326,155614
55018,9950
4485,90
49565,180549
12140,9685
15370,9725
41653,516
11876,1649
12627,5375
10711,33699
11861,164039
11071,1815
978,1529
18423,1946
12590,13065
19176,155291
58997,41230
8689,14895
9476,14765
25103,163055
20701,214544
26942,187056
4483,5565
37662,5339
35669,3133
20850,1968
44736,5895
11368,15127
47108,394
24012,212
36843,10637
1630,3441
11412,10685
31767,9701
18331,9673
8440,983
134,727
306,155582
47620,378
14292,169214
9277,167431
12705,2857
36606,166297
45042,18321
26,376
9261,494
4043,2983
96255,1968
616,3073
10212,3713
9599,9639
24739,162914
2576,18035
25189,13027
39871,13008
14709,1556
24929,10327
404,2026
10856,642
28658,156028
39907,157273
58129,3284
21323,10183
9748,3746
15394,10594
11428,160131
14839,1010
831,1852
10320,177185
10154,1459
5967,9457
9433,3800
36095,168857
10683,570
19974,195402
13553,11532
41843,208710
11598,10582
1719,822
16235,161261
23601,10183
41852,200690
32074,1562
2924,6259
1376,2671
13539,830
9583,10965
35068,161240
44800,395
92663,209126
289,6091
346,1462
23730,14895
10144,5600
4722,14909
6878,6054
28055,11039
22201,6165
4147,175007
18,11290
2297,14522
21159,183214
452,2420
790,530
15037,567
24065,13130
11934,242
1573,822
42401,6623
10452,10089
16980,572
20980,2671
56715,12026
25431,10909
954,90
797,11221
10479,10909
11132,187056
11609,6956
12205,178364
110643,217325
29204,33475
3177,9663
42617,160912
11123,2301
36094,9673
36210,1262
32450,157768
522,173594
18,6163
28580,161043
861,839
37853,3588
9350,8624
13698,211277
18551,9826
21868,207317
49584,1326
29154,9672
9373,9713
20737,158387
33016,4129
1371,4487
9306,225523
21512,4458
10859,1879
11000,201554
1597,4604
32546,160963
44772,572
10973,3713
8922,1583
12229,10712
32499,228208
27973,14850
2163,9758
16220,603
9616,172772
31591,708
41043,33632
3086,1585
2668,3963
11868,33505
17685,229591
18889,187056
753,10183
745,9457
41768,207819
11221,5721
10934,187056
14638,2792
2075,15127
27932,818
16934,9672
39891,4252
15875,234849
48992,187056
346,5329
15764,1631
2771,5565
59146,3582
60855,18035
24008,14752
5255,6150
9531,3861
37712,9887
12793,187056
627,230607
16993,6075
26290,10183
1373,3648
26243,2781
205,9826
24197,5165
26,1933
33642,14735
2193,157799
9360,5968
1370,10328
1585,1415
655,209966
924,1583
11000,237
31225,208340
4639,13028
16539,5165
9540,910
10855,293
27223,163795
540,158750
36447,4129
17887,14512
118,985
34152,577
14462,33483
49410,6129
828,12999
26648,6373
18398,168867
71189,18396
13559,9699
106,15248
42172,7909
32332,9673
573,570
8440,796
218,162484
9426,156810
10490,10707
9059,2974
197,6987
914,2606
475,502
36647,9823
9535,15106
813,1757
35185,158020
8288,13005
310,305
395,6049
39503,1252
259557,4551
15259,898
4995,445
9889,214664
15283,4375
1371,10232
25269,7094
56077,10183
12100,9524
35337,187056
553,6054
935,3312
11657,10726
11615,4434
9688,9713
890,14765
8221,2483
11430,409
9466,184989
7303,220314
29987,10938
9566,178379
5000,2226
14190,8029
11586,161261
567,1003
9686,156174
9059,15001
11916,33625
664,2214
10651,6844
24749,162342
66,840
22500,14544
29584,478
10296,15237
11456,217324
10135,1605
10675,1157
12596,5440
30666,33780
9824,10267
2436,1852
10410,1474
8989,170014
31941,3713
11337,8608
35227,6148
476,2671
7442,9937
20759,193208
526,345
17745,3202
31657,9673
10801,4481
32030,279
27455,11485
265,220
91893,208278
617,351
14638,9826
14621,206512
704,11148
41280,472
26912,9831
31701,11724
11035,33625
139,213
21035,173245
21512,9748
9336,40957
13321,1422
702,2320
14554,160224
27088,13130
25627,548
1933,3358
25690,208591
12276,478
9739,14819
31510,185013
11839,1938
687,3447
10676,34079
1634,2438
21189,186777
29193,3338
273,1388
40739,2349
306,1568
604,2812
8010,388
37636,3658
51352,10360
9602,3071
34376,15479
8696,2863
36446,293
21513,1293
17102,3098
10480,14819
47260,13017
17132,6083
25893,157768
16351,5733
786,10505
16859,1642
66194,11541
42469,1299
53150,1299
2176,9937
11857,2065
8849,7476
10540,4627
9555,158217
9319,12670
34282,193228
9403,1412
17467,34079
36536,196579
22597,4037
39177,437
25319,41406
13122,165439
9659,9276
36536,177331
11284,14751
9980,1420
605,1701
430,13149
9725,193575
125520,3182
9529,161722
65,899
10925,234040
9739,4565
16889,6876
32646,235411
3035,157741
23069,15162
1626,549
2749,1591
11210,203102
36222,175042
13153,11199
36093,983
38203,10955
1548,18005
4816,156153
985,2147
850,170487
28893,172136
39867,586
18444,2005
9654,3713
10739,202401
10133,162988
31948,14785
11210,155746
11335,4769
9086,1666
10443,33720
11937,10148
74689,3356
6593,803
42728,34117
83,5250
15300,174252
11985,128
11300,167043
33319,233
11176,155351
2661,155488
12635,164705
21484,34094
30636,4129
11660,642
11564,2176
1879,12997
2140,14964
9798,521
9493,168216
33519,156075
1073,9826
10128,8015
10280,10541
5693,494
161080,168929
9387,1394
10162,3864
48451,10183
22727,15127
7443,6089
10228,11451
26725,155619
1946,3490
100,15396
168,83
22289,158558
22318,596
12610,6681
3132,2348
21989,293
10518,12105
1788,733
35645,10809
679,803
10015,2999
5001,2137
47886,10714
31923,10183
1654,3269
10162,4214
31676,207156
698,12391
1634,6089
39907,34079
31593,207268
782,1332
596,592
33839,4498
12628,2987
4967,161207
10563,188843
10784,10556
14022,5879
44772,1003
337,9844
38874,3036
4909,2052
2115,10163
9584,155499
20127,15086
3010,208591
10587,772
842,3800
8195,159679
49680,536
11864,161265
9573,1922
31378,155198
36136,14819
10537,4436
10882,10466
1483,5919
11826,15009
11050,183896
333,187056
1911,5939
10879,5440
2897,1293
26766,155241
280,14819
17949,2041
90,12670
914,2903
13817,237
982,840
333,18035
13820,9951
36210,14659
306,163047
10988,3152
13497,171263
32030,4414
4935,7397
88,1342
11472,13149
8741,11823
20532,10183
26230,207679
128,11004
11397,240
9294,879
29887,13097
1368,11004
25473,5570
66194,616
17689,33457
11300,10183
43978,187056
16388,10183
2593,4232
96167,12105
15271,234668
890,725
1415,10200
51878,1562
213,470
43028,33458
1555,9457
10307,716
714,164713
22178,15272
27814,156827
657,3281
41730,192705
11676,15291
34288,5679
12652,4193
16427,33586
4543,161817
6183,159313
527,941
161795,9673
627,10123
28501,3098
11131,13142
955,591
32499,12396
6280,6007
23333,5565
492,566
10995,4127
923,6951
3870,1755
17113,2412
15943,33518
8422,549
17409,185461
1802,4029
10015,18543
11574,5657
2017,207268
5001,4849
36136,9826
943,155716
483,2411
2118,11314
823,174375
586,591
22910,3070
9104,572
9486,1701
22345,1009
650,12670
30177,12987
462,9672
10547,162466
21253,1704
964,2992
36586,3625
69850,958
1374,6067
5470,10183
2246,2587
10710,931
41280,5091
17281,164663
4147,18712
10013,4379
37636,572
9486,2051
9458,1651
15802,2483
281,1595
2897,622
3079,166862
253,2591
26268,208117
29715,534
9702,183637
47957,293
14670,5565
11475,3658
816,179431
15209,2398
39282,11322
42017,212
742,2383
2900,1157
21159,3133
10925,157234
924,4376
41003,9673
5822,1667
63945,910
41653,9888
343,894
15477,10183
686,3417
934,924
21484,6149
565,2673
23719,15363
10636,2201
873,1156
41516,4720
19848,7089
9719,171582
754,187844
714,3531
29911,2710
45827,178402
37136,4308
19050,6075
1092,1505
48129,210386
678,180172
790,3002
26850,155790
10176,258
2760,9840
9374,9823
3112,155437
32303,8029
918,10909
4232,10714
36586,10525
23160,10235
8810,15162
10911,223009
476,155453
34996,11221
1685,14759
11684,824
11026,11083
11387,8029
40430,10340
34303,5970
15037,4328
5854,161506
20638,2492
36947,181104
42617,189398
13343,3358
26635,11578
15875,210018
23752,10183
42466,207775
23160,14557
553,1842
47237,161198
339,171054
4254,4344
1824,563
192,351
11212,160488
21451,470
31681,6610
48677,10092
42114,9276
9909,10508
9582,6256
1374,5396
11886,10468
3040,186450
11313,157955
11568,6231
1371,1482
15239,15000
47237,5948
30707,10232
628,3143
49320,1956
18183,715
43307,9957
36807,3616
10336,2095
8386,166734
11234,4565
177,3600
12489,740
627,2231
507,160488
11575,9253
464,7879
32690,157337
9448,5413
17795,169028
11210,6054
11970,179430
916,11612
11162,13072
11397,10791
26560,736
70842,1411
424,1382
872,164636
11811,9409
54979,9957
29425,1865
17169,15149
3028,156033
47676,10332
9619,164658
7453,10349
38867,34094
500,170313
31642,15162
13997,169079
23805,156295
31667,9016
10923,1373
2749,9727
1368,3246
2786,47079
488,2520
9446,242
345,459
49096,802
26843,1956
1791,456
36843,15016
13372,6324
14429,163933
16958,155508
13685,380
12606,187056
12500,5600
13519,4458
152426,197365
467,14751
47959,6706
15271,10183
20697,5970
23954,199029
547,2751
9325,958
15765,164409
9278,4978
36741,12389
11023,176780
11286,196402
156,3737
26491,11162
9333,1556
11397,9986
15919,11590
10619,478
32569,10183
12257,3725
5121,4725
46918,191720
532,182287
4935,2217
16635,917
34636,3096
625,1003
859,6049
12634,8627
12597,3030
63,162801
49471,992
2778,6464
17057,202760
14736,6075
9674,15127
34614,10685
9846,3607
11713,9812
2210,4344
565,2136
22682,3096
9584,3713
2107,2221
266,15160
11129,572
954,3530
11667,1562
11970,2033
15947,158402
8592,853
1654,1956
14881,163678
16072,166464
39868,6104
42617,11196
1933,210530
508,2562
25538,4480
18030,155727
9401,931
8698,191409
11444,10226
10310,3836
640,18525
11826,514
35371,390
4923,4565
1624,3725
11316,502
10435,207716
452,1672
11041,10988
11004,15162
36536,12392
32030,1812
8413,14819
8439,100
11667,407
10978,1192
49397,2944
48781,207767
838,3800
4911,3607
55146,9950
40446,188552
3782,233
28893,163386
23330,33600
32302,9823
36222,10103
43889,8009
41070,2349
11360,291
9631,6125
16248,3899
12806,12392
1554,1721
3934,3305
10216,235513
989,2349
842,1332
8467,167598
2160,2210
10222,9748
170767,187844
4965,803
17711,6513
53244,2793
32014,167043
73247,14544
10824,12339
65332,549
436,2174
12664,5319
28448,8636
1052,15166
10243,7041
1362,2343
35696,6496
4477,949
23943,170827
28415,1794
1786,2606
241,2754
94996,237
24748,1019
56934,437
5549,679
10714,8775
38560,9826
2185,177341
30943,5202
33343,33505
11401,2570
9397,177271
48035,10183
43341,3801
170767,514
576,6054
201,502
8408,10478
9486,11931
26976,217409
43492,10508
14776,10183
11955,3203
880,2383
23567,9799
21032,15169
12719,1812
393,5600
23730,158927
37636,1003
35685,596
2897,3497
527,567
12772,1332
54973,10183
2371,4060
17612,2983
16225,3801
27932,10808
15417,1495
18801,10224
576,10726
72412,1321
18274,351
33257,10181
11826,6259
6075,3398
10754,378
1415,5638
10212,10349
11942,2483
11071,18034
43805,208123
9623,33519
7090,2483
49314,10644
26618,1812
26454,9799
61988,12070
53150,162538
27725,642
4639,387
36196,8508
11427,10092
28774,3623
16296,3199
10424,15090
1621,7597
11569,8377
5503,3440
33253,2231
42618,165317
31439,478
439,893
1281,822
9434,3045
895,570
319,494
40064,6158
40913,9826
11017,187056
3767,6949
21711,6078
13820,4934
14,1862
5470,1299
4762,2349
9531,9663
8077,178652
10871,13008
12143,14512
942,167331
13,10624
116690,231044
26814,156028
755,3133
11521,14760
47542,215773
1654,14601
3529,155457
40096,10267
10776,14773
87774,5301
249358,177927
10692,10561
8067,1336
9980,4376
24010,155291
23194,160522
11016,163526
879,4332
38171,5565
10916,9882
8223,170125
8438,211082
8867,9748
1924,34154
1088,187056
40478,155539
842,2300
124963,2449
26182,4344
9616,3271
1713,242
46688,2532
41578,10183
2109,179431
75963,14762
4147,175011
9424,6270
561,156174
2769,1956
226,210039
1791,203493
8831,10568
110643,187343
37426,10125
13899,160246
1405,208262
64568,5905
47796,10183
11915,6385
408,1412
22004,213764
47643,10198
6643,10322
29715,4616
3870,34079
10112,977
17707,163119
14506,6091
11121,201725
929,161791
10710,15162
9524,4344
42245,173272
11478,171083
531,15009
14832,966
37835,2956
42218,1852
16420,9713
3055,4344
8392,210024
9659,473
1701,502
6499,10864
11362,2695
44373,798
11526,10685
47449,6103
12611,177398
29794,9663
12501,155291
22102,3593
14794,220770
9654,387
11167,233450
90715,163540
16378,4344
12475,2470
1567,9622
118075,158534
75552,207928
29572,279
10803,2483
30194,207794
9382,167043
36536,191509
11902,7991
32166,9937
1374,3278
19086,3269
29049,10864
48385,156257
27932,822
1162,18015
42218,179867
5852,15090
201,161176
101,2356
15121,165492
9509,2913
42848,1416
14537,207941
43391,4289
710,3561
9474,1701
775,10222
253,3185
10424,1721
11524,1874
36372,33702
8839,6152
1843,5288
11876,4849
714,392
39891,5545
4488,13088
27094,33731
25133,6737
759,33626
9411,6259
29263,3096
11897,10322
15139,4414
6312,10410
48482,15009
5425,2483
9350,10051
577,208477
14291,316
16888,2135
992,181472
846,2908
43089,10714
12142,9854
34288,11668
20213,154802
6619,157096
539,2669
10934,10818
117553,162262
28285,212803
10934,1958
10925,12377
307,1805
2160,33782
10098,9253
44490,10183
9357,231641
36245,570
82101,4320
21028,2139
1412,4434
16417,163223
8469,160450
11465,164813
23160,1969
15244,2652
183,5304
40876,10183
2118,33518
12590,46951
39940,2406
1882,13005
26167,9748
11422,13065
29224,11949
11379,6257
39770,2483
19053,572
13005,6165
10264,9826
8095,5049
29587,201820
11427,3623
5558,236316
4191,9016
16980,2483
12500,13065
11986,6846
31965,2871
43368,156228
31592,193110
954,2001
11638,208764
409,1956
10424,18420
67772,187844
941,12670
16225,40850
10690,3386
9395,2956
27958,237
22383,18034
10098,14864
17795,840
10643,161791
912,4617
25155,4129
403,577
9540,40244
41938,10909
1772,160910
51363,924
20213,174534
466,184989
11235,1842
52633,13059
464,6029
8961,13142
146,14604
10651,1721
38554,10594
681,174519
32458,5509
4296,156866
10863,1956
875,549
31701,11728
35032,12988
5155,1655
44772,2483
816,4506
19267,779
306,6110
17692,15098
77360,13059
34683,10911
9826,8643
1779,156338
11556,160488
39871,477
10494,210024
62000,1415
10802,4378
16090,9016
26933,158718
33521,3633
8816,1192
8536,163455
10167,8627
9598,206052
102,9844
593,14626
8656,3337
29723,158675
9781,970
36677,162988
11542,162345
682,392
36194,818
10544,6144
1682,210621
10344,9663
18910,6092
43522,974
502,2532
19728,2504
49096,162846
9737,12371
22279,206032
19101,14636
31941,818
12088,10685
102,1334
8981,9736
14506,187302
47620,9673
20481,1299
2028,392
10922,577
8337,15211
37141,2604
31835,5552
8690,212406
22797,4931
36669,3290
549,1803
30876,255
42146,10707
6068,191088
851,4263
15697,11700
400,6054
1573,33553
49565,5331
441,158558
34794,3136
26300,217083
266,128
14797,181213
12770,6095
9769,2087
11855,5490
25237,168839
77771,6544
9776,577
11932,4944
37601,161257
9772,7188
714,3588
12092,1566
2761,9937
24584,10181
13667,1339
32027,9935
6520,177128
12544,240
35848,15009
36630,1157
17130,181109
4816,156157
48211,5565
11033,6093
3777,197283
11649,4769
11452,171192
23728,470
8078,158256
13785,1245
20024,14765
3043,1299
1701,14570
5247,9826
15371,389
2058,14602
30876,2483
25381,34139
11176,155355
197,388
9357,1545
4599,7024
28501,191103
43345,1402
10882,10336
10451,13043
20616,11612
9493,168220
45609,184950
11703,13006
9716,33556
763,2658
857,162365
563,2900
11870,776
10705,1701
11030,214548
9896,33626
8838,782
14551,9897
877,4552
81540,187056
19542,10551
34683,11529
9061,570
11196,2598
10385,13056
703,3485
294,1197
37616,642
28476,158141
9905,9937
19348,6075
55177,212
2637,3298
4762,2109
30892,2884
12704,9767
28966,90
12310,14577
439,1003
11863,550
348,1825
25719,212
12684,3562
14839,15111
11083,9070
36955,167466
622,3097
36489,11034
10180,107
469,2357
9972,5643
6961,156731
110598,157141
11523,4623
23160,14748
11259,2619
34152,1228
137,10854
253,3266
79615,10183
9064,3182
24197,2217
42193,165431
9065,930
68440,74
15128,6078
234,183931
679,3385
88,1346
3784,9673
40364,14765
36349,9748
10179,3386
24100,3133
19666,180999
31962,74
140,776
18620,187056
8072,9887
78146,1453
10304,4302
9445,9826
10895,10336
488,1422
38939,4978
29030,156081
247,5809
1405,12987
10377,378
11824,4769
51230,14512
187,175600
32613,13031
26044,12547
16806,11578
335,1647
8333,3051
9092,46951
623,159809
10648,5340
26124,160488
830,1280
41730,192709
47947,168622
12476,3722
20472,4507
11808,10685
11236,12663
2067,1612
37722,10093
8699,179430
10161,10818
2383,14652
2307,15233
13698,730
12236,6523
31633,9824
262,1936
34093,9673
897,4471
8068,14707
12626,2248
19,2346
5998,15106
790,14765
15592,160246
1093,2583
1643,4480
1433,258
55912,1595
11442,1155
38006,11220
1499,4379
15592,157213
11157,10818
37094,12670
5729,2974
27431,207556
35796,572
601,3197
1577,41645
12560,802
35073,11034
27665,9937
9255,8421
476,1228
1882,1543
41768,207583
84116,10683
27793,334
11224,818
18317,189359
47957,5774
6951,168889
10534,167836
9409,41158
23114,193460
12584,818
11846,4532
875,3074
9507,14819
64568,12565
11804,3769
11915,3246
2907,162810
1970,907
10995,293
1788,6027
27150,797
1672,90
975,34117
11934,4812
3063,162752
27277,155291
70687,3183
26477,187056
12491,642
505,30
9719,171586
24016,34094
21512,10183
1857,234249
10330,2281
253,851
14778,818
9459,6579
65749,733
57283,5545
1715,163853
74544,8095
9428,155294
11336,10629
11551,13065
92381,12532
11247,13130
8859,33885
211,292
26378,1859
33676,534
146599,10235
54405,10183
105,206720
11162,110
10722,11019
23160,215073
5503,10718
11678,8624
17909,7991
9797,6091
641,33625
14,8201
49872,41584
646,4289
36040,255
817,977
11121,12545
869,2020
922,222114
29778,11579
11881,10909
2320,10617
2758,6317
7453,177146
42986,33479
311,1632
28295,9826
12776,5090
61178,10562
12149,10886
42713,10508
49799,6782
2288,13072
562,33553
509,1605
13055,572
2142,1812
23194,10322
34053,6075
9507,9826
10590,9672
2107,156052
2608,219901
9667,199686
19,2964
29095,211635
11093,6095
53151,11061
557,156075
944,167377
10869,179286
42807,177703
1555,14751
41280,11190
10354,2122
8286,1157
34683,11826
12597,8377
15417,397
845,8562
18190,572
32502,2820
1701,18034
1277,1421
10606,13072
29095,235205
11859,5430
11033,108
4970,14784
10112,6027
9438,4794
20770,10183
10394,378
8916,225061
9406,223059
4476,818
88224,642
593,3298
60285,163127
2160,8012
54007,9715
63945,222797
17258,9094
12775,179870
2487,230462
1945,5774
22323,1419
39578,162846
490,209837
1959,1209
704,1463
20318,2652
2124,387
541,1416
58902,204404
37036,13142
32872,13028
4951,11870
47957,10714
199,1436
42040,172792
6478,164657
13685,10183
11419,6433
547,2755
37636,2483
624,1411
18698,10835
4988,579
20337,3692
250,2483
5122,2496
9424,14837
7131,156491
21185,9677
38849,10685
9423,156075
24182,193115
15849,234753
46992,3658
9702,10700
11702,15211
3063,1704
70971,704
1926,172971
842,3296
11667,10076
260,9826
646,585
47595,187056
18885,9713
21779,179430
1939,5340
17494,176182
6472,41180
9644,11931
36133,612
33278,14544
166680,1442
51802,13017
27723,8508
7299,5737
52772,10235
45139,199903
9989,160246
31383,12377
29047,2150
2118,10326
8592,9717
211,1849
11844,3230
14390,572
547,18165
33518,41413
60645,12192
15394,4373
11384,1284
10330,1155
37165,2147
124821,6271
9460,203423
26451,6149
12238,14676
4543,3485
47697,10188
20283,186360
40423,6027
39043,161257
46785,33648
24746,10183
938,167875
75555,2863
93462,8201
11313,18253
2038,3800
17889,4344
11158,18035
11371,159433
9611,13149
17136,5918
26689,10714
34794,213
2191,839
38,204374
11023,158020
6282,4344
9460,817
11773,818
12238,3133
11879,3133
22682,12094
41059,18187
22842,10183
812,4344
1970,9714
117553,3202
6552,178256
13950,158304
38874,572
14662,163047
710,3268
11590,1415
16072,6091
5608,204241
1816,33681
15849,223344
595,1412
10585,1419
52367,33482
10514,156810
14425,171704
22527,156938
39930,11260
13372,6007
3681,3486
10072,170383
11595,168590
41280,13097
28789,4344
12628,1812
41784,3593
10585,14601
2928,187056
13466,6394
28165,9715
15136,13125
11622,4917
253,798
84116,9825
10653,2587
4415,769
648,3258
9397,177275
18551,572
10235,189885
1694,157572
4593,12997
13201,10726
9276,6270
1847,207268
961,13008
8981,187056
924,2583
43390,3875
45220,1919
23949,9713
10710,10226
9459,460
10830,10873
12559,833
12230,15162
963,185525
36355,630
11235,1415
982,2109
17465,8338
17898,12564
9401,14601
84214,7464
26889,577
1040,4052
303,699
36998,10267
11185,3581
8068,10950
18841,4862
27932,10812
14292,6483
16249,616
33245,34079
9798,769
9401,2708
15247,155762
754,10614
6187,187056
40694,237
979,9673
24909,182268
9802,18233
18573,6317
23847,9937
135473,1721
11427,5774
26300,6211
7303,13097
9692,1591
28410,13130
36630,596
61369,440
10178,167843
30994,4470
11816,10707
1957,5927
15319,155198
10514,6016
18449,10322
28031,738
4973,966
9636,15127
24731,4948
3132,502
26912,2187
18192,207197
12143,745
31908,782
30194,10051
89571,160177
50850,15149
38880,3575
4507,1157
18975,14536
1682,233
18220,1523
7214,10508
11137,1308
3033,3737
14035,161132
867,5824
10127,9951
32087,4595
19,234109
467,931
37431,18525
9273,5155
10896,13063
104,1545
4296,10183
11257,5091
2163,1927
1630,33785
11522,14534
22317,952
21159,162685
9394,1582
12498,170652
11429,428
42758,10726
17813,10941
19974,188994
11442,10714
15618,4458
10985,851
29748,3633
760,242
27084,190370
10434,5768
13969,170682
42837,4344
1092,4518
31516,196396
37025,3071
6499,155030
762,1400
21052,15009
2593,9957
39907,190061
11228,173272
11596,6562
9964,157748
10537,496
862,170722
16664,6027
10906,494
676,3203
60645,4434
84087,1556
2616,170083
10619,779
604,6256
15417,828
17205,6895
18172,3734
9665,179585
31695,934
41653,15129
21168,3307
10663,6075
4421,10850
28501,235349
19490,195623
1842,11220
627,572
784,10508
18462,10150
11858,422
44373,5340
10169,169117
23730,41267
27503,291
32325,187056
10212,13065
11571,166958
11229,5034
39256,159099
34299,187056
25858,13142
828,202647
15992,9937
17612,572
1719,5852
47364,9882
11446,12663
8769,169656
7007,703
74395,6149
45572,158540
430,378
37141,567
513,9833
37797,1731
73621,10267
82432,1156
8996,2349
5493,14819
49584,5656
23518,1402
43390,207583
124642,187056
34376,18118
3525,14512
5548,12190
11814,13130
3509,202551
11886,2527
72308,1956
41938,3879
18771,3365
9591,41591
43105,4551
10002,2072
69321,9937
949,3713
11001,15090
13153,18026
174,503
30707,161274
24405,18128
17074,9537
15394,3515
8913,187056
10014,179878
3115,6737
527,10183
18904,4480
1628,596
11770,9390
1049,531
32076,156593
1811,33648
11397,167310
27088,14964
279,4048
12576,6093
9322,41336
10710,155624
43889,238219
9490,6129
668,3371
10531,9748
41651,2604
9466,155816
11120,6088
8953,9350
40478,6038
10607,9755
4584,818
557,6062
1642,1332
47108,9075
45379,11931
482,10601
32847,15106
7451,234505
992,181476
9267,10988
9610,6333
18357,4507
22596,154802
11016,1543
34530,13065
414,11268
34530,233
54715,9880
837,3586
201,803
2163,10250
24584,1862
1126,2065
492,2587
25636,187056
10428,2483
9264,187056
821,3061
60760,155440
24795,1480
9308,12670
10480,168654
20009,160192
10880,539
13,166980
11532,215162
38909,8029
25955,3430
66634,1416
291731,15249
44326,228402
42114,15001
33468,10124
29473,10601
12761,697
16363,13424
37550,6091
77514,2708
11827,10471
9691,441
843,779
69014,212793
44925,2340
39907,157444
568,1196
11374,3972
10545,9995
14464,3713
93313,156019
10391,15001
20,3737
709,1308
7227,10617
948,293
11879,187056
38203,7312
9279,1441
72277,14527
11688,2280
9056,779
24739,1419
36758,6054
10611,928
97,6104
10560,207010
12100,4405
14337,10183
27030,11061
45225,6054
39867,13158
11953,2280
58669,187056
18274,158130
6069,41393
9716,156112
301,156197
11448,5885
244,188294
13950,11190
549,10183
41848,194834
24739,14601
54287,10183
42688,33501
1649,4116
11314,197052
44925,10984
146,4809
11851,582
29743,10929
16619,447
9651,156525
27511,154802
3482,2652
2160,174244
48213,4446
1924,736
9285,167749
18220,187056
681,174523
10996,2646
994,9950
30707,2320
31701,11732
13891,193013
33364,10481
19545,7671
28448,1850
42750,4108
15417,14762
18250,9663
10944,187056
981,208720
14709,33352
20481,177895
12123,10410
6106,5299
667,3268
9797,10202
33343,167043
16780,17973
161495,1421
2088,6220
6187,3190
288173,187056
59387,163455
47898,207447
11190,46954
12531,9673
8067,14819
57283,40931
36355,13088
10729,159707
2028,155646
483,378
80713,172742
318,6255
9610,3568
66597,9824
79319,570
1277,1799
25905,1739
19128,2887
9473,8778
36536,156802
3062,276
74544,155697
32015,156378
17744,180178
22016,5933
12104,2340
45522,3098
9739,226777
10684,2952
9482,203165
10471,9748
43466,154846
83,3030
771,169850
146,5293
52796,186265
11259,2355
224,30
72613,161000
11299,3335
8765,282
13950,169152
11838,172992
11419,395
6264,1938
1550,9673
11415,3358
15239,2095
10592,14519
31220,1992
10881,6110
1580,3152
172198,187056
14908,911
24961,4232
667,1308
28975,1415
28200,1326
45044,187056
12516,188351
20213,7879
38223,2341
16225,34117
11662,312
9619,4663
12239,3278
1619,18034
18172,173186
12635,164713
21355,2752
2671,232281
37607,11103
1879,13005
3309,966
35119,4725
16769,164736
23942,162706
28679,570
16198,10159
20278,409
15559,6016
22356,188901
19053,2483
507,14964
8067,9826
2319,4237
839,9844
22130,14819
11893,5034
1050,4183
23592,1956
11529,2751
26789,7002
33343,10183
30175,164698
1712,1811
16235,10183
25641,8438
11378,167043
1619,75
92348,10073
48750,10909
31978,10198
10401,254
35638,10073
6116,637
90,172466
19666,171070
2666,4565
5255,207317
19762,10183
10734,9777
25133,272
38191,18305
18279,7464
402,3501
1551,187676
40775,187321
12488,5600
22094,14955
26258,5739
1630,5653
11834,8949
10671,200201
25768,196682
10568,7956
17994,10111
41463,155402
9327,179431
4762,4557
7131,4197
240,11221
2103,9872
9557,7984
41857,9503
11060,1998
21882,156121
29264,5333
43226,12405
34376,41180
26877,157202
1966,1200
274,33872
548,570
19426,6095
604,2849
222,558
93,934
711,3551
670,33841
42617,974
10652,188955
696,11869
22414,12396
18892,3030
2021,1009
586,2559
95,843
42618,10181
3782,965
2277,6089
6069,616
11894,5600
25884,18525
9384,167715
26,10293
28292,3588
41516,3521
145,181011
73135,888
12717,5565
14696,1462
211,1772
10034,10508
11076,15174
1648,9682
84298,8803
2371,33705
269,3737
12090,1295
18250,9826
10162,10183
22478,176793
9308,10873
136,163075
2000,4414
15136,157210
12527,701
42994,13141
22998,1956
11197,14819
43889,3614
995,3256
8491,5812
334,1252
4978,977
26198,14825
1213,4951
13122,1366
5608,5746
156,2643
303,9937
841,1299
9731,11612
36599,176182
9884,1812
244,911
38006,486
108553,6149
25473,10250
2105,10683
124963,157008
11609,658
11804,160178
1411,12654
37233,162813
2034,12670
42254,3473
1649,161891
1701,156805
9433,10468
29343,1583
8738,3365
84116,9748
26712,156902
31923,10809
554,6057
12698,6091
833,10938
468,2352
11051,3035
10493,2587
327,12670
27958,6149
43875,7537
47643,200220
10610,2650
136,604
47452,1523
10754,10909
6183,190007
21736,160177
11535,554
4507,596
53779,9713
3595,9937
879,2486
702,531
31593,9826
70709,417
1957,828
10548,2792
13785,11800
35144,198912
35651,10454
15096,162365
28974,165282
9447,2206
31507,5728
10484,155294
19931,818
850,5609
1375,5397
22307,6149
54860,188907
3133,185456
32037,188959
3080,33493
20312,33465
1842,208943
12477,1899
23916,549
13698,279
14573,2217
20544,157959
5001,10818
1698,163128
9671,1463
4377,516
3083,417
31598,796
11463,10168
9956,3737
12095,15363
29074,156081
554,2808
65501,1415
37498,181385
10401,3450
37258,2673
27197,197915
10564,8650
343,1252
105,951
866,238241
11368,4320
871,14626
52841,10818
1359,174089
39927,549
1373,4116
9759,974
24066,11524
10205,9826
26578,470
127,2605
165,226371
4437,14626
1583,2149
25796,4317
820,4170
8367,392
9424,236
4997,14964
12106,9930
9078,10982
212,13028
914,8201
12775,570
9740,179430
20289,2340
11816,5153
17664,163188
24382,11728
3080,7024
31361,11332
18712,161244
16619,9872
42149,166862
16219,11221
23668,15321
476,2655
594,2080
11773,5331
36210,10508
12779,2580
18923,158718
36288,828
1843,3658
150523,191051
9268,10202
21484,161891
10009,11157
668,2676
78208,6564
583,836
11596,11612
21989,6075
11884,234894
2055,6174
1050,4480
29723,4210
9277,232222
42848,34094
163549,13006
33155,9831
29235,3030
8077,11436
29455,6150
944,167381
9541,5600
11772,13014
32574,160035
32302,206692
13969,11033
14135,428
9589,13059
10733,3776
30346,191331
17589,392
11684,9826
19974,4620
5920,1335
7095,6017
17801,3136
643,41599
690,254
154,5219
47890,10183
9453,190370
21041,201272
10674,7376
13580,33456
2210,246
14369,3522
18300,9799
9268,191600
24266,155346
26156,14751
1162,5565
28100,197808
393,6145
11583,159872
35796,2483
11933,824
11878,155198
20246,6981
9705,14819
16235,9675
26602,6075
22797,2467
12684,14601
3600,10776
10328,207107
121703,160336
423,2156
12490,3246
24197,2518
37088,9693
348,9831
297,2407
39844,10183
24182,193119
45695,10183
31995,236548
1578,931
35813,5155
3079,15032
11065,572
31703,12339
2054,158558
26203,164092
3780,3658
121,606
43739,2799
3591,192918
7975,212
11123,3521
2024,10364
10538,4245
4973,1157
10239,4129
42245,2673
10722,903
41828,10183
40374,966
12618,175421
18168,2389
1924,156230
23160,221172
26290,187056
29787,168069
50435,190370
20075,176533
13818,736
863,3246
10117,219404
71881,14819
568,10084
2895,931
939,733
20723,1562
12715,13065
6414,7635
32458,8201
11027,9714
8346,1463
14815,5648
10213,534
112,792
10155,5091
995,1459
24106,225961
9493,168200
53779,205850
9517,13072
137,901
15785,4565
75,464
508,2570
34615,3644
8834,1523
843,1157
13995,4391
40913,234803
1634,1751
6917,10121
23730,10183
910,155790
3418,6007
36434,8070
36349,10183
35685,2564
4025,2309
12661,2587
12762,2679
37088,378
28774,3363
11595,378
3396,6747
36759,11697
63,14675
2760,212
336,642
14664,1416
692,206977
16146,162334
9378,14999
2891,2658
128,1994
23567,9673
11319,158027
597,3799
27452,3406
1088,6337
764,4013
32872,161545
26626,3687
86483,10562
10987,199526
26326,11196
617,3181
2039,3452
42402,221091
576,801
44695,6951
803,564
52122,9755
14370,156811
46625,9826
31642,2956
634,10909
1483,209798
26811,178259
261246,212
2094,578
11983,9937
11847,642
30996,190007
2005,10229
28614,9937
45878,158927
1277,9748
17820,10131
18190,2483
31465,208674
9989,2101
18205,41515
12146,1508
433,1155
1927,2766
660,155334
13,162365
2300,6496
17731,7344
16938,207317
11351,4978
7506,1936
8441,1161
30547,2792
10712,10180
10972,215163
8584,10322
949,156121
96255,907
59210,14720
45862,171411
30996,3616
122677,12377
61337,8201
1091,4862
10530,10322
10872,2374
21242,14574
38985,181321
25018,34079
26973,1003
608,9951
85926,1326
10606,4379
132641,4183
8446,242
13891,934
252,10508
27150,293
27632,3133
29450,158741
8080,10714
3090,162726
638,3305
11475,163080
16620,4344
500,2052
11081,221412
6947,233027
542,13149
25538,13027
50073,236287
11562,180415
14347,171341
51230,163110
26774,161271
8764,5319
31592,234111
602,14643
9451,931
9033,345
16129,6104
5071,2369
9367,33649
1075,394
1018,222
2575,33624
17707,14964
49981,417
10320,2565
120,606
26723,164136
379,417
17130,6054
809,4375
16337,12339
118121,158718
29095,2564
5902,157788
5548,4005
121,33788
11522,10216
11898,4235
14035,161136
10495,6211
36929,10624
1642,2812
136134,41022
10552,2250
12105,339
30049,156081
11219,9937
40440,5288
2892,168386
12,180557
13913,10092
108346,160780
5155,1716
21970,6162
23518,3366
41968,789
69848,10141
2115,5288
44373,6149
125945,207883
27472,7312
28430,212
25364,8201
1680,9663
3486,677
8011,388
63945,894
11707,14676
414,9715
96,12670
273,514
25872,9755
22434,254
110,15162
25087,9917
18894,4344
11194,8624
1675,1861
18649,1735
1542,232700
118098,14743
29450,10391
923,193594
11979,155532
21355,2325
2616,170087
855,222529
62,4040
46717,46952
13496,2673
10414,41401
12663,3045
10035,5690
14537,155198
27223,1873
13398,108
60670,1328
35073,161271
34303,11431
49803,4424
9378,156075
11823,9415
6081,5439
10555,15097
37266,157194
128,210024
1921,5904
910,703
18551,2483
22692,828
10347,642
19101,5248
20239,898
27331,3203
22323,10714
61369,2217
18998,9715
29355,579
36648,14731
16306,9951
42633,163110
10227,3131
3133,10718
9519,160488
6620,9639
43774,12544
47819,155743
10803,4585
27723,9748
18502,201986
644,3205
9479,1991
10215,2486
8818,165727
30950,174491
11455,919
8198,1808
2071,4585
43897,4302
9348,11190
49397,5343
29154,41525
10782,8713
16085,4344
27098,7464
248,947
83718,208467
29450,7492
10874,6956
1277,10850
24066,221945
4497,13014
10537,9844
346,4402
11319,14617
10925,2452
10314,166250
4248,2626
29437,158303
14821,5034
38772,41351
15121,1956
12665,7345
10622,779
12715,188933
2832,156507
10330,41591
1807,1517
764,157466
760,2019
10836,1155
38096,14819
10377,10909
144,1566
9980,4063
86600,470
8356,10712
262,33809
50066,154855
2112,2671
1024,14534
880,460
27813,226583
18513,3713
21866,9673
2163,15381
49806,10235
249358,6149
30202,177201
814,4553
43340,9673
41280,208433
10747,207928
27271,9748
42245,5332
9960,170336
138,1299
11129,1361
11624,9344
9772,378
50797,1157
11886,11525
10607,13142
13768,818
10449,18035
12779,596
23001,1010
8697,409
36536,15275
41774,7412
10046,15001
9391,2406
9299,744
17711,196726
1538,15009
11602,10818
19997,2801
12,179431
42739,13130
10480,168658
24936,156390
29451,14999
13698,6134
27625,1299
23159,161231
52362,10163
11237,223059
41076,4344
9331,840
2841,2564
29396,3598
40160,199076
10145,15261
9461,156159
10945,187056
10981,13001
1049,4402
12230,10336
6947,233324
26665,2150
30159,2619
15855,2199
35371,9823
53426,801
12276,3739
11373,1562
35073,10022
981,11461
409,1964
18129,9937
742,3469
6619,110
10606,9937
5000,34079
9769,6149
194,366
10673,4373
1370,1375
11371,159413
7442,155750
1712,5735
10513,9951
691,156095
23730,1299
9544,13005
84087,157912
949,9812
17612,2483
9385,3035
658,156095
11358,798
12764,10685
691,3289
37036,2652
11934,417
2163,10738
693,6188
23132,836
992,10499
818,1375
24452,155806
4105,233
38953,5319
1687,157974
796,2150
11678,9356
2264,13059
9576,160423
23438,206184
43307,40895
2277,803
863,4295
667,3272
118121,10181
2045,168069
90,387
8920,8133
754,5572
19698,161266
17130,11612
101,9748
46286,6027
31995,233409
16234,161675
12140,679
228,6027
8358,155746
3934,33625
20,4225
10461,5593
4481,1872
15762,10292
44925,10183
11187,180691
400,801
26603,5629
9386,795
12777,1605
12664,13008
293,380
11621,10229
5709,986
11353,2793
8392,195269
2124,15106
11778,904
10860,531
8698,4197
837,236
8468,1416
51182,158436
16198,188849
530,305
43230,41594
561,290
10330,163069
14464,5490
820,34079
9444,158627
16113,10184
10571,815
10935,1502
42726,33476
19731,11034
9874,836
10180,3230
17168,9937
12477,1956
14275,33910
45520,3800
8859,6054
14874,10226
47866,1508
26282,185077
8413,223504
269,90
29140,3986
44373,187844
539,612
25502,2176
1051,2013
9819,10163
29154,6009
27723,246
36220,13031
13704,155232
711,2132
124821,41393
2091,571
783,6193
1538,163656
15171,11477
11,178710
13778,5561
12086,9137
36054,12203
85325,2135
55306,184503
346,208244
17494,12670
1049,14819
8689,18266
10328,163512
17467,156456
948,10714
11966,3338
103,9622
21525,897
122,173700
10305,931
69014,1010
10663,171559
109,928
10323,33696
10545,177894
9560,191795
44289,10738
711,388
1391,534
1884,9882
37044,2024
9880,13130
153,187056
33518,223059
646,1317
9058,815
648,5600
11905,5987
843,596
422,495
10160,1299
12528,155180
24,193521
11107,1482
14506,3497
10592,10685
53151,10183
77571,3423
696,13028
10649,3859
14136,12393
2107,6340
43230,14909
17130,33922
52735,9815
20849,12670
31597,11558
15764,13028
28501,34117
44326,9748
8690,10292
17102,15032
43799,189131
35614,2011
45878,888
8665,6790
19797,10199
576,240
103413,5331
60285,163188
27945,162776
10122,1432
15074,195732
29267,190475
25389,227562
99479,5565
66634,157906
29723,9878
2887,17995
9745,10115
4836,3391
12721,797
1774,378
26306,2070
31650,6038
8374,11018
5544,2301
36947,2833
839,10332
400,2708
48864,255
5511,226754
10480,10322
11416,12337
15734,1316
85058,8681
13433,10183
50363,3282
16328,11106
643,14837
34614,18321
819,516
9282,8233
10987,6158
10161,5565
62124,1156
39043,4995
1073,1812
18415,10183
1725,165212
5558,3679
2669,1889
9352,7868
14729,380
2742,10183
431,2847
1966,10198
41280,1936
16636,1415
627,155936
623,159817
12619,6259
26039,3859
35161,181755
43715,11100
48864,2483
3536,1956
39907,3434
15560,1432
15602,1495
26617,196600
43116,14857
884,6158
25237,190352
35638,6373
1024,1328
15278,5135
1576,12377
11495,657
10955,2708
58372,2754
846,1603
10510,65
19204,33505
40718,9673
58129,169878
11929,212643
10440,5340
53426,13125
18555,1562
27099,10200
25768,209197
36915,818
45598,156181
12615,34094
11844,4580
10557,5600
18995,13005
36220,13194
11368,1157
31640,1721
20009,171715
31868,6029
23160,207592
408,3758
4488,3623
903,526
3061,154802
8068,139
46814,1192
9473,203175
918,1338
22490,14558
9443,2606
10567,161186
14242,240
65632,12100
2770,170821
811,2725
11712,1530
1818,155845
10166,2161
10974,2096
36196,10183
19157,2570
1375,5401
9451,2598
7227,14785
11547,10776
122677,9856
121923,12425
10305,183886
11595,222423
24152,8201
11959,4325
16220,4458
23916,156153
27103,1862
28031,187056
2182,6388
10634,8438
14291,5561
11022,4927
53765,931
781,732
22660,15162
33521,3133
30054,188017
698,1828
880,570
964,15381
105,955
8691,14895
25431,6038
9692,5490
34582,4461
9268,1562
11937,2163
9452,6078
26398,1299
9889,8663
49981,207268
29756,10112
36362,6917
50008,5565
16938,12339
595,6145
25690,155262
11590,219842
11474,155735
1792,572
9769,13130
12102,15160
90762,4458
983,3202
14347,3182
8010,242
10511,14512
53150,9663
17818,4344
16241,7904
9659,4458
22797,7464
21059,10183
10355,258
43436,1700
11966,10051
15789,2032
161795,156104
28377,207844
13505,198955
40969,4902
10212,6092
9407,9826
7229,18354
74140,187056
72277,5997
4543,2875
9314,8202
11414,6062
2912,9829
11052,1721
96,193507
41090,974
38772,3688
1368,2535
21589,10183
2502,18522
1408,911
14002,1551
14249,9748
10635,187416
43787,191079
45220,236
27030,9886
10987,34079
12499,11733
9540,13059
40842,191433
126881,187056
40961,15127
29514,12377
6114,9714
9472,12988
430,6587
984,188944
1900,279
10869,2918
14157,9937
467,2147
14136,162463
13321,2349
12088,2964
1634,155582
11516,9970
508,212
1391,209987
9560,9673
18892,197077
23832,10468
18698,171570
30204,2041
8467,9864
337,3737
1398,10128
12149,290
15802,158713
34276,187844
106,14915
198,2652
199,505
36447,14534
39209,10322
28431,5515
38219,9717
11937,10941
11864,5385
11583,159876
26766,33885
41801,156772
121923,159783
594,2568
10134,2964
1688,14759
13911,190797
9800,1417
1791,818
17467,14819
40206,10685
9366,2148
28942,206850
36536,158071
66918,6149
114,996
29263,167942
31995,236552
10371,7140
59181,15059
527,15237
1883,5835
3875,1563
10905,4721
869,3801
8468,6653
1607,395
25749,156802
10636,5625
13446,14829
37517,922
21539,290
10364,8805
12716,199981
4599,242
6435,10541
11013,10909
5549,14544
43715,208526
17971,8783
35796,4126
75641,190881
12117,3664
29425,11221
15300,174240
48482,2913
69069,818
18588,293
62001,701
18491,10046
10149,10183
27332,10683
26942,5756
23449,10450
803,434
47817,6091
14621,11733
32027,2348
12583,4197
10279,157912
19,14544
19209,160071
16442,6091
137,905
11481,222
13984,206850
14664,5958
41090,192655
31527,4833
21041,2187
12527,3230
13597,3098
10705,161257
1816,41260
2669,4414
11507,9732
43885,180234
9610,1938
553,2822
95,5600
1955,163075
94666,490
1627,170161
11967,1559
11584,5560
1421,2336
1588,6270
4689,741
21,5349
20246,1992
10987,13005
15144,160140
1621,160497
2675,192962
12278,2463
14040,180491
23160,156800
20367,11546
18993,339
29204,176096
2362,34117
25768,238541
1574,165675
41059,160963
17814,156257
10995,2692
40876,187056
22307,203579
31657,6091
22130,157351
9261,242
28758,2768
617,3185
165,951
22958,10183
6646,165369
42589,255
320,3879
22733,131
10330,3741
42172,161350
11934,10594
10843,242
3085,11411
177,2486
17692,158252
8675,10183
11358,1526
10995,207876
20213,191485
43417,187319
52959,207583
10925,157893
989,3061
8738,3800
16234,193544
34288,10794
18047,6564
24650,2301
84116,10183
40723,3133
42254,4258
10776,6946
163,159490
21915,12392
23761,4636
8336,255
8413,2483
8221,10123
51242,157192
26774,2858
36040,3593
40633,12990
623,159793
657,3269
238,1872
9563,579
4551,5718
25719,3713
2210,163957
66473,4344
10668,160488
1281,5372
58902,3713
24679,164880
34614,11665
11477,10226
30584,10982
39231,165547
6643,1556
48482,1437
11210,2041
25636,726
198,11109
2749,211703
16314,193544
11863,5340
24402,9835
1816,6415
11395,65
178,14819
9277,520
9977,2020
18835,10873
11051,41511
29259,10685
10012,4197
10599,2251
451,6059
408,351
16651,5565
44562,162810
10518,818
161070,11004
875,6091
21468,165643
873,2299
10706,5160
1645,10909
42345,4781
22994,11823
12090,254
11859,258
982,12400
136,215217
2042,9285
21717,14574
104433,157194
10866,1981
32078,9744
4593,1946
8970,209222
562,1562
9542,4426
37532,10183
9411,10541
925,4630
11629,12392
10098,165402
15395,2797
877,9826
2769,90
78,6017
38729,221189
405,3737
28679,189921
47502,187844
31023,3569
9299,158763
401,856
8393,18034
92298,215693
1443,14751
9905,2968
8831,175629
12239,11715
53712,155436
12634,642
2749,11325
13697,5522
8849,9639
23449,6075
9943,8680
12079,187523
2912,155845
9824,3465
9362,9743
13817,14964
12100,4950
30801,1321
22383,4812
49803,456
11838,5776
957,1530
115,200646
19155,14659
10988,34094
52362,100
11443,10594
925,1381
40820,9716
124963,717
36648,14735
10047,8698
8983,9826
11597,4290
19433,215267
12140,2964
476,2635
34584,170362
27088,171377
15708,11001
9716,1407
18079,11454
18502,201990
8016,208349
14931,155700
35031,3026
41020,156178
11131,160488
668,212
10531,13005
603,3074
14671,13088
12702,186411
31995,658
1430,279
7220,473
11667,15053
42881,12996
48385,11034
11349,18035
12698,2956
92298,2483
18513,10349
9716,165301
31696,572
9956,818
1710,2800
75,1704
4464,3525
11606,380
910,156091
11040,818
11300,220295
22707,3644
11828,4711
6620,2072
28171,5923
807,703
9445,13006
5683,10123
41653,174254
5481,236
12206,4399
105,40850
9093,3930
36447,1328
11656,4402
33344,41329
24807,186808
13536,9826
13376,15016
8007,225707
9872,6733
141,4379
10697,2419
6028,207046
6414,10514
53150,1852
833,6059
10877,6149
2348,1329
600,2903
2057,2983
26643,5147
31593,11363
87729,9682
34746,7002
19426,895
29173,166735
11016,612
14114,1346
2022,15120
10514,1865
548,2725
613,2052
16980,14604
9945,224795
18498,616
2323,163976
48677,14536
9461,779
12257,6746
149,1485
608,2547
10548,155391
36220,7156
19426,34264
10299,234901
4951,214594
11478,2908
12616,740
42632,185426
10658,8012
14819,5767
84087,5565
10217,5859
20455,11615
27092,10198
14580,8015
782,2690
55457,225061
7364,168297
9679,380
10117,18522
41090,279
414,15009
9667,160153
301,4204
9323,8499
8067,572
26515,156075
331,10364
9352,220
10906,187056
1088,4678
47313,779
9666,41411
43751,818
2161,162365
2778,4358
9618,1601
8012,14819
35412,18139
31685,9995
14703,192391
1092,195402
11143,779
9275,2248
9411,14676
41280,4087
7219,293
961,6092
53119,10183
25473,1667
34093,163110
2275,910
11016,4129
14,293
25066,9706
8653,1317
565,172784
14317,187056
216794,41523
18939,163924
2019,2411
6279,4344
9358,11612
18047,579
4584,11109
934,8430
71140,8015
59802,2041
1846,4942
318,3096
9797,2505
172,748
12702,162304
10730,1551
9585,9935
10514,3288
3176,229184
15247,2106
12276,34079
11597,7136
36724,10874
24,10704
19414,1992
49980,10103
31225,155418
37347,179585
19101,14864
10157,5340
841,4743
1913,856
658,3293
766,41406
38951,242
31701,4735
21733,9767
24124,9720
17949,11454
17295,2020
40723,187056
10589,6328
4639,15167
11030,207876
39867,14805
9261,1157
12262,15162
43689,4344
884,738
38582,161791
36536,192839
42176,6075
39462,1299
531,155508
29393,7172
49671,161256
984,703
12505,18525
11397,6270
10174,6029
59189,208526
2302,2139
584,33885
24197,6149
1429,4232
29259,378
35031,745
493,5340
24405,10594
37257,9826
8325,10183
10642,207844
8851,10154
19555,10199
72354,6540
1918,13059
2163,9937
10839,6062
10697,4326
8012,9826
47504,8045
32847,2900
1403,818
20108,33488
1484,1468
88930,6876
15018,163137
571,14660
925,3772
54850,548
10337,160488
43079,8864
12496,10508
1958,170652
605,3222
11326,5570
702,157131
363,164713
11343,3133
602,9951
1694,12105
15389,213
30315,10183
127973,163072
21866,155291
329,911
24920,10292
10397,1625
10562,7098
28421,1299
35638,6564
39462,494
11523,5306
9509,3088
12619,10183
23160,158199
40140,14626
980,188922
9356,13149
29748,3133
983,4414
1890,1635
24130,209778
6917,156170
15370,9717
45218,14636
2675,4237
41851,10183
11510,8001
248,9758
91,10508
10855,12365
10683,6844
22386,6876
12493,554
25473,11734
11804,8506
9331,1812
10261,3737
18762,10183
642,1016
11942,9826
11849,1756
13188,5332
10328,163516
84116,494
28466,1308
13702,2426
43806,6165
11113,165279
78281,703
9318,6731
1213,1308
9359,787
522,2792
24153,12617
2176,2143
69014,3458
43436,818
99318,156221
168,665
3586,6878
50677,2102
18,11148
1619,15009
553,972
36536,12998
10734,186727
12477,1155
85160,11547
168,161176
312,10791
2172,1445
11655,2456
17761,1860
18111,168859
16938,1442
11474,542
10941,3243
42204,572
34376,3497
22076,14760
8468,14736
29015,9715
39867,189921
11855,1664
18193,155710
62001,180249
16508,6513
25508,10541
713,456
11470,14760
42661,6917
31465,167043
13820,10183
9825,11181
9445,2349
26205,5565
392,10707
4961,34152
4105,1794
25319,9826
18183,13027
23160,206978
3529,13027
27591,10183
1049,2125
17058,155436
7340,222314
45153,34100
39256,7671
24808,11181
8043,11207
14854,15300
307,236
788,4056
693,183886
8913,1909
23160,9849
44772,10229
11982,18035
10098,160840
63945,11612
159,1326
28941,8508
452,2412
9696,6297
742,1192
630,11020
21159,183206
12799,4023
165,390
62,1576
118,10508
9581,2708
19740,2504
10397,4337
10867,15049
31510,192763
770,2076
30194,720
15196,155733
634,903
18551,15295
28377,192170
50043,9748
10847,911
2637,1566
776,4029
24585,10538
9609,2755
9455,314
11318,8250
33152,10123
916,9937
20075,14794
6278,173905
2637,4949
2898,15162
3604,2280
11239,40897
13398,33457
47595,596
5425,14819
45139,10060
639,242
10803,4565
548,2217
76857,209063
10366,41414
28941,186523
79783,187056
27271,10183
8818,165707
40430,14626
43905,159845
244,11873
12150,6149
37227,242
28,34079
4539,9817
31510,3339
9550,46950
27450,6091
775,1566
21159,164092
18072,2367
10549,3071
10309,9403
20127,11614
18702,188649
34093,11190
27958,6373
18274,33737
37247,171219
23223,974
490,15001
26561,6876
72086,9748
11576,232607
655,802
11091,13028
1435,171119
26398,197359
3600,3616
11966,10726
26488,236316
46119,10183
69324,187056
12157,4168
48309,9748
281,15009
31465,10183
33138,237
33155,222915
45572,4563
9488,9823
630,6027
18892,10877
7340,1533
20067,14534
25283,3739
81001,10224
16780,14895
10823,11266
35861,34094
364,173861
30874,10292
1374,2111
334,455
21055,10180
10386,2106
9471,1308
12493,195402
2057,515
11078,3016
11622,1815
616,207928
2360,2231
608,2173
696,818
18079,207538
31589,180533
24918,186378
18983,11100
337,90
2758,1873
11153,279
28295,11798
10349,188989
10502,9673
38545,10183
11929,10041
1369,6091
5425,9826
134,532
609,3350
7227,14789
55,15162
507,1953
65015,191828
10726,271
12237,10292
907,3691
10907,3024
11370,1465
597,4210
55955,9673
18041,3616
10480,168638
427,17997
16281,12377
28774,14512
11030,90
823,4565
29449,6152
11884,1826
28295,255
9555,209619
14664,6149
17466,378
13573,9840
11898,161506
11557,171612
16606,8132
16427,2356
22999,2905
635,531
261246,11011
20640,12193
69851,514
10130,10787
11426,1668
755,163795
26306,6075
11113,14514
996,4617
4507,3182
9425,10158
43103,183126
26204,703
4241,10850
12662,10292
6440,596
25284,166631
17139,3683
10805,2334
12521,199551
11942,10123
10805,155490
9684,1416
9456,34079
616,33564
41059,221692
69014,188991
33644,965
205,14624
28295,2483
2721,6086
10733,1556
41280,41404
10683,34094
28026,3993
132,6029
18148,3734
11249,1009
9964,18510
42218,214997
9292,716
19997,6298
9378,6095
38939,156081
42604,33494
21612,13092
702,160945
13820,6158
15842,11857
16094,8508
15278,8201
11071,1299
42245,33688
1433,9748
11247,5921
9663,9951
204372,11722
10281,1889
36536,155497
615,835
13821,5301
9683,40895
12149,174203
15080,2755
14776,15274
136,291
16297,41267
13681,180494
759,1802
12698,181565
9073,4676
694,6262
1680,204975
10493,5657
11509,222782
11005,3929
1439,9920
26670,9249
34376,34130
23954,14964
10046,155573
27545,11677
38151,4648
26441,6075
788,970
333,4227
18172,10081
25842,180975
8012,10391
14433,9917
11164,14751
4995,5593
13466,8232
1277,5166
43892,4344
32037,9826
9344,1525
47890,10541
25749,11221
8690,11532
13912,3616
15421,2637
15104,10183
11507,158436
47500,10183
1040,629
11713,10044
869,14759
28120,13065
24559,195784
10603,409
48958,1436
11397,5091
12627,1610
601,4527
1555,9986
113,1531
14462,2952
30177,212739
11576,3800
10569,974
11215,2751
3173,6054
43316,157799
27429,206850
17614,165614
2762,9826
1725,33699
11024,6101
2048,209714
31668,1956
9451,9986
27150,176625
11429,226430
11418,9935
9087,33476
36759,14604
670,159544
8224,6443
37302,6548
69977,7156
29735,10092
9692,8556
120328,11513
52782,236486
751,3877
41090,1812
8487,10028
9100,208787
48958,155881
12257,3152
14844,1568
6970,3094
30890,966
26517,192241
24807,10594
291,387
1591,3061
2263,5600
12149,6255
9377,6270
9645,2799
11524,520
15300,174244
112,6277
26124,10085
3031,911
9016,4418
39314,11431
31773,191789
12140,8498
9667,182223
10029,2483
122289,11296
6472,3635
11484,2964
9717,1329
11318,18130
39867,18082
14439,10123
37691,10756
1641,13027
24982,156395
26325,207767
6382,1321
11462,10594
14874,207819
621,159953
11206,6149
4477,242
1918,5598
707,3528
11361,179565
65501,4619
39462,189223
377,170383
553,2826
936,159560
15283,33577
6646,6956
9889,2064
28431,10325
12715,1530
19101,13014
10217,10909
23160,6092
31220,193173
2493,160358
665,9748
42218,12070
11001,1384
93,3012
11300,242
9266,1668
10725,5340
27130,3136
247,155436
3981,4769
10022,33564
11033,3182
192,161257
467,6152
4415,1936
174,3012
27591,1299
981,12193
1391,13130
6277,1812
11508,10235
10081,2149
19884,10183
26958,9663
1368,5385
605,83
105,11860
11546,282
11293,3036
617,3189
10372,5331
10525,6496
10414,6483
27327,4344
2099,6220
18764,162153
20322,10183
9824,1562
851,179367
36648,14926
9581,13072
32308,15149
10102,1240
12079,10183
39907,836
2457,207716
5757,11800
195,211269
11006,3582
916,703
9739,853
845,167020
15421,185458
12528,2138
11091,1566
2142,14819
36210,5202
9798,1936
10685,18525
12664,11512
7341,161320
9491,155531
22650,9727
10805,1342
42449,156535
10569,15363
16562,9993
24341,33630
2978,172320
10613,497
899,478
32037,11733
15876,1956
25627,703
11247,3640
2133,168676
39929,2483
10474,6782
10636,12663
44932,228752
166680,9993
1371,5394
11307,5885
37557,2682
9103,8406
11299,14675
2124,155812
26201,12988
831,3243
1585,5571
3989,3837
11955,536
4927,237
22434,193285
11821,13005
14022,9738
9282,642
9610,234213
96,18021
24774,173990
1281,5376
772,242
10402,2269
11423,14536
18220,190370
12664,10707
31703,11221
24679,164884
65,704
25237,2652
16314,193548
90,188933
466,977
9584,4108
11414,10685
38880,11508
10657,14999
9011,290
18923,740
45712,207746
10386,6054
21137,155418
161070,1209
41946,14577
5257,184017
1958,13097
56715,186760
32499,10644
18148,5320
10518,9682
10750,949
11444,4794
27029,11612
790,3799
43340,11157
41115,10596
2142,9826
10683,1156
58455,185268
979,14707
11427,1009
540,158718
1892,2280
41848,9663
11120,6987
18172,579
39113,65
25670,12193
957,1400
2017,1621
11633,10046
38921,817
890,1201
29478,180523
10363,3180
69014,163758
46798,1900
1641,9457
13945,7376
10776,5340
37257,11038
4593,5333
7219,12377
9825,4204
260,1491
28,10403
9769,33513
7450,9951
25993,15106
38545,18453
7514,635
43522,209476
61178,1556
15037,8508
802,4130
23728,209777
11775,387
3062,33926
27437,9639
10987,6406
524,383
32488,11677
1492,6453
10014,3030
25241,2495
10416,9951
1376,9457
405,1647
9415,41249
11775,1326
38096,572
6404,3799
45335,162954
10228,210024
12095,1010
9824,41376
45044,190370
49069,4344
22023,2286
40842,33585
42407,159608
6440,572
34783,11514
23160,215061
40633,10229
28105,10090
10009,4375
135,6029
43279,15248
32037,458
13702,255
17281,90
784,208349
27265,157499
28121,12532
11657,90
42599,6562
19957,1400
41759,15127
10490,1360
43874,90
527,1551
14742,10326
10604,5331
33796,2906
12716,10508
140,6054
28732,15363
57447,217115
36447,15319
75892,596
3574,242
5651,293
16232,1480
429,801
13852,178107
95548,156064
1487,9665
1913,2336
16155,13142
39907,1938
7863,3344
40841,2407
644,530
22021,155760
18885,206696
11886,18165
10354,40956
872,164628
121923,11734
63945,2675
26959,10100
11542,293
36851,189126
662,1706
12610,14675
10587,7477
43715,4477
330,223059
18561,1930
12652,965
38,10937
8043,13008
9462,780
32227,11870
48862,10183
14245,9663
476,6156
9352,90
10344,1706
24182,195197
20024,258
24674,236
2897,1582
37272,7658
31671,200529
15394,4227
103,1523
43132,10900
9439,570
176,157376
42254,237
10390,6075
9070,203224
521,11020
33525,10536
2047,15363
987,918
881,3012
33766,162804
12143,570
9479,207317
43150,33475
105627,171594
2124,1664
17264,10349
8697,3800
26564,5565
14886,167043
18713,2601
65,18021
2290,835
10330,6270
12608,13008
26581,4379
1359,6259
18196,6154
10569,10183
22625,3691
1448,5504
29107,2804
12208,2051
27804,727
10881,4565
9769,7312
9584,6149
5460,9663
35200,11933
671,3335
11676,168736
43795,6118
17132,708
2752,5906
5491,6015
10237,5444
18727,14999
5544,155518
435,34161
12623,6145
9473,6778
58102,212738
37636,174420
11165,3365
924,4531
1392,33485
845,167451
20156,2589
10261,6506
8005,12380
27549,181213
75490,5905
19673,33348
11352,3203
22642,6553
23160,13073
28658,4344
11081,5340
2108,6270
43391,2106
701,930
41670,242
85325,18090
8850,2336
15080,6382
9605,165749
9663,4129
9840,815
14585,165288
9104,186447
42740,156096
36943,1671
870,207662
42218,3186
45572,13130
31220,156181
18975,10873
25508,128
9470,10391
10331,2602
11015,1299
10643,14828
11123,1545
37094,227588
851,13005
2637,818
44373,14964
11194,10084
696,193682
27601,9715
8850,242
14245,14819
429,2708
12721,3436
21734,9826
15136,155531
36670,156095
14425,171692
96712,6300
58902,13008
4488,15227
329,1720
497,156597
11313,170592
23160,155625
34093,293
934,159846
10803,1373
11862,1009
435,2215
42617,167861
140897,10714
762,770
32054,11159
102933,736
20357,9937
246,4342
8913,3739
922,207928
2057,572
18168,14534
45145,6027
2770,572
12484,176585
9540,7375
33278,6506
11590,6075
145,3679
10372,4152
10168,156803
5503,9714
25330,6271
23160,41665
10330,155722
58997,9951
1413,164920
18072,8974
8428,1002
2898,10226
2362,158340
24153,156783
2275,177185
8838,5202
19157,196727
984,14828
10573,10941
2749,15009
5991,156386
26517,11221
85837,13059
52277,18049
2749,6149
12279,2434
12493,180533
47817,2956
9660,3799
10726,13160
10938,33458
1907,6262
1903,4563
624,3306
23160,4108
623,160362
4825,156866
9573,8440
36914,163069
11676,3016
26748,193282
27414,175388
10882,4152
8689,208048
21309,6149
1024,1523
8374,7375
1783,10787
24584,34333
10285,10738
33472,162630
18555,818
11249,180691
27070,157204
6917,156174
10497,4115
10882,5091
15417,158026
687,3012
10992,209714
11236,10183
82432,526
31685,818
601,1872
289,1631
1370,10511
10569,4735
840,2227
20701,9706
28236,6029
32850,9748
4816,2428
8220,41592
11859,4426
1639,10617
5925,9672
28289,1960
1418,739
9271,9819
14112,1326
30330,156202
41428,4565
67342,210229
10955,220
8219,237
11856,3800
28732,10183
3080,41613
62000,33756
30500,966
1682,5698
11547,3616
51394,10873
167,14781
16442,4595
244,207583
10001,2309
3077,155489
31504,1480
17132,12414
11937,3513
21413,2486
9299,10714
310,488
4291,13088
10925,41603
9357,167310
40842,14768
9453,12420
19169,3473
28313,4056
98,14704
26225,8442
17667,2815
32020,13130
19555,15009
30204,9673
28580,1333
22130,2349
812,190536
24936,188991
11898,2125
95548,15232
31906,9937
563,13065
34130,14819
10022,10372
8289,3278
16992,9673
3131,4452
9499,14819
31527,5565
42848,3018
22130,255
10310,7024
83,843
1913,206662
26774,14999
14741,4326
31941,2957
10404,6038
28046,156081
10843,11578
1090,9826
18041,222173
36006,1582
44695,2426
28198,394
44591,158091
11826,33688
671,2343
1573,818
9374,931
11949,6027
11895,271
389,2124
32872,14602
36056,128
11355,520
817,591
36536,10103
10035,12090
13193,10683
252,4344
1415,4959
22004,41352
31923,2393
10163,2552
103488,209714
53879,12354
38721,11677
24264,160137
2171,5767
47957,176182
9663,162359
2654,10941
4985,579
321,494
9313,1400
5482,15127
8408,12377
1936,207928
37094,168152
19884,1462
27007,11614
31509,189397
16072,179585
510,6089
10652,14819
1807,12105
2024,3074
762,3966
5521,10183
7007,167618
31703,206850
41225,213194
287,1686
846,2766
14135,977
30502,176425
16448,160528
33676,10081
621,165137
7090,9859
33831,1734
1126,14751
10894,9957
3059,171366
78406,380
12626,736
23069,10084
1718,2831
19,11222
14269,155278
55848,177129
6414,1284
604,312
13685,15274
5051,14531
19124,3923
40876,242
4481,9748
339,1785
7520,242
3309,1946
40072,6075
596,18011
1435,9457
1680,159099
911,5600
1443,1228
8463,242
47697,204703
27059,156205
18161,6029
897,14636
12208,388
916,4009
31923,10232
1957,155501
623,18107
38987,2588
34152,3017
9740,9937
17130,15300
2332,4668
5991,18453
607,4751
26610,11004
59181,13160
28628,169590
8764,578
488,1333
608,83
312,220
125123,9180
11906,162807
2057,1808
11030,5571
32872,18253
20325,4344
1966,1241
4952,9673
2501,174617
8007,18543
10518,10410
48035,161534
8810,12365
833,158390
10216,9410
8675,445
47653,40950
430,2139
617,213
28292,246
14013,213118
31995,174815
1716,2606
39907,227419
8078,9951
9683,14751
20417,9401
983,1332
10127,7658
8386,169064
17745,970
69014,212781
8393,8028
2176,1155
402,293
22584,159520
7342,1412
9833,164917
12528,3134
11836,3412
26564,1353
12599,4295
12149,187844
10611,160488
40353,235266
11024,1299
30949,13028
14671,208721
7514,4746
11417,1418
36055,2374
32044,585
42623,10275
1630,351
65066,163484
12281,201871
3082,33619
33135,14837
23954,206836
312,3737
803,13006
521,2620
27813,5786
877,2987
9285,167737
755,2483
16129,10707
681,174511
5549,12190
44925,1523
2666,185199
881,4411
31701,11720
4954,3543
8672,1291
22016,13142
312,1643
20681,10141
15992,156478
6950,8803
1373,290
11825,772
9833,2096
110428,235133
17281,818
16780,11545
48217,207928
13936,10181
14534,160190
41940,10183
11881,6148
11247,6275
33680,1317
26603,33721
11216,2793
8130,187056
13524,185006
20616,732
9021,4290
6037,1635
831,2495
1369,5774
1435,1565
8545,10229
29347,191346
38006,162327
11338,782
16209,236316
5336,161158
36372,9937
3767,195402
16306,9882
11191,10183
185,3676
9255,9755
41730,157775
23531,10738
10823,11083
31923,13078
301,1419
4241,10183
10222,3434
10692,10984
10285,10714
96,226429
9659,6239
24711,33519
2666,214730
3989,164889
21666,10361
10776,165319
213,15124
28313,2393
10747,797
425,192918
687,3927
11513,13149
19379,10364
15961,792
32284,246
12476,5540
11249,184989
14442,818
26710,17985
4952,6103
9325,11477
11030,11800
8839,189449
104,220
8046,1936
3132,185702
15319,188181
8052,7188
568,226234
364,163074
464,2317
11164,5440
2323,6075
16769,164724
42617,160400
70709,10391
15138,6054
29425,17995
11787,1155
11601,2340
36850,10909
29173,2768
10440,10183
26198,2652
571,156037
8649,732
27324,12105
17915,1691
11527,128
43143,187579
1956,1333
1573,8015
452,12996
4628,2106
1923,9826
10314,11870
69605,10644
34276,7422
29512,2483
12138,159449
9772,41249
423,2652
10637,160910
1694,10125
16437,2483
32302,193551
1610,13043
2493,160362
31805,1629
107,398
10518,2652
1626,90
13,6054
39179,2887
2124,11036
18885,14751
12590,339
16103,795
18692,207717
2275,703
13440,9937
9696,5927
2749,14903
387,226476
10110,170026
42172,3880
2116,15160
16435,738
8427,187056
9462,5964
4997,5340
16248,5774
830,13031
660,3345
43117,1612
692,3444
31083,7169
483,9844
10998,9937
1370,2111
9266,8438
28026,12670
10604,1200
43774,33496
14638,155436
29710,6917
15393,18062
6016,9728
5179,10483
840,160754
3537,1691
1628,4048
15096,191132
657,110
30348,188959
19742,176038
2107,2136
699,212
31948,339
11099,5306
9819,185263
839,227043
11966,14544
8068,154889
44662,192772
11929,18047
2042,515
14033,9844
77514,549
11446,10183
122,609
1362,619
397,2599
4628,3529
33766,13088
19952,13027
11697,75
12310,4315
42193,4107
12520,437
250,3817
623,159801
42114,1299
36094,171445
40814,549
2288,5091
14874,9673
12149,10260
20713,11106
53198,131
5511,5823
38800,15225
31592,10041
44925,187056
306,3016
876,9803
11929,33457
10872,642
16314,193552
1572,177309
1959,1738
30125,2518
782,4040
29478,3451
1600,161891
9825,158169
11040,3591
59138,187056
27197,6706
1373,587
24825,10278
5879,4342
990,199050
18975,216919
38714,168346
25208,187056
5146,591
244,5571
11365,10180
11314,33577
9821,170786
14615,195402
857,11108
1716,4326
10859,15167
1645,529
5920,167043
18904,13088
11527,2035
18971,10855
8052,585
9660,339
634,212
984,1919
1831,237
42418,1956
38018,972
48385,238589
31906,187257
26,12993
37135,9109
890,11004
3114,185441
24560,5332
314,418
9064,18129
1607,14687
12530,936
9404,5657
43004,11018
30789,1585
12102,4056
2290,2315
13550,10666
11374,3586
278621,210026
993,642
5966,15478
31945,155538
93350,1415
31220,10787
8468,2636
875,4355
646,18268
9208,215861
11938,9476
10142,2959
70054,187056
5205,6075
1039,2690
600,549
52036,4118
1607,700
279,18267
841,616
9082,11064
47364,161176
43774,4262
3586,6805
44662,233
34528,162365
23114,161506
10655,166464
18885,6054
29259,33808
8016,197619
12530,131
22727,1299
75,2867
19460,13027
23001,2043
21484,5340
8358,911
1282,10183
2722,14534
55309,6165
2576,1739
19426,207697
7227,226153
42724,197950
3598,4558
245,9457
28200,5933
22522,392
4879,207046
12698,170457
11556,534
69014,8646
8843,18130
25430,6078
17832,5295
12102,1157
9085,417
9666,168643
38509,246
42048,10183
41280,169815
30707,9639
19698,15075
422,776
703,2835
42807,177695
10731,4508
42459,229685
49763,223059
540,1862
744,3777
6183,167043
9540,170521
1369,2956
6114,169620
45153,12335
11596,232999
40085,13088
24922,14819
2264,2065
18502,6158
9064,157782
10882,7376
10361,8803
28415,233
24645,376
504,34265
8072,4565
830,189115
18168,3182
9574,1334
11010,3344
488,2516
22490,15160
11966,720
3010,1956
11560,199274
8007,12371
3059,279
34376,525
24182,195201
22067,14534
32023,9826
12684,818
11867,175530
11599,8662
3063,407
978,188
8690,14895
10646,8070
872,9732
11414,207981
226,208799
12531,6038
10447,235648
10439,3335
45139,3571
59210,10707
29507,10902
9604,15167
5921,10322
38018,210746
2749,1563
11347,6396
1600,172442
1945,1578
57575,8508
11522,6069
10047,4063
8698,160130
13503,6984
58129,167581
10603,5650
742,1253
20815,178712
10015,3776
928,2766
41954,2652
11319,4725
714,2051
16636,11145
106143,207716
1040,393
297,3684
16281,5404
52038,208383
43234,6165
335,1936
8859,2415
1584,6270
11285,14729
1040,3776
213,10562
21294,9937
24470,10512
68430,13088
510,1824
14881,163674
275,1332
9267,161827
10040,3799
19143,396
42172,5600
4437,306
117553,966
24922,9826
1483,181544
250,14852
15516,9748
39916,192962
26814,4344
10019,6300
644,3246
42995,9937
11371,159425
17965,161280
36196,187056
14444,13149
40969,9826
11319,10336
5961,2637
52758,195402
9477,222344
2144,207268
12140,907
48385,8627
128,10842
10145,697
9833,246
11596,6152
509,2565
10571,6170
2924,380
9602,210589
11804,6152
9833,10045
32847,159313
9028,75
42418,230873
166680,157168
11228,5369
954,6104
24005,818
13528,8250
16858,33731
14874,207583
70,5212
16052,4344
204,3464
26425,10883
2110,6297
10176,1706
36536,157384
540,10185
19157,407
19094,10183
435,2219
10204,385
23378,4344
9662,8633
11532,180549
3509,207268
14905,1661
11469,189151
273,823
6844,3038
1792,12396
800,157799
18317,9673
244,14512
2771,175339
19545,159099
36243,9027
13505,12361
9659,3450
692,171636
2275,1402
646,3289
140,744
3090,33344
18502,2588
11351,5905
21779,207209
2123,179430
630,4344
27277,3713
22614,155697
9824,192389
9027,187056
45878,157171
37165,10328
2005,6029
13446,12987
45938,2483
28120,6092
41944,572
10160,220348
31980,1809
505,2547
9208,720
94794,34079
19,14796
49410,167043
8619,182671
6917,156178
25690,293
1968,828
4984,1522
314,849
9311,10794
9716,174116
1484,6148
22,5600
54156,293
41801,10768
15613,9951
57283,154802
77010,157351
11535,6234
9674,9675
8011,242
69234,9714
41852,5521
10774,191509
10222,779
247,1589
18,3801
10549,1872
17962,10937
625,9672
16420,931
26723,164124
1411,1664
44932,2340
14698,161698
8357,10902
12618,12617
114,6054
275,10594
22023,14964
237,596
940,236458
10387,4691
2895,732
11463,15259
9102,312
100975,194998
16234,9715
49792,155954
1391,7312
25898,10324
29264,9887
81048,159339
1958,2123
193,10988
10495,12965
36658,1852
53939,10235
10708,3836
59051,10093
12540,40905
9545,162014
11866,4718
10166,616
21137,4470
7091,10123
11602,41329
60672,9826
11455,7189
11219,1415
40364,15001
40841,14735
11308,258
10305,9937
11644,4881
5781,10183
60670,9826
240,4232
11336,798
9383,14760
2103,156039
23160,156597
11878,233
1632,6399
39770,572
23160,185644
205,14819
11596,3521
13403,165612
713,2692
10428,160840
26954,187844
32600,14765
818,179431
16172,9673
38251,2041
10136,217083
53049,187056
15992,158763
11143,6211
466,2380
5143,1731
5961,3739
691,3464
166680,189411
54003,1812
11773,14744
29455,1442
11091,1009
43117,2340
20391,6015
6278,173913
8219,34094
14557,171401
22733,9727
9455,6149
36586,14819
89417,172365
48385,13112
55146,8015
52794,15162
21168,11004
29698,1228
12806,658
44326,2539
8438,207240
15789,166475
9545,14819
25224,208703
11013,236
37108,161155
38722,2356
26234,10714
830,222915
2007,3737
10776,41267
11569,161208
11866,18034
11704,4639
4917,4458
6016,5918
36648,166720
7514,11487
14334,158063
9820,168211
41828,9663
56583,1003
24236,156810
37094,1013
8675,187056
8879,14819
43463,3607
1999,5982
6114,4197
871,2831
9604,6149
439,918
23986,14629
121,1964
2981,12616
20287,167580
931,12436
30996,10183
18203,1416
15560,14626
4192,207046
10592,577
38714,4480
163549,206850
26561,818
17813,9673
117026,156033
1405,4258
2501,3022
42538,11001
11697,14574
43889,238211
18776,12617
9671,4728
15389,10183
2142,11363
786,180413
32646,202579
42879,33564
79306,9935
43306,3203
318,2246
21060,1013
17421,3994
221917,14985
11545,6521
42570,1938
990,1010
9666,13153
10404,8754
1075,13027
708,233055
884,4426
8973,173162
115,1541
10627,1617
28430,10617
276635,612
8469,171400
18892,18001
10909,736
549,242
53157,14798
1791,12105
8220,157008
609,3358
27609,156331
33430,10183
9893,10791
711,213
11224,173003
17185,840
17894,11322
15566,65
36741,10267
26606,6562
11632,212
35073,8721
11516,33634
9964,15351
10223,5332
11051,4690
6072,10508
3782,1010
265966,7851
10754,6148
31602,798
957,11931
69014,212785
1946,3088
78208,380
20348,3800
11027,818
36586,162177
251,881
27793,2343
695,697
10429,11615
7091,160059
11966,2708
11572,3704
11399,187056
47898,9826
1884,2486
7504,192050
40206,1919
928,2526
12639,2284
10537,41591
55059,170116
11030,14569
754,9748
489,11268
45874,160799
575,13006
16417,18118
62204,183414
49565,182135
9473,8636
54396,1879
95,83
11564,10768
71881,161307
25768,188351
34376,2863
549,726
482,5600
2348,642
95,9882
11090,6021
310,9649
316,5809
786,922
10228,169816
13122,33841
1885,1439
33155,14735
22572,9660
709,156095
10161,189098
3175,157788
10513,4812
18148,10508
16448,5900
10482,11475
11610,13043
11471,5638
166680,2483
2061,14964
18588,1326
12489,2619
20472,155618
571,3556
40353,1523
6187,3182
38126,181304
5511,10202
25189,208709
9602,5515
601,3246
43103,1415
18502,33705
11551,156337
11209,6093
9473,11214
502,2528
20127,14818
19590,1415
8092,33457
16508,1691
77936,11933
78281,10941
23615,4319
8867,10391
13199,10726
31395,10988
5255,1991
1373,14765
9764,4271
84116,221393
13321,156217
22423,206515
38,931
16172,9970
10361,12564
29239,2904
11099,8075
26030,191308
10445,4327
30159,1936
60555,15291
14282,233
26246,2323
23159,8681
27601,10768
9611,15479
26278,1382
16235,10041
10608,169086
18910,214655
28463,3278
9980,4803
3132,33705
46717,13063
377,163841
9626,8828
15393,6844
18196,10135
31923,10049
2018,238242
11858,8066
11145,1019
19259,173644
2323,818
10719,34154
44559,5565
65203,10229
50031,437
9378,10909
37136,167316
14746,14735
52633,14828
159,826
707,1308
10547,41338
10734,208992
8221,3451
778,15237
11026,179568
18966,1909
11455,206977
18299,155790
564,2905
9611,33922
23945,642
135890,6625
10925,293
989,196096
849,161893
8326,159212
10279,161307
196,386
27088,11870
47643,237
931,172305
16664,10183
14,229299
614,1992
22200,9673
11026,2626
839,387
9945,10093
11489,570
10176,14782
12493,6149
9208,14601
9059,10842
13701,164193
10020,3071
14033,3298
22,3266
601,5958
796,6139
1600,6027
56235,187056
44373,10085
9972,378
17185,181112
35717,12420
17352,4410
41774,931
51044,2199
27723,718
18801,18035
11016,173297
4507,41260
2457,14783
2502,164148
11646,2504
9095,1299
39929,9712
50123,8099
9401,11454
26843,131
9560,9714
9945,14765
3173,1419
11,13194
9349,4188
693,2606
34456,9799
4486,158194
5966,173497
7341,10266
20980,15479
10697,193547
788,1946
9714,970
31592,41402
14892,10226
39141,10183
27814,11242
3173,2708
744,6062
28169,2483
24782,642
1245,1797
9651,195526
10585,33630
9671,5159
30910,10183
10096,1003
11527,616
8470,7188
335,3737
42658,13084
44772,6025
9995,936
2294,168063
11824,6270
25014,7202
593,1603
11307,4954
15136,157202
502,1402
467,2322
8078,803
33516,6737
26355,10681
15239,155861
124821,10508
4497,210107
377,171814
12500,526
24197,2913
16172,18293
116690,10235
1653,5504
11016,33457
1024,9826
13368,165643
117,177370
91076,163110
11907,3392
280,4565
42989,6149
218,310
640,172889
199,680
41417,166524
9453,2280
26398,15140
13763,1252
11235,33626
468,167043
15660,185927
20334,1244
22561,207567
24249,931
1370,3538
25560,9673
36583,6394
1493,4654
9023,158264
20759,2792
9296,184989
42142,2383
18183,213202
49370,163405
11656,5301
53287,12203
13446,1822
10668,2217
46691,1817
5051,2618
28907,1946
18079,9104
11504,162341
17339,2052
25723,11497
6282,1010
8346,2797
10725,1994
31695,13063
10771,4289
291731,4129
39871,164664
554,572
17831,4319
576,2940
36210,6044
44154,188
10127,162538
49225,6876
22386,33626
10373,6579
17689,33352
55177,237
48385,238593
4291,206977
4836,2708
26451,33501
31043,14964
9603,6664
117,14899
24402,11486
24735,165492
39197,10183
10480,168622
9804,270
9096,10787
203,1944
563,6092
10998,10909
5966,11510
24188,39737
20701,12666
108055,1919
23160,14773
40932,155490
17810,10842
12086,12105
1888,5875
12279,3650
2069,800
43802,472
1999,965
3085,165547
9688,13072
9064,13006
9566,178355
47866,155888
18183,931
466,11268
29973,6075
28288,4344
43915,470
23730,1852
4476,680
10623,160488
244,6059
35371,10726
6978,1788
8468,7312
14696,194424
25502,195402
3597,1328
37141,8508
9825,188054
3529,173685
19361,293
48598,187056
216,1157
312,188953
108312,2340
9394,3591
9619,1919
19460,3582
27042,10229
11541,393
15849,207662
17263,9826
42257,187056
20682,14604
13398,824
84087,13014
42086,9807
19169,195402
36105,549
9560,1956
11316,18543
23518,833
1375,396
1597,3454
21210,190763
44373,3616
10555,10336
201445,187056
253,392
12479,1157
5156,924
39929,15136
9669,189421
31510,184989
11336,10170
39907,5329
494,409
833,4193
21052,8508
12480,13132
11113,18015
12698,181549
29959,1618
43905,1009
17589,10183
14874,155291
42260,14514
480,220453
15347,5160
13041,15295
10427,798
5925,1223
26516,161266
110598,232898
3035,155489
11703,6078
17006,4507
9728,5767
10534,167861
11202,11117
12238,3800
14776,186507
34276,9951
48249,10183
10323,2035
32685,10171
8961,416
24807,161506
11235,5331
49981,190370
9741,494
36616,161919
742,2412
24,1938
28159,5155
11423,14707
12606,18035
18072,1009
68274,175421
9732,1009
1567,11635
7341,5086
10726,1812
568,1432
14580,6149
9584,7312
11649,4391
18535,162954
10651,6149
17295,6086
2755,182651
13552,9937
12662,745
9486,4308
10535,15267
11224,3071
11349,165271
13553,177927
26,2072
10377,6148
18331,14752
9835,10391
13853,183414
3418,388
10304,4595
923,14819
1824,2336
916,155453
11282,167631
363,192565
16363,155273
10954,164920
27367,3203
36914,6270
113,3743
17965,2867
123,10364
124821,209223
5425,13006
28377,3616
6037,155844
10098,183886
9033,11612
8653,3423
99,571
2023,3525
275,1336
10351,657
10668,10085
9352,10031
10491,4908
11123,14601
196,951
152,582
22590,3436
1277,3190
37257,2349
22478,490
34223,10183
11535,5970
483,2708
22318,572
11949,4344
2749,10561
12153,11860
10995,11190
11051,2974
9692,15090
36095,9826
10722,41380
33665,18062
18885,193551
10723,6054
9619,163398
36741,9840
35888,190019
222,13008
11656,166109
22377,2957
19460,40952
33320,210024
32020,14964
10400,378
16129,10150
9062,818
565,10541
60437,160174
8843,793
12715,3392
15655,187056
101,1470
18990,7376
216,970
1654,10950
2362,2964
10802,2874
32562,12396
14864,2492
30194,10718
8337,11479
30315,612
40957,169280
31225,34115
11123,14735
165,10738
29493,155490
11632,4107
26038,195537
9768,931
16617,1812
35073,12616
435,2223
11314,3676
967,2831
18133,579
1927,18034
7341,11181
36056,7439
37684,226106
11549,201456
2771,175343
25748,9663
11527,169613
59181,2483
10514,4939
9873,226499
10547,5769
427,558
770,531
31503,166512
40374,163242
429,972
479,15090
36677,6234
45129,187056
124963,18396
14136,6075
699,2070
73194,156578
23160,733
36584,441
5425,5919
63437,2135
1365,10183
43771,238096
19665,207157
9826,9717
7270,15300
26252,10718
29825,168346
36040,207476
22537,210024
1371,5378
19457,1552
45928,14893
28448,1415
983,41394
14662,572
36819,11728
10397,7464
2637,10170
9499,572
638,3297
923,3544
110598,233061
17663,13014
2275,6078
11690,9362
17047,591
9285,11475
28134,4953
6279,41592
24065,10183
26254,177894
875,10267
9325,13014
18129,203139
30890,9273
11300,14831
11906,33632
1369,1968
26124,15009
1213,10180
17689,3581
979,570
9452,207009
402,3737
14794,392
37233,208043
4327,779
44373,10329
37636,6025
1720,5747
14809,2334
43011,192002
941,15167
9003,6152
13581,9937
11187,206266
33319,5499
10694,12371
4488,793
9078,10466
14369,5905
13549,15346
20334,65
33680,33674
167,5340
10973,3799
31174,13084
39939,8233
14310,9856
13441,549
15564,156395
1483,157791
24808,14792
40087,13088
10644,6281
54794,13161
11562,782
19483,1612
823,4175
2990,6198
15873,14601
11852,1284
68430,9872
12498,170648
44793,5490
8834,1328
47889,10183
8741,7156
842,1361
1040,1499
10918,1415
11472,6038
19042,15162
28276,180523
26635,180791
26578,5565
150823,549
31600,177770
18002,2987
10435,6078
29478,12425
1093,155845
20616,6270
12662,201554
9691,974
24748,7464
4543,179431
23160,165461
2056,6054
118872,802
122,3301
12480,10180
55306,8627
1772,586
41801,5779
5228,6075
10869,179124
23378,156028
11308,612
9386,840
849,33974
3591,155300
187,18712
9823,14955
3175,6917
44932,1889
604,3219
110351,5565
890,380
1831,5828
11120,7105
49872,2710
4176,1522
691,3468
8043,6092
288,11011
9725,207969
30237,10703
9279,210191
11420,6078
22588,14530
23941,156260
6440,1495
2260,6443
2669,9826
245,6054
28026,570
24124,12339
52873,10937
31681,3203
27745,11053
12599,210024
53150,1706
49872,616
337,2062
34093,41404
185,704
1890,33756
9764,174638
15762,6149
10227,90
17362,1326
9062,171291
21128,12670
7090,173977
9584,10776
213985,6593
43442,9673
23069,157987
2160,3312
3604,2642
8834,1812
14369,1262
11338,11931
13783,2035
18535,10229
21635,187844
23518,160381
1816,163210
15395,236
16780,12090
24113,3457
22,12988
9100,170356
173,1316
29702,11039
38821,232783
10164,7188
18392,3182
15209,157303
4825,165547
8699,185281
14778,160846
2575,8570
29425,14673
19087,12090
10570,1952
51230,196500
37550,1631
2086,12670
2019,3070
468,494
17421,6092
764,157458
343,2643
27197,190446
30114,957
9509,15156
7219,189921
17057,238065
23627,3616
43119,974
36643,41185
12774,15137
10491,1956
30049,9951
11525,9725
10740,10183
25392,2106
10213,957
9272,170777
8665,4607
25473,167159
48677,10202
24962,1889
1816,9249
507,15363
10559,703
9398,167215
12634,9758
12634,3342
9349,2956
50043,4178
9331,14819
69014,181514
5725,3508
35200,179060
281,445
30588,187243
1024,2983
10513,3393
16093,11034
19448,1016
16180,1533
47724,8032
